multiplier,pit_transit_frac,series,race,strategy,class,pace_rank,seed,focal,class_pos,overall_pos,laps,race_time_s,stops,pit_time_s,traffic_time_s,caution_laps,d_class_pos,d_laps,d_race_time_s,d_stops,d_pit_time_s
1.0,0.25,imsa,Daytona 24 2026,fuel_window,GTP,5,496254,GTP-03,1,1,743,86352.16549078574,25,1696.9392313168228,795.2,192,0,0,0.0,0,0.0
1.0,0.25,imsa,Daytona 24 2026,caution_gambler,GTP,5,496254,GTP-03,1,1,745,86383.11339296358,29,1759.5052622776168,784.8000000000001,193,0,2,-30.94790217783884,4,-62.56603096079402
1.0,0.25,imsa,Daytona 24 2026,track_position,GTP,5,496254,GTP-03,1,1,744,86288.2461815502,25,1712.5487683940858,720.8000000000001,191,0,1,63.91930923554173,0,-15.609537077262985
1.0,0.25,imsa,Daytona 24 2026,splash_and_dash,GTP,5,496254,GTP-03,1,1,743,86339.93950317946,26,1658.1182069398478,820.8000000000001,192,0,0,12.225987606288982,1,38.82102437697495
1.0,0.25,imsa,Daytona 24 2026,lap_down,GTP,5,496254,GTP-03,4,4,742,86298.68704943343,25,1701.4297063168228,836.0000000000001,192,-3,-1,53.47844135231571,0,-4.49047500000006
1.0,0.25,imsa,Daytona 24 2026,agent,GTP,5,496254,GTP-03,11,60,585,86379.35288956412,524,24580.870844858757,12.8,210,-10,-158,-27.18739877837652,499,-22883.931613541936
1.0,0.25,imsa,Daytona 24 2026,fuel_window,GTP,5,630088,GTP-05,4,4,795,86346.9885544567,27,2123.6546717914453,998.4000000000001,104,0,0,0.0,0,0.0
1.0,0.25,imsa,Daytona 24 2026,caution_gambler,GTP,5,630088,GTP-05,6,6,795,86211.90098818672,33,2310.1067297226564,992.0000000000001,104,-2,0,135.0875662699691,6,-186.45205793121113
1.0,0.25,imsa,Daytona 24 2026,track_position,GTP,5,630088,GTP-05,1,1,796,86324.26289218121,26,2023.3390618560945,909.6,103,3,1,22.725662275479408,-1,100.31560993535072
1.0,0.25,imsa,Daytona 24 2026,splash_and_dash,GTP,5,630088,GTP-05,3,3,795,86284.42051710912,28,2084.4762049076776,993.6,104,1,0,62.56803734757705,1,39.17846688376767
1.0,0.25,imsa,Daytona 24 2026,lap_down,GTP,5,630088,GTP-05,3,3,795,86320.061690413,27,2128.5043847914453,950.4000000000001,104,1,0,26.926864043693058,0,-4.849713000000065
1.0,0.25,imsa,Daytona 24 2026,agent,GTP,5,630088,GTP-05,11,60,577,86336.89089541028,557,27771.18871287308,16.0,106,-7,-218,10.097659046412446,530,-25647.534041081635
1.0,0.25,imsa,Daytona 24 2026,fuel_window,GTP,5,589246,GTP-01,2,2,738,86342.8555674208,26,1788.7917803300822,729.6,203,0,0,0.0,0,0.0
1.0,0.25,imsa,Daytona 24 2026,caution_gambler,GTP,5,589246,GTP-01,2,2,738,86385.77756195156,33,1934.392966336102,737.6,202,0,0,-42.92199453075591,7,-145.60118600601982
1.0,0.25,imsa,Daytona 24 2026,track_position,GTP,5,589246,GTP-01,2,2,737,86312.9488777168,26,1817.6206298300822,781.6,202,0,-1,29.90668970400293,0,-28.828849499999933
1.0,0.25,imsa,Daytona 24 2026,splash_and_dash,GTP,5,589246,GTP-01,2,2,738,86299.71374760935,27,1744.6150400327551,730.4000000000001,203,0,0,43.14181981145521,1,44.176740297327115
1.0,0.25,imsa,Daytona 24 2026,lap_down,GTP,5,589246,GTP-01,3,3,738,86352.33320774639,26,1791.0370178300823,736.8000000000001,203,-1,0,-9.477640325581888,0,-2.24523750000003
1.0,0.25,imsa,Daytona 24 2026,agent,GTP,5,589246,GTP-01,11,60,584,86367.40199219834,531,24709.65294631729,6.4,221,-9,-154,-24.54642477753805,505,-22920.861165987208
1.0,0.25,imsa,Daytona 24 2026,fuel_window,GTP,5,923572,GTP-01,2,2,765,86343.73896190908,24,1967.389610167454,821.6,156,0,0,0.0,0,0.0
1.0,0.25,imsa,Daytona 24 2026,caution_gambler,GTP,5,923572,GTP-01,2,2,765,86333.93716345559,29,2045.5252645988476,893.6,154,0,0,9.801798453496303,5,-78.1356544313935
1.0,0.25,imsa,Daytona 24 2026,track_position,GTP,5,923572,GTP-01,3,3,765,86390.78619213258,25,2062.1544707599937,868.8000000000001,154,-1,0,-47.047230223499355,1,-94.76486059253966
1.0,0.25,imsa,Daytona 24 2026,splash_and_dash,GTP,5,923572,GTP-01,4,4,765,86391.81823396166,25,2016.8900468621882,819.2,156,-2,0,-48.079272052578744,1,-49.50043669473416
1.0,0.25,imsa,Daytona 24 2026,lap_down,GTP,5,923572,GTP-01,4,4,764,86306.59631183745,25,2054.520663259994,861.6,155,-2,-1,37.1426500716334,1,-87.13105309253979
1.0,0.25,imsa,Daytona 24 2026,agent,GTP,5,923572,GTP-01,11,60,574,86300.01429348085,533,26475.14042791646,11.200000000000001,165,-9,-191,43.72466842822905,509,-24507.750817749005
1.0,0.25,imsa,Daytona 24 2026,fuel_window,GTP,5,210692,GTP-04,9,9,718,86365.83757409961,23,1679.720084113682,660.8000000000001,240,0,0,0.0,0,0.0
1.0,0.25,imsa,Daytona 24 2026,caution_gambler,GTP,5,210692,GTP-04,5,5,719,86443.96407571787,28,1732.072461628327,664.8000000000001,241,4,1,-78.12650161825877,5,-52.352377514644786
1.0,0.25,imsa,Daytona 24 2026,track_position,GTP,5,210692,GTP-04,9,9,719,86366.85579955135,23,1675.9661256356005,712.8000000000001,240,0,1,-1.0182254517421825,0,3.753958478081586
1.0,0.25,imsa,Daytona 24 2026,splash_and_dash,GTP,5,210692,GTP-04,8,8,718,86347.30436366372,24,1674.0728804869113,662.4000000000001,240,1,0,18.533210435896763,1,5.647203626770761
1.0,0.25,imsa,Daytona 24 2026,lap_down,GTP,5,210692,GTP-04,8,8,718,86353.9370454647,23,1651.3253378809275,691.2,239,1,0,11.900528634912916,0,28.394746232754642
1.0,0.25,imsa,Daytona 24 2026,agent,GTP,5,210692,GTP-04,11,60,579,86342.16508843073,518,23895.47857455261,8.8,260,-2,-139,23.672485668881563,495,-22215.758490438926
1.0,0.25,imsa,Daytona 24 2026,fuel_window,GTP,5,819051,GTP-02,3,3,746,86358.10422592699,25,2079.246271088635,806.4000000000001,192,0,0,0.0,0,0.0
1.0,0.25,imsa,Daytona 24 2026,caution_gambler,GTP,5,819051,GTP-02,2,2,746,86373.05360525961,29,2081.380868189762,857.6,189,1,0,-14.94937933262554,4,-2.134597101127383
1.0,0.25,imsa,Daytona 24 2026,track_position,GTP,5,819051,GTP-02,4,4,745,86381.46493502244,24,2041.1083058700278,777.6,192,-1,-1,-23.36070909544651,-1,38.13796521860695
1.0,0.25,imsa,Daytona 24 2026,splash_and_dash,GTP,5,819051,GTP-02,3,3,746,86331.81919262372,26,2072.836407136909,785.6,192,0,0,26.2850333032693,1,6.409863951725583
1.0,0.25,imsa,Daytona 24 2026,lap_down,GTP,5,819051,GTP-02,3,3,746,86346.75653891244,24,2032.4865938700277,867.2,191,0,0,11.34768701455323,-1,46.75967721860707
1.0,0.25,imsa,Daytona 24 2026,agent,GTP,5,819051,GTP-02,11,60,586,86360.28548624527,537,24777.365990617312,16.8,203,-8,-160,-2.1812603182770545,512,-22698.119719528677
1.0,0.25,imsa,Daytona 24 2026,fuel_window,GTP,5,805567,GTP-07,4,4,742,86371.21529166431,25,1810.4788187711838,749.6,195,0,0,0.0,0,0.0
1.0,0.25,imsa,Daytona 24 2026,caution_gambler,GTP,5,805567,GTP-07,2,2,743,86372.93634239084,30,1936.584225515956,761.6,195,2,1,-1.7210507265263004,5,-126.10540674477215
1.0,0.25,imsa,Daytona 24 2026,track_position,GTP,5,805567,GTP-07,3,3,743,86387.65259107988,24,1799.3869020558006,751.2,195,1,1,-16.437299415571033,-1,11.09191671538315
1.0,0.25,imsa,Daytona 24 2026,splash_and_dash,GTP,5,805567,GTP-07,4,4,742,86369.73934633046,25,1785.852671803237,751.2,195,0,0,1.4759453338483581,0,24.626146967946852
1.0,0.25,imsa,Daytona 24 2026,lap_down,GTP,5,805567,GTP-07,3,3,742,86375.30506811867,25,1814.6998652711839,744.8000000000001,195,1,0,-4.089776454362436,0,-4.221046500000057
1.0,0.25,imsa,Daytona 24 2026,agent,GTP,5,805567,GTP-07,11,60,577,86362.7363537312,489,23396.41298670638,8.8,207,-7,-165,8.478937933105044,464,-21585.934167935193
1.0,0.25,imsa,Daytona 24 2026,fuel_window,GTP,5,787609,GTP-07,8,8,713,86446.7830060877,24,1790.843143449487,668.0,253,0,0,0.0,0,0.0
1.0,0.25,imsa,Daytona 24 2026,caution_gambler,GTP,5,787609,GTP-07,7,7,711,86310.44944054027,28,1797.216352803354,668.0,253,1,-2,136.3335655474366,4,-6.373209353867196
1.0,0.25,imsa,Daytona 24 2026,track_position,GTP,5,787609,GTP-07,9,9,712,86403.40493322196,22,1724.8929686768643,636.0,254,-1,-1,43.37807286574389,-2,65.95017477262263
1.0,0.25,imsa,Daytona 24 2026,splash_and_dash,GTP,5,787609,GTP-07,8,8,713,86446.7830012055,24,1785.7237930938395,668.0,253,0,0,4.8821966629475355e-06,0,5.119350355647384
1.0,0.25,imsa,Daytona 24 2026,lap_down,GTP,5,787609,GTP-07,2,2,712,86307.3355902042,23,1740.8245244852037,658.4000000000001,251,6,-1,139.44741588350735,-1,50.01861896428318
1.0,0.25,imsa,Daytona 24 2026,agent,GTP,5,787609,GTP-07,11,60,584,86301.09186739833,560,24792.79411079498,11.200000000000001,272,-3,-129,145.6911386893771,536,-23001.950967345496
1.0,0.25,imsa,Daytona 24 2026,fuel_window,GTP,5,150213,GTP-01,5,5,731,86389.46790191514,24,1774.8958642464306,695.2,220,0,0,0.0,0,0.0
1.0,0.25,imsa,Daytona 24 2026,caution_gambler,GTP,5,150213,GTP-01,10,10,731,86345.24861901789,28,1810.7052959324894,788.0,217,-5,0,44.21928289724747,4,-35.809431686058815
1.0,0.25,imsa,Daytona 24 2026,track_position,GTP,5,150213,GTP-01,9,9,730,86319.64950731874,24,1804.8096889489552,730.4000000000001,219,-4,-1,69.81839459639741,0,-29.913824702524607
1.0,0.25,imsa,Daytona 24 2026,splash_and_dash,GTP,5,150213,GTP-01,5,5,731,86389.46790191514,24,1774.8958642464306,695.2,220,0,0,0.0,0,0.0
1.0,0.25,imsa,Daytona 24 2026,lap_down,GTP,5,150213,GTP-01,6,6,731,86379.59067533643,24,1758.8094279606262,695.2,219,-1,0,9.877226578711998,0,16.08643628580444
1.0,0.25,imsa,Daytona 24 2026,agent,GTP,5,150213,GTP-01,11,60,586,86283.46759338111,509,24062.454681457177,8.8,238,-6,-145,106.00030853402859,485,-22287.558817210745
1.0,0.25,imsa,Daytona 24 2026,fuel_window,GTP,5,377395,GTP-03,5,5,746,86299.62718173621,26,2139.213998329537,792.0,190,0,0,0.0,0,0.0
1.0,0.25,imsa,Daytona 24 2026,caution_gambler,GTP,5,377395,GTP-03,5,5,748,86349.48344739813,26,1954.306282419678,787.2,189,0,2,-49.85626566191786,0,184.907715909859
1.0,0.25,imsa,Daytona 24 2026,track_position,GTP,5,377395,GTP-03,5,5,746,86331.04190623858,24,2081.5878321983732,721.6,189,0,0,-31.414724502363242,-2,57.6261661311637
1.0,0.25,imsa,Daytona 24 2026,splash_and_dash,GTP,5,377395,GTP-03,2,2,747,86382.4163012339,26,2113.885598288747,792.8000000000001,190,3,1,-82.78911949768371,0,25.328400040789802
1.0,0.25,imsa,Daytona 24 2026,lap_down,GTP,5,377395,GTP-03,10,10,746,86349.32283792339,25,2108.657282431608,772.8000000000001,189,-5,0,-49.69565618717752,-1,30.556715897928825
1.0,0.25,imsa,Daytona 24 2026,agent,GTP,5,377395,GTP-03,11,60,579,86354.15768004957,472,23772.050014001674,8.8,201,-6,-167,-54.530498313353746,446,-21632.836015672136
1.0,0.25,imsa,Daytona 24 2026,fuel_window,GTP,5,591184,GTP-03,11,11,708,86432.9669390678,23,1631.4166625454513,628.8000000000001,264,0,0,0.0,0,0.0
1.0,0.25,imsa,Daytona 24 2026,caution_gambler,GTP,5,591184,GTP-03,11,11,707,86321.66821310704,26,1786.3930436517462,623.2,263,0,-1,111.29872596076166,3,-154.97638110629487
1.0,0.25,imsa,Daytona 24 2026,track_position,GTP,5,591184,GTP-03,11,11,708,86319.93998873098,23,1695.0533788146868,643.2,263,0,0,113.02695033681812,0,-63.63671626923542
1.0,0.25,imsa,Daytona 24 2026,splash_and_dash,GTP,5,591184,GTP-03,11,11,708,86432.9669390678,23,1631.4166625454513,628.8000000000001,264,0,0,0.0,0,0.0
1.0,0.25,imsa,Daytona 24 2026,lap_down,GTP,5,591184,GTP-03,11,11,707,86314.07828541628,23,1645.7861825454515,651.2,262,0,-1,118.88865365152014,0,-14.369520000000193
1.0,0.25,imsa,Daytona 24 2026,agent,GTP,5,591184,GTP-03,11,60,580,86334.35189047271,385,19191.930795034285,11.200000000000001,286,0,-128,98.61504859509296,362,-17560.514132488832
1.0,0.25,imsa,Daytona 24 2026,fuel_window,GTP,5,175200,GTP-09,3,3,792,86369.30788100639,27,1946.4198526400226,1039.2,105,0,0,0.0,0,0.0
1.0,0.25,imsa,Daytona 24 2026,caution_gambler,GTP,5,175200,GTP-09,5,5,792,86300.14795348875,30,2080.455831436986,1016.8000000000001,107,-2,0,69.15992751764134,3,-134.0359787969635
1.0,0.25,imsa,Daytona 24 2026,track_position,GTP,5,175200,GTP-09,1,1,793,86342.51179005162,27,1974.8270939516299,1030.4,107,2,1,26.79609095476917,0,-28.407241311607322
1.0,0.25,imsa,Daytona 24 2026,splash_and_dash,GTP,5,175200,GTP-09,5,5,791,86308.78958702348,28,1978.351165157059,1044.8,105,-2,-1,60.51829398291011,1,-31.93131251703653
1.0,0.25,imsa,Daytona 24 2026,lap_down,GTP,5,175200,GTP-09,4,4,792,86379.66012467447,27,1982.6306231330811,1098.4,105,-1,0,-10.352243668079609,0,-36.21077049305859
1.0,0.25,imsa,Daytona 24 2026,agent,GTP,5,175200,GTP-09,11,60,581,86331.95644229057,542,27184.908736063313,16.8,116,-8,-211,37.35143871582113,515,-25238.48888342329
1.0,0.25,imsa,Daytona 24 2026,fuel_window,GTP,5,578871,GTP-09,4,4,710,86311.73375575601,24,1864.4428447855064,661.6,253,0,0,0.0,0,0.0
1.0,0.25,imsa,Daytona 24 2026,caution_gambler,GTP,5,578871,GTP-09,4,4,712,86309.69431217275,29,1818.4018622317074,661.6,250,0,2,2.039443583256798,5,46.04098255379904
1.0,0.25,imsa,Daytona 24 2026,track_position,GTP,5,578871,GTP-09,5,5,711,86339.85605494305,22,1795.5228422207454,633.6,253,-1,1,-28.122299187045428,-2,68.92000256476103
1.0,0.25,imsa,Daytona 24 2026,splash_and_dash,GTP,5,578871,GTP-09,5,5,710,86303.30888159912,25,1860.8980611415313,670.4000000000001,253,-1,0,8.424874156888109,1,3.5447836439750517
1.0,0.25,imsa,Daytona 24 2026,lap_down,GTP,5,578871,GTP-09,4,4,712,86441.6885155161,23,1790.8819663777117,665.6,255,0,2,-129.95475976009038,-1,73.56087840779469
1.0,0.25,imsa,Daytona 24 2026,agent,GTP,5,578871,GTP-09,11,60,590,86372.51762053862,561,24352.864560447353,10.4,278,-7,-120,-60.78386478261382,537,-22488.421715661847
1.0,0.25,imsa,Daytona 24 2026,fuel_window,GTP,5,325700,GTP-10,9,9,819,86371.70228792695,30,2713.0141412617218,1036.0,53,0,0,0.0,0,0.0
1.0,0.25,imsa,Daytona 24 2026,caution_gambler,GTP,5,325700,GTP-10,7,7,819,86343.8171836561,32,2668.189065032917,1058.4,49,2,0,27.885104270855663,2,44.825076228804846
1.0,0.25,imsa,Daytona 24 2026,track_position,GTP,5,325700,GTP-10,4,4,819,86335.74201617701,28,2553.966069253187,1068.8000000000002,52,5,0,35.96027174993651,-2,159.04807200853475
1.0,0.25,imsa,Daytona 24 2026,splash_and_dash,GTP,5,325700,GTP-10,4,4,819,86312.33417953044,30,2672.5179872290796,1032.0,52,5,0,59.368108396505704,0,40.49615403264215
1.0,0.25,imsa,Daytona 24 2026,lap_down,GTP,5,325700,GTP-10,7,7,820,86351.95850493903,30,2714.361283761722,1043.2,54,2,1,19.743782987919985,0,-1.3471425000002455
1.0,0.25,imsa,Daytona 24 2026,agent,GTP,5,325700,GTP-10,11,60,576,86391.64609499018,552,29129.59310798608,11.200000000000001,59,-2,-243,-19.94380706323136,522,-26416.578966724355
1.0,0.25,imsa,Daytona 24 2026,fuel_window,GTP,5,249170,GTP-11,2,2,760,86384.05312021305,26,2020.9682227746866,847.2,160,0,0,0.0,0,0.0
1.0,0.25,imsa,Daytona 24 2026,caution_gambler,GTP,5,249170,GTP-11,1,1,761,86387.67065692165,29,1983.0999069756124,931.2,162,1,1,-3.6175367085961625,3,37.86831579907425
1.0,0.25,imsa,Daytona 24 2026,track_position,GTP,5,249170,GTP-11,1,1,761,86345.06436150472,25,1962.040062034543,914.4000000000001,160,1,1,38.98875870833581,-1,58.92816074014354
1.0,0.25,imsa,Daytona 24 2026,splash_and_dash,GTP,5,249170,GTP-11,2,2,760,86374.84075958867,28,2028.2798183154268,829.6,160,0,0,9.212360624384019,2,-7.3115955407402
1.0,0.25,imsa,Daytona 24 2026,lap_down,GTP,5,249170,GTP-11,3,3,760,86348.43828699898,25,1949.5565415345432,925.6,161,-1,0,35.61483321407286,-1,71.41168124014348
1.0,0.25,imsa,Daytona 24 2026,agent,GTP,5,249170,GTP-11,11,60,579,86387.76674210317,551,26483.90344699381,12.0,172,-9,-181,-3.7136218901141547,525,-24462.935224219123
1.0,0.25,imsa,Daytona 24 2026,fuel_window,GTP,5,306604,GTP-03,5,5,703,86360.99709940108,23,1600.8453635346477,580.0,265,0,0,0.0,0,0.0
1.0,0.25,imsa,Daytona 24 2026,caution_gambler,GTP,5,306604,GTP-03,9,9,705,86418.55535160018,30,1735.930871368987,621.6,267,-4,2,-57.558252199101844,7,-135.0855078343393
1.0,0.25,imsa,Daytona 24 2026,track_position,GTP,5,306604,GTP-03,4,4,704,86331.403544994,22,1575.4855579922014,597.6,265,1,1,29.593554407081683,-1,25.359805542446338
1.0,0.25,imsa,Daytona 24 2026,splash_and_dash,GTP,5,306604,GTP-03,5,5,703,86360.99709940108,23,1600.8453635346477,580.0,265,0,0,0.0,0,0.0
1.0,0.25,imsa,Daytona 24 2026,lap_down,GTP,5,306604,GTP-03,5,5,703,86355.61869609418,23,1609.6466945346478,561.6,266,0,0,5.378403306895052,0,-8.801331000000118
1.0,0.25,imsa,Daytona 24 2026,agent,GTP,5,306604,GTP-03,11,60,589,86399.60254942285,560,24400.132452896003,8.0,295,-6,-114,-38.60545002177241,537,-22799.287089361354
1.0,0.25,imsa,Daytona 24 2026,fuel_window,GTP,5,483288,GTP-11,5,5,759,86367.06921260104,24,1888.4421796955294,872.8000000000001,166,0,0,0.0,0,0.0
1.0,0.25,imsa,Daytona 24 2026,caution_gambler,GTP,5,483288,GTP-11,1,1,761,86382.98231452401,30,2058.0546204931193,897.6,171,4,2,-15.913101922968053,6,-169.6124407975899
1.0,0.25,imsa,Daytona 24 2026,track_position,GTP,5,483288,GTP-11,10,10,760,86375.30862449,24,1913.2674844062233,810.4000000000001,167,-5,1,-8.239411888964241,0,-24.8253047106939
1.0,0.25,imsa,Daytona 24 2026,splash_and_dash,GTP,5,483288,GTP-11,5,5,759,86367.06921260104,24,1888.4421796955294,872.8000000000001,166,0,0,0.0,0,0.0
1.0,0.25,imsa,Daytona 24 2026,lap_down,GTP,5,483288,GTP-11,7,7,759,86325.9540972776,24,1909.4056759062232,854.4000000000001,167,-2,0,41.11511532343866,0,-20.963496210693847
1.0,0.25,imsa,Daytona 24 2026,agent,GTP,5,483288,GTP-11,11,60,580,86331.40943789342,537,25944.55914671798,14.4,177,-6,-179,35.659774707615725,513,-24056.11696702245
1.0,0.25,imsa,Daytona 24 2026,fuel_window,GTP,5,271636,GTP-10,8,8,745,86316.39705700104,25,1884.6087355479528,780.0,191,0,0,0.0,0,0.0
1.0,0.25,imsa,Daytona 24 2026,caution_gambler,GTP,5,271636,GTP-10,5,5,745,86322.37545326113,28,1891.5334474727763,794.4000000000001,192,3,0,-5.978396260092268,3,-6.924711924823441
1.0,0.25,imsa,Daytona 24 2026,track_position,GTP,5,271636,GTP-10,8,8,745,86356.23509767404,25,1909.575776547953,843.2,194,0,0,-39.83804067299934,0,-24.96704100000011
1.0,0.25,imsa,Daytona 24 2026,splash_and_dash,GTP,5,271636,GTP-10,8,8,745,86339.85327074165,27,1907.8861139306873,779.2,191,0,0,-23.456213740602834,2,-23.27737838273447
1.0,0.25,imsa,Daytona 24 2026,lap_down,GTP,5,271636,GTP-10,7,7,745,86312.29110783261,25,1886.8539730479529,757.6,192,1,0,4.105949168428197,0,-2.24523750000003
1.0,0.25,imsa,Daytona 24 2026,agent,GTP,5,271636,GTP-10,11,60,587,86292.64077312511,508,24553.079756910138,8.8,214,-3,-158,23.75628387593315,483,-22668.471021362184
1.0,0.25,imsa,Daytona 24 2026,fuel_window,GTP,5,7803,GTP-05,7,7,769,86425.22755792788,27,2114.206500635101,912.8000000000001,150,0,0,0.0,0,0.0
1.0,0.25,imsa,Daytona 24 2026,caution_gambler,GTP,5,7803,GTP-05,6,6,769,86372.53353528117,29,2111.4473048502,901.6,150,1,0,52.694022646712256,2,2.7591957849008395
1.0,0.25,imsa,Daytona 24 2026,track_position,GTP,5,7803,GTP-05,3,3,768,86277.27453840591,26,2078.493060238744,1016.8000000000001,148,4,-1,147.95301952197042,-1,35.71344039635687
1.0,0.25,imsa,Daytona 24 2026,splash_and_dash,GTP,5,7803,GTP-05,5,5,769,86387.2301538098,27,2077.1894265633946,897.6,150,2,0,37.99740411808307,0,37.01707407170625
1.0,0.25,imsa,Daytona 24 2026,lap_down,GTP,5,7803,GTP-05,7,7,769,86406.72837676672,26,2110.1688087111893,928.8000000000001,150,0,0,18.49918116115441,-1,4.037691923911552
1.0,0.25,imsa,Daytona 24 2026,agent,GTP,5,7803,GTP-05,11,60,585,86320.92492788556,462,24075.193520748013,14.4,168,-4,-184,104.30263004232256,435,-21960.987020112912
1.0,0.25,imsa,Daytona 24 2026,fuel_window,GTP,5,772919,GTP-10,2,2,734,86404.15871275928,24,1938.3475864462064,672.0,218,0,0,0.0,0,0.0
1.0,0.25,imsa,Daytona 24 2026,caution_gambler,GTP,5,772919,GTP-10,6,6,734,86404.90745059693,27,1986.5803498016664,670.4000000000001,215,-4,0,-0.7487378376536071,3,-48.232763355460065
1.0,0.25,imsa,Daytona 24 2026,track_position,GTP,5,772919,GTP-10,2,2,734,86399.63407108505,24,1915.8337752634657,676.8000000000001,215,0,0,4.5246416742302245,0,22.51381118274071
1.0,0.25,imsa,Daytona 24 2026,splash_and_dash,GTP,5,772919,GTP-10,1,1,734,86401.21598865632,24,1935.8638146671265,667.2,217,1,0,2.9427241029625293,0,2.483771779079916
1.0,0.25,imsa,Daytona 24 2026,lap_down,GTP,5,772919,GTP-10,1,1,734,86396.30957902179,24,1941.8501569462064,699.2,218,1,0,7.849133737487136,0,-3.502570500000047
1.0,0.25,imsa,Daytona 24 2026,agent,GTP,5,772919,GTP-10,11,60,577,86375.74206848888,467,23548.28814747777,12.0,231,-9,-157,28.416644270400866,443,-21609.940561031566
1.0,0.25,imsa,Daytona 24 2026,fuel_window,GTP,5,702733,GTP-01,6,6,699,86319.20514303503,22,1573.2989478927739,673.6,278,0,0,0.0,0,0.0
1.0,0.25,imsa,Daytona 24 2026,caution_gambler,GTP,5,702733,GTP-01,4,4,699,86312.7995250198,26,1604.922154600002,659.2,279,2,0,6.4056180152256275,4,-31.623206707228064
1.0,0.25,imsa,Daytona 24 2026,track_position,GTP,5,702733,GTP-01,7,7,700,86319.27768760282,22,1564.089805336933,575.2,277,-1,1,-0.07254456779628526,0,9.209142555840799
1.0,0.25,imsa,Daytona 24 2026,splash_and_dash,GTP,5,702733,GTP-01,4,4,699,86315.50351905449,22,1573.2989478927739,669.6,278,2,0,3.7016239805379882,0,0.0
1.0,0.25,imsa,Daytona 24 2026,lap_down,GTP,5,702733,GTP-01,6,6,699,86305.53846137799,22,1548.822190336933,646.4000000000001,277,0,0,13.666681657035952,0,24.476757555840777
1.0,0.25,imsa,Daytona 24 2026,agent,GTP,5,702733,GTP-01,11,60,585,86376.38331951022,466,20890.462058690322,4.800000000000001,295,-5,-114,-57.17817647519405,444,-19317.163110797548
1.0,0.25,imsa,Daytona 24 2026,fuel_window,GTP,5,296252,GTP-09,8,8,748,86316.6391435248,24,1980.6554861779684,855.2,186,0,0,0.0,0,0.0
1.0,0.25,imsa,Daytona 24 2026,caution_gambler,GTP,5,296252,GTP-09,6,6,749,86345.39049591546,31,2088.1041016779777,791.2,187,2,1,-28.751352390667307,7,-107.44861550000928
1.0,0.25,imsa,Daytona 24 2026,track_position,GTP,5,296252,GTP-09,10,10,748,86339.77325025847,24,2037.5651770703864,745.6,191,-2,0,-23.134106733676163,0,-56.909690892417984
1.0,0.25,imsa,Daytona 24 2026,splash_and_dash,GTP,5,296252,GTP-09,8,8,748,86316.6391435248,24,1980.6554861779684,855.2,186,0,0,0.0,0,0.0
1.0,0.25,imsa,Daytona 24 2026,lap_down,GTP,5,296252,GTP-09,11,11,750,86418.57835095446,24,1993.0491971779684,779.2,189,-3,2,-101.93920742966293,0,-12.39371099999994
1.0,0.25,imsa,Daytona 24 2026,agent,GTP,5,296252,GTP-09,11,60,584,86305.34102780194,562,26396.698137250973,12.8,206,-3,-164,11.298115722849616,538,-24416.042651073003
1.0,0.25,imsa,Daytona 24 2026,fuel_window,GTP,5,595345,GTP-05,4,4,784,86327.26022190484,27,2166.9132998647297,950.4000000000001,122,0,0,0.0,0,0.0
1.0,0.25,imsa,Daytona 24 2026,caution_gambler,GTP,5,595345,GTP-05,1,1,785,86364.34448357465,30,2068.0603861810728,914.4000000000001,117,3,1,-37.08426166980644,3,98.85291368365688
1.0,0.25,imsa,Daytona 24 2026,track_position,GTP,5,595345,GTP-05,10,10,785,86409.78447506716,27,2158.2499579147193,892.8000000000001,120,-6,1,-82.52425316232257,0,8.663341950010363
1.0,0.25,imsa,Daytona 24 2026,splash_and_dash,GTP,5,595345,GTP-05,2,2,784,86317.60530373928,27,2141.0504405509473,950.4000000000001,122,2,0,9.65491816555732,0,25.862859313782337
1.0,0.25,imsa,Daytona 24 2026,lap_down,GTP,5,595345,GTP-05,7,7,785,86363.89596435166,27,2148.9995794147194,924.0000000000001,121,-3,1,-36.63574244681513,0,17.91372045001026
1.0,0.25,imsa,Daytona 24 2026,agent,GTP,5,595345,GTP-05,11,60,578,86304.54511470588,533,27235.88538678169,12.8,134,-7,-206,22.715107198964688,506,-25068.97208691696
1.0,0.25,imsa,Daytona 24 2026,fuel_window,GTP,5,742968,GTP-03,9,9,735,86395.47611524106,25,1837.4861292384826,745.6,209,0,0,0.0,0,0.0
1.0,0.25,imsa,Daytona 24 2026,caution_gambler,GTP,5,742968,GTP-03,1,1,737,86365.00397935235,28,1748.4389370072904,776.0000000000001,208,8,2,30.472135888718185,3,89.04719223119218
1.0,0.25,imsa,Daytona 24 2026,track_position,GTP,5,742968,GTP-03,10,10,735,86367.08010695662,25,1888.1931216105882,784.0000000000001,210,-1,0,28.39600828444236,0,-50.70699237210556
1.0,0.25,imsa,Daytona 24 2026,splash_and_dash,GTP,5,742968,GTP-03,2,2,735,86343.53669709925,25,1775.779296497513,755.2,209,7,0,51.93941814181744,0,61.7068327409695
1.0,0.25,imsa,Daytona 24 2026,lap_down,GTP,5,742968,GTP-03,5,5,735,86375.17277334008,25,1836.5880342384826,728.0,210,4,0,20.303341900988016,0,0.8980950000000121
1.0,0.25,imsa,Daytona 24 2026,agent,GTP,5,742968,GTP-03,11,60,588,86287.20238545859,525,24571.512816493385,10.4,231,-2,-147,108.27372978247877,500,-22734.026687254904
1.0,0.25,imsa,Daytona 24 2026,fuel_window,GTP,5,789492,GTP-02,2,2,696,86327.43970613842,22,1469.1270892341042,553.6,278,0,0,0.0,0,0.0
1.0,0.25,imsa,Daytona 24 2026,caution_gambler,GTP,5,789492,GTP-02,9,9,695,86299.42748296654,28,1630.8490622719678,584.0,279,-7,-1,28.012223171885125,6,-161.72197303786356
1.0,0.25,imsa,Daytona 24 2026,track_position,GTP,5,789492,GTP-02,6,6,696,86348.32696943096,22,1478.4672772341041,575.2,277,-4,0,-20.887263292534044,0,-9.340187999999898
1.0,0.25,imsa,Daytona 24 2026,splash_and_dash,GTP,5,789492,GTP-02,1,1,696,86287.64156730719,24,1439.8097225318897,552.0,278,1,0,39.79813883123279,2,29.317366702214485
1.0,0.25,imsa,Daytona 24 2026,lap_down,GTP,5,789492,GTP-02,2,2,696,86327.43970613842,22,1469.1270892341042,553.6,278,0,0,0.0,0,0.0
1.0,0.25,imsa,Daytona 24 2026,agent,GTP,5,789492,GTP-02,11,60,575,86264.10073325927,511,22431.912127052154,10.4,294,-9,-121,63.3389728791517,489,-20962.78503781805
1.0,0.25,imsa,Daytona 24 2026,fuel_window,GTP,5,849953,GTP-11,6,6,760,86313.46951080464,26,2069.3168678599527,791.2,161,0,0,0.0,0,0.0
1.0,0.25,imsa,Daytona 24 2026,caution_gambler,GTP,5,849953,GTP-11,4,4,760,86334.07422253587,30,2036.5435637210483,926.4000000000001,160,2,0,-20.604711731226416,4,32.77330413890445
1.0,0.25,imsa,Daytona 24 2026,track_position,GTP,5,849953,GTP-11,6,6,761,86427.26326993974,25,2038.486339955136,835.2,161,0,1,-113.79375913509284,-1,30.83052790481679
1.0,0.25,imsa,Daytona 24 2026,splash_and_dash,GTP,5,849953,GTP-11,6,6,760,86313.46951080464,26,2069.3168678599527,791.2,161,0,0,0.0,0,0.0
1.0,0.25,imsa,Daytona 24 2026,lap_down,GTP,5,849953,GTP-11,7,7,760,86334.54113595984,26,2075.064675859953,811.2,160,-1,0,-21.071625155193033,0,-5.747808000000077
1.0,0.25,imsa,Daytona 24 2026,agent,GTP,5,849953,GTP-11,11,60,585,86299.96382633805,566,26580.29321064451,10.4,174,-5,-175,13.505684466595994,540,-24510.976342784557
1.0,0.25,imsa,Daytona 24 2026,fuel_window,GTP,5,631374,GTP-06,4,4,757,86424.49734603649,26,2038.375380133028,960.0000000000001,165,0,0,0.0,0,0.0
1.0,0.25,imsa,Daytona 24 2026,caution_gambler,GTP,5,631374,GTP-06,3,3,757,86416.77981688033,29,2157.4237830927445,886.4000000000001,163,1,0,7.71752915615798,3,-119.04840295971644
1.0,0.25,imsa,Daytona 24 2026,track_position,GTP,5,631374,GTP-06,1,1,758,86396.4352798729,25,2020.4669705423821,857.6,166,3,1,28.062066163591226,-1,17.908409590645988
1.0,0.25,imsa,Daytona 24 2026,splash_and_dash,GTP,5,631374,GTP-06,3,3,757,86409.7924635581,26,2026.361879365304,936.8000000000001,165,1,0,14.704882478385116,0,12.013500767724054
1.0,0.25,imsa,Daytona 24 2026,lap_down,GTP,5,631374,GTP-06,1,1,757,86394.72995631442,26,2067.2583788601255,844.0,166,3,0,29.767389722066582,0,-28.8829987270974
1.0,0.25,imsa,Daytona 24 2026,agent,GTP,5,631374,GTP-06,11,60,573,86360.42625951787,483,24435.528763736915,12.000000000000002,174,-7,-184,64.07108651861199,457,-22397.153383603887
1.0,0.25,imsa,Daytona 24 2026,fuel_window,GTP,5,137229,GTP-07,8,8,775,86375.81981453796,27,2154.749774842754,867.2,137,0,0,0.0,0,0.0
1.0,0.25,imsa,Daytona 24 2026,caution_gambler,GTP,5,137229,GTP-07,4,4,775,86350.27652537863,33,2269.6876685265997,904.0000000000001,137,4,0,25.54328915932274,6,-114.93789368384569
1.0,0.25,imsa,Daytona 24 2026,track_position,GTP,5,137229,GTP-07,7,7,775,86339.85685124027,26,2162.454711296763,953.6,140,1,0,35.962963297686656,-1,-7.70493645400893
1.0,0.25,imsa,Daytona 24 2026,splash_and_dash,GTP,5,137229,GTP-07,8,8,774,86277.51083116465,29,2197.552755010288,872.0000000000001,137,0,-1,98.30898337331018,2,-42.80298016753386
1.0,0.25,imsa,Daytona 24 2026,lap_down,GTP,5,137229,GTP-07,9,9,775,86378.7668766329,27,2167.323104842754,916.0000000000001,138,-1,0,-2.9470620949432487,0,-12.573330000000169
1.0,0.25,imsa,Daytona 24 2026,agent,GTP,5,137229,GTP-07,11,60,576,86314.12539165643,555,27475.277850296472,10.4,147,-3,-199,61.69442288152641,528,-25320.528075453716
1.0,0.25,imsa,Daytona 24 2026,fuel_window,GTP,5,971340,GTP-01,10,10,777,86392.25827671408,27,2196.803212193605,933.6,134,0,0,0.0,0,0.0
1.0,0.25,imsa,Daytona 24 2026,caution_gambler,GTP,5,971340,GTP-01,4,4,778,86342.5008944915,30,2214.7627524234053,941.6,134,6,1,49.75738222258224,3,-17.959540229800496
1.0,0.25,imsa,Daytona 24 2026,track_position,GTP,5,971340,GTP-01,3,3,778,86434.34022763887,27,2161.6292613665137,876.8000000000001,134,7,1,-42.08195092478127,0,35.173950827091176
1.0,0.25,imsa,Daytona 24 2026,splash_and_dash,GTP,5,971340,GTP-01,9,9,777,86370.51312872146,27,2164.7749782781,933.6,134,1,0,21.74514799262397,0,32.02823391550464
1.0,0.25,imsa,Daytona 24 2026,lap_down,GTP,5,971340,GTP-01,6,6,778,86379.1327385568,27,2203.0000676936047,961.6,134,4,1,13.125538157284609,0,-6.196855499999856
1.0,0.25,imsa,Daytona 24 2026,agent,GTP,5,971340,GTP-01,11,60,579,86320.78166861202,547,26908.177214487256,9.600000000000001,140,-1,-198,71.47660810206435,520,-24711.37400229365
1.0,0.25,imsa,Daytona 24 2026,fuel_window,GTP,5,821139,GTP-09,1,1,758,86374.68871250925,27,2037.1996023799716,840.0,162,0,0,0.0,0,0.0
1.0,0.25,imsa,Daytona 24 2026,caution_gambler,GTP,5,821139,GTP-09,1,1,759,86389.9430261275,32,2052.732801355901,844.0,162,0,1,-15.254313618250308,5,-15.533198975929281
1.0,0.25,imsa,Daytona 24 2026,track_position,GTP,5,821139,GTP-09,7,7,757,86349.96391336714,27,2029.689789104512,856.8000000000001,162,-6,-1,24.72479914210271,0,7.509813275459464
1.0,0.25,imsa,Daytona 24 2026,splash_and_dash,GTP,5,821139,GTP-09,2,2,757,86279.57891227024,29,2069.437138605734,856.8000000000001,162,-1,-1,95.10980023900629,2,-32.2375362257626
1.0,0.25,imsa,Daytona 24 2026,lap_down,GTP,5,821139,GTP-09,5,5,757,86381.8524891944,27,2009.213223104512,852.0,161,-4,-1,-7.16377668514906,0,27.986379275459512
1.0,0.25,imsa,Daytona 24 2026,agent,GTP,5,821139,GTP-09,11,60,577,86370.43367771067,563,26670.630491328364,16.0,173,-10,-181,4.255034798581619,536,-24633.43088894839
1.0,0.25,imsa,Daytona 24 2026,fuel_window,GTP,5,717617,GTP-05,1,1,770,86331.05560908644,26,1928.5865018891116,854.4000000000001,147,0,0,0.0,0,0.0
1.0,0.25,imsa,Daytona 24 2026,caution_gambler,GTP,5,717617,GTP-05,1,1,772,86389.20276025204,29,1931.8914932700732,911.2,146,0,2,-58.14715116559819,3,-3.30499138096161
1.0,0.25,imsa,Daytona 24 2026,track_position,GTP,5,717617,GTP-05,6,6,771,86345.29901129834,25,1913.4117274997295,860.8000000000001,145,-5,1,-14.243402211897774,-1,15.174774389382037
1.0,0.25,imsa,Daytona 24 2026,splash_and_dash,GTP,5,717617,GTP-05,1,1,770,86329.48049666003,28,1937.5330105428657,842.4000000000001,147,0,0,1.5751124264061218,2,-8.946508653754108
1.0,0.25,imsa,Daytona 24 2026,lap_down,GTP,5,717617,GTP-05,2,2,771,86391.2934915094,26,1935.5916428891117,868.8000000000001,148,-1,1,-60.23788242295268,0,-7.005141000000094
1.0,0.25,imsa,Daytona 24 2026,agent,GTP,5,717617,GTP-05,11,60,580,86314.39925852165,558,26932.62111561311,21.6,160,-10,-190,16.656350564793684,532,-25004.034613723998
1.0,0.25,imsa,Daytona 24 2026,fuel_window,GTP,5,598074,GTP-02,7,7,752,86313.2641315236,25,1985.363680981028,828.0000000000001,175,0,0,0.0,0,0.0
1.0,0.25,imsa,Daytona 24 2026,caution_gambler,GTP,5,598074,GTP-02,2,2,753,86308.17827511956,30,2084.1627982766354,828.8000000000001,176,5,1,5.0858564040390775,5,-98.7991172956074
1.0,0.25,imsa,Daytona 24 2026,track_position,GTP,5,598074,GTP-02,10,10,753,86361.26635080883,25,2002.337676481028,790.4000000000001,174,-3,1,-48.00221928523388,0,-16.9739955
1.0,0.25,imsa,Daytona 24 2026,splash_and_dash,GTP,5,598074,GTP-02,1,1,753,86350.98793998652,26,1931.020401081225,821.6,175,6,1,-37.723808462920715,1,54.343279899803065
1.0,0.25,imsa,Daytona 24 2026,lap_down,GTP,5,598074,GTP-02,8,8,752,86336.17773148081,25,1989.225489481028,808.8000000000001,173,-1,0,-22.91359995721723,0,-3.861808500000052
1.0,0.25,imsa,Daytona 24 2026,agent,GTP,5,598074,GTP-02,11,60,578,86385.13431476653,536,25862.274656442958,14.4,187,-4,-174,-71.87018324293604,511,-23876.91097546193
1.0,0.25,imsa,Daytona 24 2026,fuel_window,GTP,5,66622,GTP-05,7,7,752,86389.31675478406,25,1911.7783513692066,824.8000000000001,179,0,0,0.0,0,0.0
1.0,0.25,imsa,Daytona 24 2026,caution_gambler,GTP,5,66622,GTP-05,1,1,752,86324.26854593503,26,1786.8872037565245,822.4000000000001,179,6,0,65.04820884902438,1,124.89114761268206
1.0,0.25,imsa,Daytona 24 2026,track_position,GTP,5,66622,GTP-05,1,1,752,86336.49566579121,24,1872.7608266717214,788.0,178,6,0,52.821088992845034,-1,39.017524697485214
1.0,0.25,imsa,Daytona 24 2026,splash_and_dash,GTP,5,66622,GTP-05,1,1,752,86339.15076716366,25,1857.571087456407,827.2,179,6,0,50.165987620392116,0,54.20726391279959
1.0,0.25,imsa,Daytona 24 2026,lap_down,GTP,5,66622,GTP-05,3,3,753,86364.08736614013,24,1874.6468261717212,809.6,179,4,1,25.22938864392927,-1,37.131525197485416
1.0,0.25,imsa,Daytona 24 2026,agent,GTP,5,66622,GTP-05,11,60,579,86302.61138865424,530,25741.83460192824,9.600000000000001,195,-4,-173,86.70536612981232,505,-23830.056250559035
1.0,0.25,imsa,Daytona 24 2026,fuel_window,GTP,5,661064,GTP-10,8,8,714,86442.10998305828,23,1716.8889658532814,611.2,253,0,0,0.0,0,0.0
1.0,0.25,imsa,Daytona 24 2026,caution_gambler,GTP,5,661064,GTP-10,4,4,714,86378.76563545527,30,1804.6703774735251,660.0,248,4,0,63.34434760300792,7,-87.78141162024372
1.0,0.25,imsa,Daytona 24 2026,track_position,GTP,5,661064,GTP-10,8,8,714,86438.4133079546,22,1676.7184183852676,696.0,253,0,0,3.6966751036816277,-1,40.170547468013865
1.0,0.25,imsa,Daytona 24 2026,splash_and_dash,GTP,5,661064,GTP-10,8,8,714,86442.10998309884,23,1716.8889658532814,611.2,253,0,0,-4.0556187741458416e-08,0,0.0
1.0,0.25,imsa,Daytona 24 2026,lap_down,GTP,5,661064,GTP-10,9,9,714,86451.0278375802,23,1684.8247422936317,680.8000000000001,253,-1,0,-8.917854521918343,0,32.06422355964969
1.0,0.25,imsa,Daytona 24 2026,agent,GTP,5,661064,GTP-10,11,60,594,86340.95103648494,521,23427.902883981096,12.8,280,-3,-120,101.15894657334138,498,-21711.013918127814
1.0,0.25,imsa,Daytona 24 2026,fuel_window,GTP,5,134497,GTP-03,5,5,714,86403.98229368555,22,1754.4730894317322,700.8000000000001,252,0,0,0.0,0,0.0
1.0,0.25,imsa,Daytona 24 2026,caution_gambler,GTP,5,134497,GTP-03,11,11,713,86374.44079191478,29,1944.385370000377,680.8000000000001,250,-6,-1,29.541501770770992,7,-189.91228056864475
1.0,0.25,imsa,Daytona 24 2026,track_position,GTP,5,134497,GTP-03,3,3,715,86400.68206836033,22,1742.7371203820874,613.6,255,2,1,3.300225325219799,0,11.735969049644837
1.0,0.25,imsa,Daytona 24 2026,splash_and_dash,GTP,5,134497,GTP-03,5,5,714,86403.98130819532,22,1739.0650156961922,702.4000000000001,251,0,0,0.0009854902309598401,0,15.408073735540029
1.0,0.25,imsa,Daytona 24 2026,lap_down,GTP,5,134497,GTP-03,8,8,714,86434.1821762939,22,1725.0446488820874,662.4000000000001,254,-3,0,-30.199882608358166,0,29.428440549644847
1.0,0.25,imsa,Daytona 24 2026,agent,GTP,5,134497,GTP-03,11,60,580,86311.76421365101,514,23916.29900145405,10.4,273,-6,-134,92.2180800345377,492,-22161.825912022316
1.0,0.25,imsa,Daytona 24 2026,fuel_window,GTP,5,310782,GTP-02,5,5,716,86380.9820873203,22,1585.5375472556746,669.6,246,0,0,0.0,0,0.0
1.0,0.25,imsa,Daytona 24 2026,caution_gambler,GTP,5,310782,GTP-02,5,5,716,86364.53683943185,26,1643.4765358808647,692.0,245,0,0,16.445247888448648,4,-57.93898862519018
1.0,0.25,imsa,Daytona 24 2026,track_position,GTP,5,310782,GTP-02,6,6,716,86380.9245778746,22,1604.0383042556746,623.2,244,-1,0,0.05750944570172578,0,-18.50075700000002
1.0,0.25,imsa,Daytona 24 2026,splash_and_dash,GTP,5,310782,GTP-02,6,6,715,86277.91355247477,24,1604.4971275669793,676.8000000000001,246,-1,-1,103.06853484552994,2,-18.959580311304762
1.0,0.25,imsa,Daytona 24 2026,lap_down,GTP,5,310782,GTP-02,6,6,716,86395.12521691198,22,1590.0280222556746,679.2,246,-1,0,-14.143129591684556,0,-4.49047500000006
1.0,0.25,imsa,Daytona 24 2026,agent,GTP,5,310782,GTP-02,11,60,586,86272.62889496784,482,22303.508068068222,8.8,268,-6,-130,108.35319235245697,460,-20717.97052081255
1.0,0.25,imsa,Daytona 24 2026,fuel_window,GTP,5,116623,GTP-03,2,2,740,86433.82315650934,25,1763.7666679962538,800.8000000000001,204,0,0,0.0,0,0.0
1.0,0.25,imsa,Daytona 24 2026,caution_gambler,GTP,5,116623,GTP-03,2,2,740,86436.77924805434,29,1733.1838852600845,818.4000000000001,203,0,0,-2.956091544998344,4,30.582782736169293
1.0,0.25,imsa,Daytona 24 2026,track_position,GTP,5,116623,GTP-03,3,3,739,86307.95196346563,25,1801.0890764890312,760.0,203,-1,-1,125.87119304371299,0,-37.32240849277741
1.0,0.25,imsa,Daytona 24 2026,splash_and_dash,GTP,5,116623,GTP-03,1,1,740,86415.50193428161,25,1724.0038826836837,796.8000000000001,204,1,0,18.321222227736143,0,39.76278531257003
1.0,0.25,imsa,Daytona 24 2026,lap_down,GTP,5,116623,GTP-03,3,3,739,86298.05707713692,25,1770.2329519962539,770.4000000000001,203,-1,-1,135.7660793724208,0,-6.466284000000087
1.0,0.25,imsa,Daytona 24 2026,agent,GTP,5,116623,GTP-03,11,60,579,86396.94401073328,547,26039.593733680846,39.2,222,-9,-161,36.87914577606716,522,-24275.827065684593
1.0,0.25,imsa,Daytona 24 2026,fuel_window,GTP,5,786779,GTP-07,6,6,758,86410.95733486311,26,1977.2221526065423,932.0000000000001,164,0,0,0.0,0,0.0
1.0,0.25,imsa,Daytona 24 2026,caution_gambler,GTP,5,786779,GTP-07,1,1,761,86415.24299591038,32,2073.988690034,800.8000000000001,164,5,3,-4.285661047266331,6,-96.76653742745748
1.0,0.25,imsa,Daytona 24 2026,track_position,GTP,5,786779,GTP-07,2,2,758,86352.2629249878,25,1971.399710366646,832.0,164,4,0,58.694409875315614,-1,5.822442239896191
1.0,0.25,imsa,Daytona 24 2026,splash_and_dash,GTP,5,786779,GTP-07,3,3,758,86382.47848918034,27,1978.8795821432832,928.8000000000001,164,3,0,28.478845682766405,1,-1.6574295367408922
1.0,0.25,imsa,Daytona 24 2026,lap_down,GTP,5,786779,GTP-07,4,4,758,86413.24096270668,26,1983.4190081065422,904.0000000000001,165,2,0,-2.283627843571594,0,-6.196855499999856
1.0,0.25,imsa,Daytona 24 2026,agent,GTP,5,786779,GTP-07,11,60,574,86411.08991878272,503,24813.92239061695,11.200000000000001,171,-5,-184,-0.13258391960698646,477,-22836.70023801041
1.0,0.25,imsa,Daytona 24 2026,fuel_window,GTP,5,491031,GTP-03,2,2,792,86324.74240287006,27,2265.1513173189173,997.6,100,0,0,0.0,0,0.0
1.0,0.25,imsa,Daytona 24 2026,caution_gambler,GTP,5,491031,GTP-03,3,3,794,86394.21367833705,30,2298.369364448735,979.2,101,-1,2,-69.47127546698903,3,-33.21804712981748
1.0,0.25,imsa,Daytona 24 2026,track_position,GTP,5,491031,GTP-03,2,2,793,86372.00032290524,27,2321.13426171686,953.6,101,0,1,-47.25792003517563,0,-55.98294439794245
1.0,0.25,imsa,Daytona 24 2026,splash_and_dash,GTP,5,491031,GTP-03,2,2,792,86325.50935361585,29,2271.7782209707107,991.2,100,0,0,-0.7669507457903819,2,-6.626903651793327
1.0,0.25,imsa,Daytona 24 2026,lap_down,GTP,5,491031,GTP-03,1,1,793,86297.03912987224,27,2312.78197821686,957.6,104,1,1,27.70327299782366,0,-47.63066089794256
1.0,0.25,imsa,Daytona 24 2026,agent,GTP,5,491031,GTP-03,11,60,579,86380.75080073862,551,27410.541059792802,14.4,109,-9,-213,-56.00839786855795,524,-25145.389742473886
1.0,0.25,imsa,Daytona 24 2026,fuel_window,GTP,5,847442,GTP-02,4,4,740,86310.02559356728,25,1795.147410818719,795.2,201,0,0,0.0,0,0.0
1.0,0.25,imsa,Daytona 24 2026,caution_gambler,GTP,5,847442,GTP-02,3,3,741,86369.0201501812,31,1831.054862173778,766.4000000000001,200,1,1,-58.994556613921304,6,-35.90745135505904
1.0,0.25,imsa,Daytona 24 2026,track_position,GTP,5,847442,GTP-02,3,3,739,86288.3983387621,25,1806.014360318719,746.4000000000001,201,1,-1,21.62725480517838,0,-10.866949499999919
1.0,0.25,imsa,Daytona 24 2026,splash_and_dash,GTP,5,847442,GTP-02,4,4,740,86292.4979551783,27,1768.4574788923044,809.6,201,0,0,17.527638388972264,2,26.6899319264146
1.0,0.25,imsa,Daytona 24 2026,lap_down,GTP,5,847442,GTP-02,6,6,740,86318.73688216043,25,1800.715599818719,782.4000000000001,201,-2,0,-8.711288593156496,0,-5.568189000000075
1.0,0.25,imsa,Daytona 24 2026,agent,GTP,5,847442,GTP-02,11,60,590,86384.33556863638,520,24577.09715271307,8.0,226,-7,-150,-74.30997506910353,495,-22781.949741894354
1.0,0.25,imsa,Daytona 24 2026,fuel_window,GTP,5,963960,GTP-09,8,8,748,86360.2801021703,25,1962.286782458699,807.2,189,0,0,0.0,0,0.0
1.0,0.25,imsa,Daytona 24 2026,caution_gambler,GTP,5,963960,GTP-09,8,8,747,86333.28863874167,30,2083.9847579461807,740.8000000000001,184,0,-1,26.99146342863969,5,-121.6979754874817
1.0,0.25,imsa,Daytona 24 2026,track_position,GTP,5,963960,GTP-09,11,11,747,86353.65127186182,25,2024.4783410904242,782.4000000000001,186,-3,-1,6.628830308487522,0,-62.19155863172523
1.0,0.25,imsa,Daytona 24 2026,splash_and_dash,GTP,5,963960,GTP-09,8,8,748,86360.2801021703,25,1962.286782458699,807.2,189,0,0,0.0,0,0.0
1.0,0.25,imsa,Daytona 24 2026,lap_down,GTP,5,963960,GTP-09,7,7,748,86332.67037286413,25,1963.184877458699,788.8000000000001,189,1,0,27.609729306175723,0,-0.8980950000000121
1.0,0.25,imsa,Daytona 24 2026,agent,GTP,5,963960,GTP-09,11,60,577,86318.90582630661,547,25748.21367801025,8.8,197,-3,-171,41.37427586369449,522,-23785.92689555155
1.0,0.25,imsa,Daytona 24 2026,fuel_window,GTP,5,703828,GTP-11,7,7,720,86387.68261662505,24,1828.641370856029,655.2,236,0,0,0.0,0,0.0
1.0,0.25,imsa,Daytona 24 2026,caution_gambler,GTP,5,703828,GTP-11,10,10,719,86369.86952366368,30,1989.1953892441275,616.8000000000001,234,-3,-1,17.813092961368966,6,-160.55401838809848
1.0,0.25,imsa,Daytona 24 2026,track_position,GTP,5,703828,GTP-11,6,6,721,86364.7218660682,24,1817.4640692411335,683.2,236,1,1,22.96075055685651,0,11.177301614895441
1.0,0.25,imsa,Daytona 24 2026,splash_and_dash,GTP,5,703828,GTP-11,7,7,719,86290.21510946234,26,1849.2730866872691,644.0,236,0,-1,97.46750716271345,2,-20.63171583124017
1.0,0.25,imsa,Daytona 24 2026,lap_down,GTP,5,703828,GTP-11,4,4,719,86306.0876093199,24,1836.634416356029,676.0,236,3,-1,81.59500730514992,0,-7.9930455000001075
1.0,0.25,imsa,Daytona 24 2026,agent,GTP,5,703828,GTP-11,11,60,580,86382.11574666334,521,23413.708302152423,12.8,250,-4,-140,5.566869961709017,497,-21585.066931296395
1.0,0.25,imsa,Daytona 24 2026,fuel_window,GTP,5,160041,GTP-02,10,10,775,86386.55151034915,26,2015.203327933026,968.8000000000001,133,0,0,0.0,0,0.0
1.0,0.25,imsa,Daytona 24 2026,caution_gambler,GTP,5,160041,GTP-02,6,6,775,86407.93576797629,30,2117.3395587435994,964.0000000000001,135,4,0,-21.38425762714178,4,-102.13623081057335
1.0,0.25,imsa,Daytona 24 2026,track_position,GTP,5,160041,GTP-02,9,9,775,86355.47031815739,26,2035.4104654330258,917.6,133,1,0,31.081192191762966,0,-20.207137499999817
1.0,0.25,imsa,Daytona 24 2026,splash_and_dash,GTP,5,160041,GTP-02,10,10,775,86385.59689545225,27,2031.514392477204,960.8000000000001,133,0,0,0.9546148968947819,1,-16.311064544177952
1.0,0.25,imsa,Daytona 24 2026,lap_down,GTP,5,160041,GTP-02,9,9,775,86395.27401744013,26,2019.6938029330258,983.2,133,1,0,-8.72250709097716,0,-4.490474999999833
1.0,0.25,imsa,Daytona 24 2026,agent,GTP,5,160041,GTP-02,11,60,573,86351.74130341872,557,27483.26150772961,10.4,142,-1,-202,34.81020693042956,531,-25468.058179796586
1.0,0.25,imsa,Daytona 24 2026,fuel_window,GTP,5,338149,GTP-06,1,1,733,86337.19685026162,24,1629.0548281849192,800.8000000000001,216,0,0,0.0,0,0.0
1.0,0.25,imsa,Daytona 24 2026,caution_gambler,GTP,5,338149,GTP-06,1,1,733,86342.65401431994,30,1827.147856386141,716.0,213,0,0,-5.457164058316266,6,-198.09302820122184
1.0,0.25,imsa,Daytona 24 2026,track_position,GTP,5,338149,GTP-06,3,3,732,86323.31770446782,24,1658.8715821849191,751.2,215,-2,-1,13.879145793805947,0,-29.816753999999946
1.0,0.25,imsa,Daytona 24 2026,splash_and_dash,GTP,5,338149,GTP-06,2,2,733,86342.51329589852,24,1628.8250753783022,805.6,216,-1,0,-5.316445636897697,0,0.22975280661694342
1.0,0.25,imsa,Daytona 24 2026,lap_down,GTP,5,338149,GTP-06,1,1,732,86306.50447390213,24,1644.3224431849192,783.2,215,0,-1,30.692376359496848,0,-15.267614999999978
1.0,0.25,imsa,Daytona 24 2026,agent,GTP,5,338149,GTP-06,11,60,577,86387.71978088975,553,25556.997502273585,10.4,229,-10,-156,-50.52293062812532,529,-23927.942674088667
1.0,0.25,imsa,Daytona 24 2026,fuel_window,GTP,5,649918,GTP-06,3,3,693,86361.7809836348,22,1384.9190774070844,557.6,290,0,0,0.0,0,0.0
1.0,0.25,imsa,Daytona 24 2026,caution_gambler,GTP,5,649918,GTP-06,5,5,694,86359.7366792722,28,1451.7671611047422,512.8000000000001,290,-2,1,2.044304362600087,6,-66.84808369765778
1.0,0.25,imsa,Daytona 24 2026,track_position,GTP,5,649918,GTP-06,5,5,693,86366.31967254472,21,1343.1258455582727,550.4000000000001,290,-2,0,-4.538688909917255,-1,41.79323184881173
1.0,0.25,imsa,Daytona 24 2026,splash_and_dash,GTP,5,649918,GTP-06,1,1,693,86355.03960713676,22,1375.9325693947999,565.6,290,2,0,6.741376498044701,0,8.986508012284503
1.0,0.25,imsa,Daytona 24 2026,lap_down,GTP,5,649918,GTP-06,7,7,692,86304.7056479283,22,1391.4751709070842,565.6,290,-4,-1,57.075335706496844,0,-6.556093499999861
1.0,0.25,imsa,Daytona 24 2026,agent,GTP,5,649918,GTP-06,11,60,586,86349.28658056441,492,21559.488216348534,11.200000000000001,312,-8,-107,12.494403070391854,470,-20174.56913894145
1.0,0.25,imsa,Daytona 24 2026,fuel_window,GTP,5,72475,GTP-09,7,7,724,86314.82748842578,23,1733.5772010880419,665.6,232,0,0,0.0,0,0.0
1.0,0.25,imsa,Daytona 24 2026,caution_gambler,GTP,5,72475,GTP-09,5,5,725,86314.4419106811,32,1951.546016507829,694.4000000000001,231,2,1,0.3855777446879074,9,-217.96881541978723
1.0,0.25,imsa,Daytona 24 2026,track_position,GTP,5,72475,GTP-09,7,7,725,86313.6401886316,23,1747.4976735880418,679.2,231,0,1,1.1872997941827634,0,-13.92047249999996
1.0,0.25,imsa,Daytona 24 2026,splash_and_dash,GTP,5,72475,GTP-09,7,7,724,86314.82748842578,23,1733.5772010880419,665.6,232,0,0,0.0,0,0.0
1.0,0.25,imsa,Daytona 24 2026,lap_down,GTP,5,72475,GTP-09,11,11,725,86297.90777367177,23,1739.504628088042,658.4000000000001,231,-4,1,16.919714754010784,0,-5.92742700000008
1.0,0.25,imsa,Daytona 24 2026,agent,GTP,5,72475,GTP-09,11,60,587,86412.63460454799,536,24081.47479935423,4.800000000000001,253,-4,-137,-97.8071161222033,513,-22347.897598266187
1.0,0.25,imsa,Daytona 24 2026,fuel_window,GTP,5,41913,GTP-10,5,5,766,86379.43789273297,25,2129.2390594631056,757.6,149,0,0,0.0,0,0.0
1.0,0.25,imsa,Daytona 24 2026,caution_gambler,GTP,5,41913,GTP-10,4,4,766,86323.07824219606,32,2219.3650912481853,828.8000000000001,149,1,0,56.359650536905974,7,-90.1260317850797
1.0,0.25,imsa,Daytona 24 2026,track_position,GTP,5,41913,GTP-10,8,8,765,86309.39893596574,25,2106.3637602142676,915.2,150,-3,-1,70.03895676722459,0,22.87529924883802
1.0,0.25,imsa,Daytona 24 2026,splash_and_dash,GTP,5,41913,GTP-10,3,3,766,86330.87836803602,26,2080.44461428031,757.6,149,2,0,48.55952469694603,1,48.7944451827957
1.0,0.25,imsa,Daytona 24 2026,lap_down,GTP,5,41913,GTP-10,8,8,766,86247.49622749348,25,2113.3689012142677,853.6,148,-3,0,131.9416652394866,0,15.870158248837924
1.0,0.25,imsa,Daytona 24 2026,agent,GTP,5,41913,GTP-10,11,60,575,86281.46747582506,526,26182.651197501436,13.600000000000001,161,-6,-191,97.97041690790502,501,-24053.41213803833
1.0,0.25,imsa,Daytona 24 2026,fuel_window,GTP,5,738847,GTP-06,3,3,778,86311.56628005118,28,2179.042106802086,824.8000000000001,129,0,0,0.0,0,0.0
1.0,0.25,imsa,Daytona 24 2026,caution_gambler,GTP,5,738847,GTP-06,3,3,778,86348.43667435122,30,2093.6543447168324,889.6,128,0,0,-36.8703943000437,2,85.3877620852536
1.0,0.25,imsa,Daytona 24 2026,track_position,GTP,5,738847,GTP-06,3,3,777,86218.47651572236,26,2166.829391964527,856.8000000000001,129,0,-1,93.089764328819,-2,12.212714837558906
1.0,0.25,imsa,Daytona 24 2026,splash_and_dash,GTP,5,738847,GTP-06,3,3,778,86295.93272074073,30,2181.2474546224807,836.0,129,0,0,15.63355931044498,2,-2.2053478203947634
1.0,0.25,imsa,Daytona 24 2026,lap_down,GTP,5,738847,GTP-06,3,3,778,86356.56093374356,26,2154.884728464527,860.0,129,0,0,-44.99465369238169,-2,24.15737833755884
1.0,0.25,imsa,Daytona 24 2026,agent,GTP,5,738847,GTP-06,11,60,580,86388.60835851774,560,27006.32835330602,11.200000000000001,135,-8,-198,-77.04207846656209,532,-24827.286246503936
1.0,0.25,imsa,Daytona 24 2026,fuel_window,GTP,5,156414,GTP-02,10,10,677,86331.52041121268,21,1487.3246184383659,484.00000000000006,314,0,0,0.0,0,0.0
1.0,0.25,imsa,Daytona 24 2026,caution_gambler,GTP,5,156414,GTP-02,7,7,678,86343.51675926562,28,1553.4771188801087,524.0,312,3,1,-11.996348052940448,7,-66.15250044174286
1.0,0.25,imsa,Daytona 24 2026,track_position,GTP,5,156414,GTP-02,8,8,678,86436.01018215998,21,1498.820234438366,476.8,316,2,1,-104.48977094730071,0,-11.495616000000155
1.0,0.25,imsa,Daytona 24 2026,splash_and_dash,GTP,5,156414,GTP-02,10,10,677,86331.52041121268,21,1487.3246184383659,484.00000000000006,314,0,0,0.0,0,0.0
1.0,0.25,imsa,Daytona 24 2026,lap_down,GTP,5,156414,GTP-02,1,1,677,86325.56375041087,21,1489.569855938366,457.6,313,9,0,5.95666080180672,0,-2.24523750000003
1.0,0.25,imsa,Daytona 24 2026,agent,GTP,5,156414,GTP-02,11,60,576,86333.48960437356,529,22576.59320512144,7.2,331,-1,-101,-1.969193160883151,508,-21089.268586683076
1.0,0.25,imsa,Daytona 24 2026,fuel_window,GTP,5,268038,GTP-06,4,4,758,86360.78601493909,27,2089.7066542726966,801.6,162,0,0,0.0,0,0.0
1.0,0.25,imsa,Daytona 24 2026,caution_gambler,GTP,5,268038,GTP-06,4,4,757,86254.43387328701,30,2177.996818977631,851.2,160,0,-1,106.35214165208163,3,-88.29016470493434
1.0,0.25,imsa,Daytona 24 2026,track_position,GTP,5,268038,GTP-06,4,4,757,86361.24546000629,24,1989.7417039464776,837.6,163,0,-1,-0.45944506720115896,-3,99.96495032621897
1.0,0.25,imsa,Daytona 24 2026,splash_and_dash,GTP,5,268038,GTP-06,7,7,757,86320.3673084751,29,2154.757526586176,793.6,162,-3,-1,40.41870646398456,2,-65.05087231347943
1.0,0.25,imsa,Daytona 24 2026,lap_down,GTP,5,268038,GTP-06,8,8,757,86343.06080444528,26,2085.9185069077535,814.4000000000001,162,-4,-1,17.725210493808845,-1,3.7881473649431427
1.0,0.25,imsa,Daytona 24 2026,agent,GTP,5,268038,GTP-06,11,60,580,86260.72703960216,508,25333.990138567828,11.200000000000001,177,-7,-178,100.05897533692769,481,-23244.28348429513
1.4,0.35,imsa,Daytona 24 2026,fuel_window,GTP,5,496254,GTP-03,1,1,743,86379.80148078303,25,1754.4230001660444,780.8000000000001,194,0,0,0.0,0,0.0
1.4,0.35,imsa,Daytona 24 2026,caution_gambler,GTP,5,496254,GTP-03,2,2,744,86387.52360191655,29,1809.9662266776168,807.2,193,-1,1,-7.722121133512701,4,-55.54322651157236
1.4,0.35,imsa,Daytona 24 2026,track_position,GTP,5,496254,GTP-03,1,1,744,86368.95527269552,25,1705.4301671448643,741.6,189,0,1,10.84620808751788,0,48.992833021180104
1.4,0.35,imsa,Daytona 24 2026,splash_and_dash,GTP,5,496254,GTP-03,1,1,743,86348.8601547967,26,1723.3568435311795,780.0000000000001,194,0,0,30.94132598633587,1,31.06615663486491
1.4,0.35,imsa,Daytona 24 2026,lap_down,GTP,5,496254,GTP-03,1,1,743,86379.80148078303,25,1754.4230001660444,780.8000000000001,194,0,0,0.0,0,0.0
1.4,0.35,imsa,Daytona 24 2026,agent,GTP,5,496254,GTP-03,11,60,560,86393.98992512572,502,27334.1407136671,5.6000000000000005,205,-10,-183,-14.188444342682487,477,-25579.717713501057
1.4,0.35,imsa,Daytona 24 2026,fuel_window,GTP,5,630088,GTP-05,6,6,793,86299.99070348973,27,2157.640586434002,1028.0,105,0,0,0.0,0,0.0
1.4,0.35,imsa,Daytona 24 2026,caution_gambler,GTP,5,630088,GTP-05,4,4,795,86351.15057619356,33,2382.223758222656,1017.6,105,2,2,-51.15987270382175,6,-224.583171788654
1.4,0.35,imsa,Daytona 24 2026,track_position,GTP,5,630088,GTP-05,1,1,795,86312.4570280201,26,2038.0618325560947,1000.0000000000001,104,5,2,-12.466324530367274,-1,119.5787538779075
1.4,0.35,imsa,Daytona 24 2026,splash_and_dash,GTP,5,630088,GTP-05,4,4,794,86373.85627935988,28,2131.87162287564,1024.0,105,2,1,-73.86557587014977,1,25.76896355836243
1.4,0.35,imsa,Daytona 24 2026,lap_down,GTP,5,630088,GTP-05,4,4,794,86356.7578117894,27,2160.2091381340024,1020.0000000000001,104,2,1,-56.7671082996676,0,-2.568551700000171
1.4,0.35,imsa,Daytona 24 2026,agent,GTP,5,630088,GTP-05,11,60,549,86257.55302069707,526,30812.752960664075,9.600000000000001,106,-5,-244,42.43768279266078,499,-28655.112374230073
1.4,0.35,imsa,Daytona 24 2026,fuel_window,GTP,5,589246,GTP-01,2,2,737,86307.64218948758,26,1829.5114076300822,768.0,202,0,0,0.0,0,0.0
1.4,0.35,imsa,Daytona 24 2026,caution_gambler,GTP,5,589246,GTP-01,2,2,737,86308.36595524769,32,1967.6184891264666,757.6,203,0,0,-0.7237657601071987,6,-138.10708149638435
1.4,0.35,imsa,Daytona 24 2026,track_position,GTP,5,589246,GTP-01,1,1,737,86270.6002861251,26,1858.1546508300821,763.2,203,1,0,37.04190336247848,0,-28.643243199999915
1.4,0.35,imsa,Daytona 24 2026,splash_and_dash,GTP,5,589246,GTP-01,1,1,738,86378.70810538593,28,1807.4193374743813,762.4000000000001,202,1,1,-71.06591589834716,2,22.092070155700867
1.4,0.35,imsa,Daytona 24 2026,lap_down,GTP,5,589246,GTP-01,1,1,738,86386.50302684928,26,1831.4572801300822,746.4000000000001,202,1,1,-78.86083736170258,0,-1.9458724999999504
1.4,0.35,imsa,Daytona 24 2026,agent,GTP,5,589246,GTP-01,11,60,560,86310.53992754023,511,27723.17576934054,7.2,216,-9,-177,-2.897738052648492,485,-25893.66436171046
1.4,0.35,imsa,Daytona 24 2026,fuel_window,GTP,5,923572,GTP-01,4,4,764,86348.07580355163,25,2072.8717377599937,873.6,155,0,0,0.0,0,0.0
1.4,0.35,imsa,Daytona 24 2026,caution_gambler,GTP,5,923572,GTP-01,1,1,765,86315.3660213298,29,2102.5782462988477,774.4000000000001,154,3,1,32.70978222183476,4,-29.706508538853996
1.4,0.35,imsa,Daytona 24 2026,track_position,GTP,5,923572,GTP-01,2,2,764,86322.93265092156,24,1992.865571667454,820.8000000000001,156,2,0,25.14315263007302,-1,80.00616609253962
1.4,0.35,imsa,Daytona 24 2026,splash_and_dash,GTP,5,923572,GTP-01,7,7,764,86350.1618468934,25,2069.1975027080966,865.6,155,-3,0,-2.0860433417692548,0,3.674235051897085
1.4,0.35,imsa,Daytona 24 2026,lap_down,GTP,5,923572,GTP-01,4,4,765,86393.5264631767,25,2080.6552277599935,865.6,155,0,1,-45.45065962507215,0,-7.7834899999998015
1.4,0.35,imsa,Daytona 24 2026,agent,GTP,5,923572,GTP-01,11,60,549,86295.34969562129,509,29430.529742110204,7.2,162,-7,-215,52.72610793034255,484,-27357.65800435021
1.4,0.35,imsa,Daytona 24 2026,fuel_window,GTP,5,210692,GTP-04,6,6,719,86405.53939680973,23,1710.351110913682,666.4000000000001,241,0,0,0.0,0,0.0
1.4,0.35,imsa,Daytona 24 2026,caution_gambler,GTP,5,210692,GTP-04,3,3,718,86321.44296053445,28,1802.0879478283268,690.4000000000001,238,3,-1,84.09643627528567,5,-91.73683691464475
1.4,0.35,imsa,Daytona 24 2026,track_position,GTP,5,210692,GTP-04,8,8,718,86358.29002505523,23,1666.0960856028455,727.2,241,-2,-1,47.24937175450032,0,44.25502531083657
1.4,0.35,imsa,Daytona 24 2026,splash_and_dash,GTP,5,210692,GTP-04,7,7,719,86418.52533989784,24,1711.9410071769423,671.2,241,-1,0,-12.98594308810425,1,-1.5898962632602434
1.4,0.35,imsa,Daytona 24 2026,lap_down,GTP,5,210692,GTP-04,8,8,718,86348.27462339726,23,1678.7112480809274,663.2,239,-2,-1,57.26477341247664,0,31.639862832754716
1.4,0.35,imsa,Daytona 24 2026,agent,GTP,5,210692,GTP-04,11,60,565,86306.15304132763,501,26694.389590587147,4.800000000000001,262,-5,-154,99.38635548210004,478,-24984.038479673465
1.4,0.35,imsa,Daytona 24 2026,fuel_window,GTP,5,819051,GTP-02,10,10,744,86372.56680915045,25,2151.7302478052,803.2,192,0,0,0.0,0,0.0
1.4,0.35,imsa,Daytona 24 2026,caution_gambler,GTP,5,819051,GTP-02,1,1,745,86323.2969807062,29,2108.8825949533957,761.6,187,9,1,49.26982844424492,4,42.84765285180447
1.4,0.35,imsa,Daytona 24 2026,track_position,GTP,5,819051,GTP-02,1,1,745,86333.24392977764,24,2065.787956470028,844.8000000000001,193,9,1,39.32287937280489,-1,85.94229133517229
1.4,0.35,imsa,Daytona 24 2026,splash_and_dash,GTP,5,819051,GTP-02,10,10,744,86374.42892398522,26,2137.1786067962694,818.4000000000001,192,0,0,-1.86211483477382,1,14.551641008930801
1.4,0.35,imsa,Daytona 24 2026,lap_down,GTP,5,819051,GTP-02,2,2,744,86336.32405962217,24,2055.6694194700276,777.6,192,8,0,36.24274952827545,-1,96.06082833517257
1.4,0.35,imsa,Daytona 24 2026,agent,GTP,5,819051,GTP-02,11,60,561,86293.13977600714,513,27693.145097657987,8.8,202,-1,-183,79.4270331433072,488,-25541.414849852787
1.4,0.35,imsa,Daytona 24 2026,fuel_window,GTP,5,805567,GTP-07,4,4,742,86395.97231691274,25,1834.5657266711837,766.4000000000001,196,0,0,0.0,0,0.0
1.4,0.35,imsa,Daytona 24 2026,caution_gambler,GTP,5,805567,GTP-07,1,1,743,86405.466788857,29,1921.1640390970083,767.2,194,3,1,-9.494471944257384,4,-86.59831242582459
1.4,0.35,imsa,Daytona 24 2026,track_position,GTP,5,805567,GTP-07,2,2,743,86398.12176512551,24,1824.3778922558008,780.8000000000001,196,2,1,-2.149448212774587,-1,10.187834415382895
1.4,0.35,imsa,Daytona 24 2026,splash_and_dash,GTP,5,805567,GTP-07,4,4,742,86371.38301573016,25,1809.3767628125013,772.8000000000001,196,0,0,24.589301182582858,0,25.188963858682428
1.4,0.35,imsa,Daytona 24 2026,lap_down,GTP,5,805567,GTP-07,4,4,742,86394.54523239545,24,1818.0732653558007,767.2,196,0,0,1.4270845172868576,-1,16.492461315383025
1.4,0.35,imsa,Daytona 24 2026,agent,GTP,5,805567,GTP-07,11,60,554,86387.55345562441,467,26050.575162553534,8.8,205,-7,-188,8.418861288329936,442,-24216.00943588235
1.4,0.35,imsa,Daytona 24 2026,fuel_window,GTP,5,787609,GTP-07,9,9,712,86419.38683461664,24,1827.3417242494868,616.8000000000001,255,0,0,0.0,0,0.0
1.4,0.35,imsa,Daytona 24 2026,caution_gambler,GTP,5,787609,GTP-07,5,5,713,86387.37521645907,28,1861.867218203354,627.2,255,4,1,32.01161815757223,4,-34.525493953867226
1.4,0.35,imsa,Daytona 24 2026,track_position,GTP,5,787609,GTP-07,11,11,713,86415.1881850197,24,1848.9798264494868,606.4000000000001,252,-2,1,4.19864959694678,0,-21.63810220000005
1.4,0.35,imsa,Daytona 24 2026,splash_and_dash,GTP,5,787609,GTP-07,8,8,712,86416.58460652657,24,1818.8221297143732,616.8000000000001,255,1,0,2.8022280900768237,0,8.519594535113583
1.4,0.35,imsa,Daytona 24 2026,lap_down,GTP,5,787609,GTP-07,6,6,713,86443.22149893366,24,1832.4009927494867,602.4000000000001,256,3,1,-23.834664317022543,0,-5.0592684999999165
1.4,0.35,imsa,Daytona 24 2026,agent,GTP,5,787609,GTP-07,11,60,559,86262.05113005158,539,27817.056849867407,8.0,268,-2,-153,157.33570456506277,515,-25989.71512561792
1.4,0.35,imsa,Daytona 24 2026,fuel_window,GTP,5,150213,GTP-01,8,8,730,86330.13077033365,24,1811.4782672464305,763.2,221,0,0,0.0,0,0.0
1.4,0.35,imsa,Daytona 24 2026,caution_gambler,GTP,5,150213,GTP-01,9,9,730,86310.82333695388,29,1902.6205047628468,756.0,220,-1,0,19.307433379770373,5,-91.14223751641634
1.4,0.35,imsa,Daytona 24 2026,track_position,GTP,5,150213,GTP-01,4,4,730,86312.51510761038,24,1841.1585872489552,756.8000000000001,219,4,0,17.61566272327036,0,-29.680320002524695
1.4,0.35,imsa,Daytona 24 2026,splash_and_dash,GTP,5,150213,GTP-01,8,8,730,86330.13077033365,24,1811.4782672464305,763.2,221,0,0,0.0,0,0.0
1.4,0.35,imsa,Daytona 24 2026,lap_down,GTP,5,150213,GTP-01,6,6,730,86311.73864995816,24,1819.1839223464306,756.8000000000001,219,2,0,18.39212037548714,0,-7.705655100000058
1.4,0.35,imsa,Daytona 24 2026,agent,GTP,5,150213,GTP-01,11,60,563,86332.3204970344,488,26827.622103281956,12.8,237,-3,-167,-2.189726700744359,464,-25016.143836035524
1.4,0.35,imsa,Daytona 24 2026,fuel_window,GTP,5,377395,GTP-03,6,6,746,86312.69939620937,26,2175.125823729537,784.8000000000001,189,0,0,0.0,0,0.0
1.4,0.35,imsa,Daytona 24 2026,caution_gambler,GTP,5,377395,GTP-03,2,2,748,86334.87922222305,26,1990.319891919678,811.2,187,4,2,-22.17982601368567,0,184.80593180985898
1.4,0.35,imsa,Daytona 24 2026,track_position,GTP,5,377395,GTP-03,2,2,747,86391.89713176379,24,2101.884779198373,776.0,191,4,1,-79.19773555442225,-2,73.24104453116388
1.4,0.35,imsa,Daytona 24 2026,splash_and_dash,GTP,5,377395,GTP-03,3,3,746,86304.2896677546,26,2152.9853791091605,787.2,189,3,0,8.409728454775177,0,22.140444620376456
1.4,0.35,imsa,Daytona 24 2026,lap_down,GTP,5,377395,GTP-03,5,5,746,86300.96284575707,25,2139.366144131608,797.6,189,1,0,11.736550452304073,-1,35.75967959792888
1.4,0.35,imsa,Daytona 24 2026,agent,GTP,5,377395,GTP-03,11,60,557,86282.75153580369,448,26361.190236902727,8.0,202,-5,-189,29.94786040567851,422,-24186.06441317319
1.4,0.35,imsa,Daytona 24 2026,fuel_window,GTP,5,591184,GTP-03,11,11,708,86398.30839424873,23,1709.2313052146867,671.2,263,0,0,0.0,0,0.0
1.4,0.35,imsa,Daytona 24 2026,caution_gambler,GTP,5,591184,GTP-03,11,11,706,86325.00758648523,26,1843.6316316517461,683.2,264,0,-2,73.30080776350223,3,-134.40032643705945
1.4,0.35,imsa,Daytona 24 2026,track_position,GTP,5,591184,GTP-03,8,8,708,86393.76631462769,23,1681.7638682454515,665.6,263,3,0,4.542079621038283,0,27.467436969235223
1.4,0.35,imsa,Daytona 24 2026,splash_and_dash,GTP,5,591184,GTP-03,11,11,708,86398.30839424873,23,1709.2313052146867,671.2,263,0,0,0.0,0,0.0
1.4,0.35,imsa,Daytona 24 2026,lap_down,GTP,5,591184,GTP-03,9,9,708,86389.84918625446,23,1671.1004869454514,680.8000000000001,264,2,0,8.459207994266762,0,38.130818269235306
1.4,0.35,imsa,Daytona 24 2026,agent,GTP,5,591184,GTP-03,11,60,566,86376.38098941851,371,21424.51144163457,8.8,286,0,-142,21.92740483021771,348,-19715.280136419886
1.4,0.35,imsa,Daytona 24 2026,fuel_window,GTP,5,175200,GTP-09,2,2,792,86362.50036023528,27,1953.9588904382026,1014.4000000000001,104,0,0,0.0,0,0.0
1.4,0.35,imsa,Daytona 24 2026,caution_gambler,GTP,5,175200,GTP-09,10,10,792,86360.26325838968,29,2077.623163269862,991.2,110,-8,0,2.23710184560332,2,-123.66427283165922
1.4,0.35,imsa,Daytona 24 2026,track_position,GTP,5,175200,GTP-09,9,9,791,86357.91949488527,27,2014.1657322330811,984.8000000000001,107,-7,-1,4.580865350013482,0,-60.20684179487853
1.4,0.35,imsa,Daytona 24 2026,splash_and_dash,GTP,5,175200,GTP-09,5,5,791,86312.70680886887,28,1996.2998651770442,1013.6,104,-3,-1,49.79355136641243,1,-42.34097473884162
1.4,0.35,imsa,Daytona 24 2026,lap_down,GTP,5,175200,GTP-09,2,2,792,86372.50483342567,27,1974.036384619654,992.8000000000001,107,0,0,-10.004473190390854,0,-20.077494181451357
1.4,0.35,imsa,Daytona 24 2026,agent,GTP,5,175200,GTP-09,11,60,552,86277.41136266685,517,30291.29210139657,11.200000000000001,115,-9,-240,85.08899756842584,490,-28337.333210958368
1.4,0.35,imsa,Daytona 24 2026,fuel_window,GTP,5,578871,GTP-09,9,9,710,86367.74399614728,24,1953.5063141676183,614.4000000000001,253,0,0,0.0,0,0.0
1.4,0.35,imsa,Daytona 24 2026,caution_gambler,GTP,5,578871,GTP-09,3,3,712,86447.01861221343,29,1895.0632514317072,640.8000000000001,251,6,2,-79.27461606614816,5,58.4430627359111
1.4,0.35,imsa,Daytona 24 2026,track_position,GTP,5,578871,GTP-09,1,1,711,86431.48009134803,22,1791.7683839502836,607.2,252,8,1,-63.736095200743875,-2,161.73793021733468
1.4,0.35,imsa,Daytona 24 2026,splash_and_dash,GTP,5,578871,GTP-09,8,8,710,86415.40642463611,25,1939.7528358859654,608.8000000000001,253,1,0,-47.662428488823934,1,13.75347828165286
1.4,0.35,imsa,Daytona 24 2026,lap_down,GTP,5,578871,GTP-09,10,10,709,86429.95858607236,23,1912.6946249258308,627.2,255,-1,-1,-62.214589925075416,-1,40.81168924178746
1.4,0.35,imsa,Daytona 24 2026,agent,GTP,5,578871,GTP-09,11,60,567,86371.60436819699,536,27204.921795077025,13.600000000000001,270,-2,-143,-3.8603720497048926,512,-25251.415480909407
1.4,0.35,imsa,Daytona 24 2026,fuel_window,GTP,5,325700,GTP-10,7,7,820,86407.9846059317,30,2710.654093348382,1112.8000000000002,53,0,0,0.0,0,0.0
1.4,0.35,imsa,Daytona 24 2026,caution_gambler,GTP,5,325700,GTP-10,6,6,819,86382.04134283679,31,2624.5684659373183,1138.4,52,1,-1,25.943263094915892,1,86.0856274110638
1.4,0.35,imsa,Daytona 24 2026,track_position,GTP,5,325700,GTP-10,2,2,819,86345.65955620527,28,2551.0844013225624,1136.0,50,5,-1,62.32504972643801,-2,159.56969202581968
1.4,0.35,imsa,Daytona 24 2026,splash_and_dash,GTP,5,325700,GTP-10,1,1,820,86385.83527186618,30,2674.860243261591,1118.4,53,6,0,22.14933406552882,0,35.793850086790826
1.4,0.35,imsa,Daytona 24 2026,lap_down,GTP,5,325700,GTP-10,2,2,819,86346.07913883419,28,2542.9895717225622,1132.0,51,5,-1,61.90546709751652,-2,167.66452162581982
1.4,0.35,imsa,Daytona 24 2026,agent,GTP,5,325700,GTP-10,11,60,544,86297.2243455414,522,32128.831260100455,12.0,54,-4,-276,110.76026039030694,492,-29418.177166752073
1.4,0.35,imsa,Daytona 24 2026,fuel_window,GTP,5,249170,GTP-11,1,1,759,86319.74972882097,25,1970.051069434543,918.4000000000001,160,0,0,0.0,0,0.0
1.4,0.35,imsa,Daytona 24 2026,caution_gambler,GTP,5,249170,GTP-11,1,1,760,86343.48724508342,28,1975.9894884906364,973.6,158,0,1,-23.737516262452118,3,-5.93841905609338
1.4,0.35,imsa,Daytona 24 2026,track_position,GTP,5,249170,GTP-11,1,1,760,86322.2574529856,25,1986.318563534543,904.8000000000001,162,0,1,-2.5077241646358743,0,-16.26749410000002
1.4,0.35,imsa,Daytona 24 2026,splash_and_dash,GTP,5,249170,GTP-11,2,2,759,86332.30576405155,26,1983.1877657751165,916.8000000000001,160,-1,0,-12.556035230576526,1,-13.136696340573508
1.4,0.35,imsa,Daytona 24 2026,lap_down,GTP,5,249170,GTP-11,3,3,760,86365.58986574238,25,1973.164465434543,970.4000000000001,161,-2,1,-45.84013692141161,0,-3.113395999999966
1.4,0.35,imsa,Daytona 24 2026,agent,GTP,5,249170,GTP-11,11,60,554,86319.6231146904,530,29615.161631005143,7.2,174,-10,-205,0.12661413056775928,505,-27645.1105615706
1.4,0.35,imsa,Daytona 24 2026,fuel_window,GTP,5,306604,GTP-03,8,8,705,86407.86017332078,23,1597.588200374999,609.6,269,0,0,0.0,0,0.0
1.4,0.35,imsa,Daytona 24 2026,caution_gambler,GTP,5,306604,GTP-03,7,7,705,86396.63452604893,30,1820.7230139689868,603.2,268,1,0,11.225647271843627,7,-223.13481359398793
1.4,0.35,imsa,Daytona 24 2026,track_position,GTP,5,306604,GTP-03,2,2,704,86382.39741347288,22,1569.6834855611019,560.8000000000001,267,6,-1,25.46275984789827,-1,27.904714813897044
1.4,0.35,imsa,Daytona 24 2026,splash_and_dash,GTP,5,306604,GTP-03,8,8,705,86407.86017332078,23,1597.588200374999,609.6,269,0,0,0.0,0,0.0
1.4,0.35,imsa,Daytona 24 2026,lap_down,GTP,5,306604,GTP-03,7,7,704,86344.02470095869,23,1603.7371574749989,605.6,269,1,-1,63.835472362086875,0,-6.148957099999961
1.4,0.35,imsa,Daytona 24 2026,agent,GTP,5,306604,GTP-03,11,60,566,86320.15620173184,538,27317.881984078555,4.800000000000001,288,-3,-139,87.70397158894048,515,-25720.293783703557
1.4,0.35,imsa,Daytona 24 2026,fuel_window,GTP,5,483288,GTP-11,6,6,759,86368.16977100038,24,1977.6691334231843,823.2,170,0,0,0.0,0,0.0
1.4,0.35,imsa,Daytona 24 2026,caution_gambler,GTP,5,483288,GTP-11,1,1,760,86381.48206186277,30,2126.818760993119,848.8000000000001,166,5,1,-13.31229086239182,6,-149.14962756993486
1.4,0.35,imsa,Daytona 24 2026,track_position,GTP,5,483288,GTP-11,5,5,759,86381.1658721151,24,1843.0218869447363,824.8000000000001,164,1,0,-12.996101114724297,0,134.6472464784481
1.4,0.35,imsa,Daytona 24 2026,splash_and_dash,GTP,5,483288,GTP-11,6,6,759,86368.16977100038,24,1977.6691334231843,823.2,170,0,0,0.0,0,0.0
1.4,0.35,imsa,Daytona 24 2026,lap_down,GTP,5,483288,GTP-11,2,2,760,86366.11168856936,24,1954.6779821491125,869.6,167,4,1,2.0580824310163734,0,22.991151274071854
1.4,0.35,imsa,Daytona 24 2026,agent,GTP,5,483288,GTP-11,11,60,557,86274.4881228521,514,28872.340061349038,12.0,180,-5,-202,93.68164814828197,490,-26894.670927925854
1.4,0.35,imsa,Daytona 24 2026,fuel_window,GTP,5,271636,GTP-10,9,9,743,86300.66970104707,25,1919.382973947953,833.6,194,0,0,0.0,0,0.0
1.4,0.35,imsa,Daytona 24 2026,caution_gambler,GTP,5,271636,GTP-10,6,6,745,86303.59162072078,29,1962.3735269806568,849.6,193,3,2,-2.921919673710363,4,-42.99055303270393
1.4,0.35,imsa,Daytona 24 2026,track_position,GTP,5,271636,GTP-10,8,8,745,86329.80203997073,25,1943.2782882479528,761.6,195,1,2,-29.132338923664065,0,-23.89531429999988
1.4,0.35,imsa,Daytona 24 2026,splash_and_dash,GTP,5,271636,GTP-10,11,11,743,86328.91503300054,27,1960.2886239578952,820.0000000000001,194,-2,0,-28.24533195346885,2,-40.90565000994229
1.4,0.35,imsa,Daytona 24 2026,lap_down,GTP,5,271636,GTP-10,11,11,743,86306.09640502871,25,1919.382973947953,832.0000000000001,195,-2,0,-5.426703981647734,0,0.0
1.4,0.35,imsa,Daytona 24 2026,agent,GTP,5,271636,GTP-10,11,60,564,86376.85818168281,484,27084.470478697967,7.2,211,-2,-179,-76.18848063574114,459,-25165.087504750016
1.4,0.35,imsa,Daytona 24 2026,fuel_window,GTP,5,7803,GTP-05,10,10,767,86448.98904017074,27,2140.7960999351008,912.8000000000001,150,0,0,0.0,0,0.0
1.4,0.35,imsa,Daytona 24 2026,caution_gambler,GTP,5,7803,GTP-05,3,3,768,86426.79642594136,30,2205.7904035378874,928.0000000000001,147,7,1,22.192614229381434,3,-64.99430360278666
1.4,0.35,imsa,Daytona 24 2026,track_position,GTP,5,7803,GTP-05,8,8,767,86394.75963429332,26,2137.1363740754905,996.8000000000001,149,2,0,54.22940587741323,-1,3.659725859610262
1.4,0.35,imsa,Daytona 24 2026,splash_and_dash,GTP,5,7803,GTP-05,5,5,767,86373.86847984637,27,2112.4525778617035,924.8000000000001,149,5,0,75.12056032437249,0,28.343522073397253
1.4,0.35,imsa,Daytona 24 2026,lap_down,GTP,5,7803,GTP-05,5,5,767,86360.327656511,26,2095.425144638744,938.4000000000001,149,5,0,88.66138365973893,-1,45.3709552963569
1.4,0.35,imsa,Daytona 24 2026,agent,GTP,5,7803,GTP-05,11,60,560,86424.89134756263,440,26589.27479435775,8.0,165,-1,-207,24.097692608105717,413,-24448.478694422647
1.4,0.35,imsa,Daytona 24 2026,fuel_window,GTP,5,772919,GTP-10,4,4,734,86404.31007092162,24,1973.5109993462063,738.4000000000001,216,0,0,0.0,0,0.0
1.4,0.35,imsa,Daytona 24 2026,caution_gambler,GTP,5,772919,GTP-10,11,11,733,86408.75335359485,27,2048.201641401666,738.4000000000001,214,-7,-1,-4.443282673222711,3,-74.69064205545988
1.4,0.35,imsa,Daytona 24 2026,track_position,GTP,5,772919,GTP-10,6,6,734,86404.79996969417,24,1956.6192628634656,678.4000000000001,216,-2,0,-0.48989877254643943,0,16.891736482740725
1.4,0.35,imsa,Daytona 24 2026,splash_and_dash,GTP,5,772919,GTP-10,4,4,734,86404.31008044773,24,1973.5109993462063,740.8000000000001,216,0,0,-9.526105714030564e-06,0,0.0
1.4,0.35,imsa,Daytona 24 2026,lap_down,GTP,5,772919,GTP-10,9,9,734,86415.48417823906,24,1976.3130557462064,720.8000000000001,217,-5,0,-11.174107317434391,0,-2.802056400000083
1.4,0.35,imsa,Daytona 24 2026,agent,GTP,5,772919,GTP-10,11,60,558,86325.72707916777,444,25851.264724441146,8.8,234,-7,-176,78.58299175385037,420,-23877.75372509494
1.4,0.35,imsa,Daytona 24 2026,fuel_window,GTP,5,702733,GTP-01,5,5,699,86319.67800129243,22,1612.898950092774,596.8000000000001,276,0,0,0.0,0,0.0
1.4,0.35,imsa,Daytona 24 2026,caution_gambler,GTP,5,702733,GTP-01,9,9,700,86346.39648324638,26,1613.7597137962327,573.6,276,-4,1,-26.718481953954324,4,-0.8607637034588151
1.4,0.35,imsa,Daytona 24 2026,track_position,GTP,5,702733,GTP-01,3,3,701,86382.85751735173,22,1573.1305303887746,584.0,278,2,2,-63.17951605930284,0,39.76841970399937
1.4,0.35,imsa,Daytona 24 2026,splash_and_dash,GTP,5,702733,GTP-01,5,5,699,86319.9763773119,22,1612.898950092774,596.8000000000001,276,0,0,-0.29837601947656367,0,0.0
1.4,0.35,imsa,Daytona 24 2026,lap_down,GTP,5,702733,GTP-01,11,11,699,86356.56050150208,22,1585.398606036933,628.0,276,-6,0,-36.88250020965643,0,27.50034405584097
1.4,0.35,imsa,Daytona 24 2026,agent,GTP,5,702733,GTP-01,11,60,569,86275.32725621354,445,23228.76877536752,3.2,298,-6,-130,44.350745078889304,423,-21615.869825274745
1.4,0.35,imsa,Daytona 24 2026,fuel_window,GTP,5,296252,GTP-09,11,11,748,86392.63285727866,24,2004.3711814779683,780.8000000000001,186,0,0,0.0,0,0.0
1.4,0.35,imsa,Daytona 24 2026,caution_gambler,GTP,5,296252,GTP-09,5,5,748,86364.98542771247,31,2162.7537580779776,822.4000000000001,187,6,0,27.647429566190112,7,-158.38257660000932
1.4,0.35,imsa,Daytona 24 2026,track_position,GTP,5,296252,GTP-09,3,3,748,86386.92125912012,24,2061.7359071703863,790.4000000000001,192,8,0,5.711598158537527,0,-57.364725692418006
1.4,0.35,imsa,Daytona 24 2026,splash_and_dash,GTP,5,296252,GTP-09,11,11,748,86392.63285727866,24,2004.3711814779683,780.8000000000001,186,0,0,0.0,0,0.0
1.4,0.35,imsa,Daytona 24 2026,lap_down,GTP,5,296252,GTP-09,9,9,748,86397.3003703643,24,2012.9330204779683,776.0,188,2,0,-4.6675130856456235,0,-8.561838999999964
1.4,0.35,imsa,Daytona 24 2026,agent,GTP,5,296252,GTP-09,11,60,557,86282.90295822253,539,29482.652651813954,10.4,199,0,-191,109.72989905612485,515,-27478.281470335987
1.4,0.35,imsa,Daytona 24 2026,fuel_window,GTP,5,595345,GTP-05,8,8,784,86337.10986206842,27,2196.7061046647295,939.2,120,0,0,0.0,0,0.0
1.4,0.35,imsa,Daytona 24 2026,caution_gambler,GTP,5,595345,GTP-05,1,1,785,86379.64462634889,30,2116.515605081073,1005.6,121,7,1,-42.53476428046997,3,80.19049958365667
1.4,0.35,imsa,Daytona 24 2026,track_position,GTP,5,595345,GTP-05,9,9,783,86387.60288010472,27,2212.19524976473,959.2,118,-1,-1,-50.49301803630078,0,-15.489145100000314
1.4,0.35,imsa,Daytona 24 2026,splash_and_dash,GTP,5,595345,GTP-05,1,1,784,86303.04976597746,27,2172.982357698954,939.2,120,7,0,34.06009609096509,0,23.723746965775717
1.4,0.35,imsa,Daytona 24 2026,lap_down,GTP,5,595345,GTP-05,9,9,785,86419.9557530102,27,2208.3813396647297,968.8000000000001,123,-1,1,-82.84589094178227,0,-11.675235000000157
1.4,0.35,imsa,Daytona 24 2026,agent,GTP,5,595345,GTP-05,11,60,554,86276.02723213554,500,29672.13129982857,8.0,134,-3,-230,61.08262993287644,473,-27475.42519516384
1.4,0.35,imsa,Daytona 24 2026,fuel_window,GTP,5,742968,GTP-03,9,9,733,86315.7213861225,25,1869.3744890384824,823.2,213,0,0,0.0,0,0.0
1.4,0.35,imsa,Daytona 24 2026,caution_gambler,GTP,5,742968,GTP-03,1,1,736,86354.16953016091,28,1808.2746480766384,740.8000000000001,206,8,3,-38.448144038411556,3,61.09984096184394
1.4,0.35,imsa,Daytona 24 2026,track_position,GTP,5,742968,GTP-03,8,8,733,86200.56503949546,25,1923.494242410588,792.0000000000001,212,1,0,115.15634662704542,0,-54.119753372105606
1.4,0.35,imsa,Daytona 24 2026,splash_and_dash,GTP,5,742968,GTP-03,4,4,734,86384.31089566603,26,1831.7448403423698,830.4000000000001,213,5,1,-68.58950954352622,1,37.629648696112554
1.4,0.35,imsa,Daytona 24 2026,lap_down,GTP,5,742968,GTP-03,7,7,734,86381.60258962492,25,1873.8889132384825,806.4000000000001,213,2,1,-65.88120350241661,0,-4.514424200000121
1.4,0.35,imsa,Daytona 24 2026,agent,GTP,5,742968,GTP-03,11,60,566,86303.12181958472,502,27311.762818020783,11.200000000000001,230,-2,-167,12.599566537784995,477,-25442.3883289823
1.4,0.35,imsa,Daytona 24 2026,fuel_window,GTP,5,789492,GTP-02,6,6,695,86348.75344329185,22,1487.9391858341041,630.4000000000001,277,0,0,0.0,0,0.0
1.4,0.35,imsa,Daytona 24 2026,caution_gambler,GTP,5,789492,GTP-02,10,10,695,86364.90689551408,28,1701.3794562719677,631.2,279,-4,0,-16.1534522222355,6,-213.44027043786355
1.4,0.35,imsa,Daytona 24 2026,track_position,GTP,5,789492,GTP-02,4,4,696,86369.21717245398,22,1497.4350436341042,628.8000000000001,277,2,1,-20.46372916213295,0,-9.495857800000067
1.4,0.35,imsa,Daytona 24 2026,splash_and_dash,GTP,5,789492,GTP-02,4,4,695,86324.5113739238,23,1462.6621959801814,631.2,277,2,0,24.24206936804694,1,25.276989853922714
1.4,0.35,imsa,Daytona 24 2026,lap_down,GTP,5,789492,GTP-02,6,6,695,86348.75344329185,22,1487.9391858341041,630.4000000000001,277,0,0,0.0,0,0.0
1.4,0.35,imsa,Daytona 24 2026,agent,GTP,5,789492,GTP-02,11,60,556,86261.58819739026,495,25166.602662288078,3.2,292,-5,-139,87.16524590158951,473,-23678.663476453974
1.4,0.35,imsa,Daytona 24 2026,fuel_window,GTP,5,849953,GTP-11,5,5,760,86393.56292955737,26,2108.3001781599523,888.8000000000001,160,0,0,0.0,0,0.0
1.4,0.35,imsa,Daytona 24 2026,caution_gambler,GTP,5,849953,GTP-11,4,4,762,86385.58381823117,30,2133.8335495396327,941.6,163,1,2,7.979111326203565,4,-25.533371379680375
1.4,0.35,imsa,Daytona 24 2026,track_position,GTP,5,849953,GTP-11,3,3,760,86389.81761887674,25,2061.741013155136,854.4000000000001,161,2,0,3.745310680635157,-1,46.55916500481635
1.4,0.35,imsa,Daytona 24 2026,splash_and_dash,GTP,5,849953,GTP-11,5,5,760,86393.56292955737,26,2108.3001781599523,888.8000000000001,160,0,0,0.0,0,0.0
1.4,0.35,imsa,Daytona 24 2026,lap_down,GTP,5,849953,GTP-11,2,2,760,86397.82068931716,26,2110.7130600599526,823.2,158,3,0,-4.257759759784676,0,-2.4128819000002295
1.4,0.35,imsa,Daytona 24 2026,agent,GTP,5,849953,GTP-11,11,60,558,86305.00877250874,536,29440.391142813896,7.2,175,-6,-202,88.55415704863844,510,-27332.090964653944
1.4,0.35,imsa,Daytona 24 2026,fuel_window,GTP,5,631374,GTP-06,3,3,757,86437.60102495663,26,2101.1824206601254,848.8000000000001,163,0,0,0.0,0,0.0
1.4,0.35,imsa,Daytona 24 2026,caution_gambler,GTP,5,631374,GTP-06,3,3,757,86307.45481370605,30,2233.3938921756203,837.6,163,0,0,130.1462112505833,4,-132.21147151549485
1.4,0.35,imsa,Daytona 24 2026,track_position,GTP,5,631374,GTP-06,1,1,758,86436.9321886888,25,2059.055119042382,826.4000000000001,165,2,1,0.6688362678250996,-1,42.12730161774334
1.4,0.35,imsa,Daytona 24 2026,splash_and_dash,GTP,5,631374,GTP-06,2,2,757,86415.34595496744,26,2072.645146096458,824.0,163,1,0,22.255069989187177,0,28.537274563667324
1.4,0.35,imsa,Daytona 24 2026,lap_down,GTP,5,631374,GTP-06,2,2,757,86330.68592931335,25,2038.973714842382,856.8000000000001,164,1,0,106.9150956432859,-1,62.20870581774352
1.4,0.35,imsa,Daytona 24 2026,agent,GTP,5,631374,GTP-06,11,60,550,86357.47063441665,462,27088.08598436773,9.600000000000001,171,-8,-207,80.13039053998364,436,-24986.903563707605
1.4,0.35,imsa,Daytona 24 2026,fuel_window,GTP,5,137229,GTP-07,2,2,774,86326.98565533031,27,2198.516937842754,928.8000000000001,136,0,0,0.0,0,0.0
1.4,0.35,imsa,Daytona 24 2026,caution_gambler,GTP,5,137229,GTP-07,3,3,776,86325.61029370925,33,2310.449356283108,948.8000000000001,134,-1,2,1.3753616210597102,6,-111.93241844035401
1.4,0.35,imsa,Daytona 24 2026,track_position,GTP,5,137229,GTP-07,7,7,774,86345.07240046827,26,2186.4577969967627,943.2,135,-5,0,-18.08674513795995,-1,12.059140845991351
1.4,0.35,imsa,Daytona 24 2026,splash_and_dash,GTP,5,137229,GTP-07,6,6,774,86382.43325570475,29,2258.8206233452242,923.2,136,-4,0,-55.44760037443484,2,-60.303685502470216
1.4,0.35,imsa,Daytona 24 2026,lap_down,GTP,5,137229,GTP-07,3,3,774,86305.7279141903,27,2200.462810342754,904.8000000000001,136,-1,0,21.257741140012513,0,-1.9458724999999504
1.4,0.35,imsa,Daytona 24 2026,agent,GTP,5,137229,GTP-07,11,60,551,86373.75626137752,531,30360.14760798074,10.4,146,-9,-223,-46.77060604721191,504,-28161.630670137987
1.4,0.35,imsa,Daytona 24 2026,fuel_window,GTP,5,971340,GTP-01,2,2,778,86392.0414989969,27,2221.3810786936046,895.2,135,0,0,0.0,0,0.0
1.4,0.35,imsa,Daytona 24 2026,caution_gambler,GTP,5,971340,GTP-01,1,1,778,86415.23790737412,30,2269.6183950234054,880.0000000000001,134,1,0,-23.196408377218177,3,-48.237316329800706
1.4,0.35,imsa,Daytona 24 2026,track_position,GTP,5,971340,GTP-01,9,9,776,86347.57496278205,27,2193.7451385665136,924.0000000000001,132,-7,-2,44.46653621485166,0,27.63594012709109
1.4,0.35,imsa,Daytona 24 2026,splash_and_dash,GTP,5,971340,GTP-01,1,1,778,86378.91358823594,27,2196.9149951703303,895.2,135,1,0,13.127910760958912,0,24.466083523274392
1.4,0.35,imsa,Daytona 24 2026,lap_down,GTP,5,971340,GTP-01,9,9,778,86445.27764359087,27,2229.5537431936045,908.0000000000001,133,-7,0,-53.23614459397504,0,-8.172664499999883
1.4,0.35,imsa,Daytona 24 2026,agent,GTP,5,971340,GTP-01,11,60,551,86399.38009835487,519,29655.941489301807,7.2,138,-9,-227,-7.338599357972271,492,-27434.560410608203
1.4,0.35,imsa,Daytona 24 2026,fuel_window,GTP,5,821139,GTP-09,2,2,757,86304.12586797692,27,2075.3506779799714,820.8000000000001,164,0,0,0.0,0,0.0
1.4,0.35,imsa,Daytona 24 2026,caution_gambler,GTP,5,821139,GTP-09,1,1,758,86376.06730020324,31,2084.040768178699,827.2,162,1,1,-71.94143222631828,4,-8.69009019872783
1.4,0.35,imsa,Daytona 24 2026,track_position,GTP,5,821139,GTP-09,6,6,757,86381.40407809959,27,2062.973189804512,840.0000000000001,163,-4,0,-77.27821012266213,0,12.377488175459348
1.4,0.35,imsa,Daytona 24 2026,splash_and_dash,GTP,5,821139,GTP-09,2,2,757,86305.29021226439,28,2077.919985496749,818.4000000000001,164,0,0,-1.1643442874628818,1,-2.569307516777826
1.4,0.35,imsa,Daytona 24 2026,lap_down,GTP,5,821139,GTP-09,5,5,757,86338.89100442233,27,2083.9125169799713,803.2,164,-3,0,-34.765136445406824,0,-8.561838999999964
1.4,0.35,imsa,Daytona 24 2026,agent,GTP,5,821139,GTP-09,11,60,552,86342.35704243738,536,29576.045152349485,8.8,175,-9,-205,-38.231174460452166,509,-27500.694474369513
1.4,0.35,imsa,Daytona 24 2026,fuel_window,GTP,5,717617,GTP-05,1,1,770,86343.95418568345,26,1958.5589256891114,886.4000000000001,148,0,0,0.0,0,0.0
1.4,0.35,imsa,Daytona 24 2026,caution_gambler,GTP,5,717617,GTP-05,1,1,771,86371.01352209502,29,1985.813117070073,924.8000000000001,145,0,1,-27.05933641156298,3,-27.25419138096163
1.4,0.35,imsa,Daytona 24 2026,track_position,GTP,5,717617,GTP-05,6,6,770,86323.27245722948,25,1929.7031707997294,930.4000000000001,146,-5,0,20.681728453972028,-1,28.85575488938207
1.4,0.35,imsa,Daytona 24 2026,splash_and_dash,GTP,5,717617,GTP-05,1,1,770,86321.38208435729,27,1953.8272558038157,867.2,148,0,0,22.572101326164557,1,4.731669885295787
1.4,0.35,imsa,Daytona 24 2026,lap_down,GTP,5,717617,GTP-05,1,1,770,86301.41000114076,26,1959.8821189891114,893.6,150,0,0,42.54418454269762,0,-1.3231932999999572
1.4,0.35,imsa,Daytona 24 2026,agent,GTP,5,717617,GTP-05,11,60,554,86352.85448482061,534,29910.400771200788,6.4,157,-10,-216,-8.900299137152615,508,-27951.841845511677
1.4,0.35,imsa,Daytona 24 2026,fuel_window,GTP,5,598074,GTP-02,4,4,753,86350.91263532954,26,2040.513180950186,790.4000000000001,176,0,0,0.0,0,0.0
1.4,0.35,imsa,Daytona 24 2026,caution_gambler,GTP,5,598074,GTP-02,1,1,753,86338.34954435374,29,2092.8979571145096,860.8000000000001,174,3,0,12.563090975803789,3,-52.38477616432351
1.4,0.35,imsa,Daytona 24 2026,track_position,GTP,5,598074,GTP-02,6,6,753,86387.40202954836,25,2027.4783491810279,867.2,176,-2,0,-36.48939421882096,-1,13.034831769158245
1.4,0.35,imsa,Daytona 24 2026,splash_and_dash,GTP,5,598074,GTP-02,2,2,753,86320.48674293963,27,2013.4326548605761,786.4000000000001,176,2,0,30.425892389917863,1,27.080526089609975
1.4,0.35,imsa,Daytona 24 2026,lap_down,GTP,5,598074,GTP-02,9,9,752,86342.1196061052,25,2016.114453781028,874.4000000000001,175,-5,-1,8.793029224339989,-1,24.398727169158064
1.4,0.35,imsa,Daytona 24 2026,agent,GTP,5,598074,GTP-02,11,60,554,86363.11017188185,513,28692.55036949543,10.4,186,-7,-199,-12.19753655231034,487,-26652.037188545244
1.4,0.35,imsa,Daytona 24 2026,fuel_window,GTP,5,66622,GTP-05,7,7,751,86346.53285500467,25,1930.7221685692066,799.2,179,0,0,0.0,0,0.0
1.4,0.35,imsa,Daytona 24 2026,caution_gambler,GTP,5,66622,GTP-05,1,1,752,86371.14513151035,26,1822.8828513565245,838.4000000000001,178,6,1,-24.612276505678892,1,107.83931721268209
1.4,0.35,imsa,Daytona 24 2026,track_position,GTP,5,66622,GTP-05,4,4,751,86364.69800670087,24,1887.0285625717213,848.8000000000001,180,3,0,-18.165151696201065,-1,43.69360599748529
1.4,0.35,imsa,Daytona 24 2026,splash_and_dash,GTP,5,66622,GTP-05,10,10,751,86299.36599412751,25,1882.7577347707977,796.8000000000001,179,-3,0,47.16686087715789,0,47.96443379840889
1.4,0.35,imsa,Daytona 24 2026,lap_down,GTP,5,66622,GTP-05,4,4,752,86350.49457997316,25,1932.3567014692067,760.8000000000001,178,3,1,-3.961724968496128,0,-1.6345329000000675
1.4,0.35,imsa,Daytona 24 2026,agent,GTP,5,66622,GTP-05,11,60,553,86365.9940514602,505,28449.503446054903,8.0,191,-4,-198,-19.461196455536992,480,-26518.781277485698
1.4,0.35,imsa,Daytona 24 2026,fuel_window,GTP,5,661064,GTP-10,5,5,713,86425.62442421052,23,1806.6664425104595,567.2,251,0,0,0.0,0,0.0
1.4,0.35,imsa,Daytona 24 2026,caution_gambler,GTP,5,661064,GTP-10,10,10,714,86395.80434650251,30,1933.3001027407504,681.6,251,-5,1,29.820077708005556,7,-126.63366023029084
1.4,0.35,imsa,Daytona 24 2026,track_position,GTP,5,661064,GTP-10,8,8,714,86324.62866104083,22,1675.9432930246849,664.0,253,-3,1,100.99576316968887,-1,130.72314948577468
1.4,0.35,imsa,Daytona 24 2026,splash_and_dash,GTP,5,661064,GTP-10,5,5,713,86425.62442421052,23,1806.6664425104595,567.2,251,0,0,0.0,0,0.0
1.4,0.35,imsa,Daytona 24 2026,lap_down,GTP,5,661064,GTP-10,8,8,713,86399.16090960358,23,1748.8791097532812,633.6,251,-3,0,26.46351460693404,0,57.78733275717832
1.4,0.35,imsa,Daytona 24 2026,agent,GTP,5,661064,GTP-10,11,60,571,86351.81497479709,499,26136.44132493186,11.200000000000001,275,-6,-142,73.8094494134275,476,-24329.7748824214
1.4,0.35,imsa,Daytona 24 2026,fuel_window,GTP,5,134497,GTP-03,5,5,714,86421.49504373444,22,1738.8214261820872,613.6,254,0,0,0.0,0,0.0
1.4,0.35,imsa,Daytona 24 2026,caution_gambler,GTP,5,134497,GTP-03,7,7,714,86436.63783258469,29,1964.854620112299,615.2,249,-2,0,-15.142788850251236,7,-226.03319393021184
1.4,0.35,imsa,Daytona 24 2026,track_position,GTP,5,134497,GTP-03,4,4,713,86431.57193643073,22,1755.0110853820872,640.8000000000001,251,1,-1,-10.076892696291907,0,-16.18965920000005
1.4,0.35,imsa,Daytona 24 2026,splash_and_dash,GTP,5,134497,GTP-03,4,4,714,86418.98658717964,22,1725.3668613402047,615.2,254,1,0,2.508456554802251,0,13.45456484188253
1.4,0.35,imsa,Daytona 24 2026,lap_down,GTP,5,134497,GTP-03,9,9,711,86323.47798210508,22,1770.9321771317323,648.8000000000001,251,-4,-3,98.0170616293617,0,-32.11075094964508
1.4,0.35,imsa,Daytona 24 2026,agent,GTP,5,134497,GTP-03,11,60,561,86267.24413467133,500,26838.435362270873,8.0,269,-6,-153,154.25090906310652,478,-25099.613936088786
1.4,0.35,imsa,Daytona 24 2026,fuel_window,GTP,5,310782,GTP-02,6,6,715,86304.04302837905,22,1598.5898612556744,661.6,244,0,0,0.0,0,0.0
1.4,0.35,imsa,Daytona 24 2026,caution_gambler,GTP,5,310782,GTP-02,5,5,715,86321.81341583293,26,1697.7933214808647,631.2,243,1,0,-17.770387453885633,4,-99.20346022519038
1.4,0.35,imsa,Daytona 24 2026,track_position,GTP,5,310782,GTP-02,7,7,715,86368.82547726083,22,1613.5341620556746,592.0,246,-1,0,-64.78244888178597,0,-14.944300800000292
1.4,0.35,imsa,Daytona 24 2026,splash_and_dash,GTP,5,310782,GTP-02,6,6,715,86304.44031734356,23,1599.3956160770576,660.8000000000001,244,0,0,-0.3972889645083342,1,-0.8057548213832888
1.4,0.35,imsa,Daytona 24 2026,lap_down,GTP,5,310782,GTP-02,6,6,715,86308.79012820615,22,1602.4816062556745,662.4000000000001,244,0,0,-4.74709982710192,0,-3.891745000000128
1.4,0.35,imsa,Daytona 24 2026,agent,GTP,5,310782,GTP-02,11,60,567,86351.87943434215,462,24712.362985669635,5.6000000000000005,268,-5,-148,-47.836405963098514,440,-23113.77312441396
1.4,0.35,imsa,Daytona 24 2026,fuel_window,GTP,5,116623,GTP-03,9,9,738,86384.78957341329,25,1792.4338603962537,728.8000000000001,202,0,0,0.0,0,0.0
1.4,0.35,imsa,Daytona 24 2026,caution_gambler,GTP,5,116623,GTP-03,1,1,738,86312.93599364655,29,1805.1512312600844,783.2,201,8,0,71.85357976674277,4,-12.717370863830638
1.4,0.35,imsa,Daytona 24 2026,track_position,GTP,5,116623,GTP-03,4,4,738,86332.12022100459,25,1826.247711089031,772.8000000000001,203,5,0,52.66935240870225,0,-33.81385069277735
1.4,0.35,imsa,Daytona 24 2026,splash_and_dash,GTP,5,116623,GTP-03,3,3,739,86424.63886523964,25,1760.0830653866192,736.8000000000001,202,6,1,-39.849291826350964,0,32.35079500963457
1.4,0.35,imsa,Daytona 24 2026,lap_down,GTP,5,116623,GTP-03,6,6,738,86355.69005326089,25,1802.9415718962537,767.2,203,3,0,29.099520152405603,0,-10.507711499999914
1.4,0.35,imsa,Daytona 24 2026,agent,GTP,5,116623,GTP-03,11,60,556,86301.23679207696,522,28897.975392230906,9.600000000000001,217,-2,-182,83.55278133632964,497,-27105.541531834653
1.4,0.35,imsa,Daytona 24 2026,fuel_window,GTP,5,786779,GTP-07,4,4,758,86406.4548322638,27,2081.6935239006116,779.2,164,0,0,0.0,0,0.0
1.4,0.35,imsa,Daytona 24 2026,caution_gambler,GTP,5,786779,GTP-07,3,3,759,86311.6707987927,32,2152.4043581339993,797.6,163,1,1,94.78403347110725,5,-70.71083423338769
1.4,0.35,imsa,Daytona 24 2026,track_position,GTP,5,786779,GTP-07,1,1,759,86381.27109347977,26,2033.8799725065421,802.4000000000001,164,3,1,25.183738784035086,-1,47.813551394069464
1.4,0.35,imsa,Daytona 24 2026,splash_and_dash,GTP,5,786779,GTP-07,5,5,758,86411.39913540633,28,2076.715325868761,795.2,164,-1,0,-4.94430314253259,1,4.978198031850752
1.4,0.35,imsa,Daytona 24 2026,lap_down,GTP,5,786779,GTP-07,1,1,758,86410.86552723247,26,2018.6243321065422,874.4000000000001,165,3,0,-4.410694968668395,-1,63.06919179406941
1.4,0.35,imsa,Daytona 24 2026,agent,GTP,5,786779,GTP-07,11,60,550,86334.13848541652,480,27618.74096499099,12.8,170,-7,-208,72.3163468472776,453,-25537.047441090377
1.4,0.35,imsa,Daytona 24 2026,fuel_window,GTP,5,491031,GTP-03,5,5,793,86352.0244448236,27,2286.2146387189173,1054.4,103,0,0,0.0,0,0.0
1.4,0.35,imsa,Daytona 24 2026,caution_gambler,GTP,5,491031,GTP-03,2,2,794,86301.64998192654,31,2391.6797452637943,964.0000000000001,100,3,1,50.37446289705986,4,-105.46510654487702
1.4,0.35,imsa,Daytona 24 2026,track_position,GTP,5,491031,GTP-03,1,1,794,86392.61714379875,27,2341.04802151686,943.2,104,4,1,-40.59269897514605,0,-54.833382797942704
1.4,0.35,imsa,Daytona 24 2026,splash_and_dash,GTP,5,491031,GTP-03,11,11,793,86379.936031645,29,2315.998329505932,1052.0,103,-6,0,-27.911586821399396,2,-29.78369078701462
1.4,0.35,imsa,Daytona 24 2026,lap_down,GTP,5,491031,GTP-03,5,5,793,86351.2140359904,27,2332.7975221168595,1017.6,106,0,0,0.8104088332038373,0,-46.58288339794217
1.4,0.35,imsa,Daytona 24 2026,agent,GTP,5,491031,GTP-03,11,60,553,86318.70744700765,519,30207.766446177317,11.200000000000001,108,-6,-240,33.31699781595671,492,-27921.5518074584
1.4,0.35,imsa,Daytona 24 2026,fuel_window,GTP,5,847442,GTP-02,5,5,740,86328.07233003563,25,1856.886564957354,788.0,201,0,0,0.0,0,0.0
1.4,0.35,imsa,Daytona 24 2026,caution_gambler,GTP,5,847442,GTP-02,3,3,741,86364.4266742757,31,1901.5613069737778,768.8000000000001,200,2,1,-36.35434424006962,6,-44.67474201642381
1.4,0.35,imsa,Daytona 24 2026,track_position,GTP,5,847442,GTP-02,3,3,740,86291.28297779044,25,1837.447685318719,747.2,203,2,0,36.789352245192276,0,19.438879638634944
1.4,0.35,imsa,Daytona 24 2026,splash_and_dash,GTP,5,847442,GTP-02,4,4,740,86306.23148723009,26,1842.120891503305,780.0,201,1,0,21.840842805540888,1,14.765673454048965
1.4,0.35,imsa,Daytona 24 2026,lap_down,GTP,5,847442,GTP-02,3,3,741,86393.39777638798,25,1857.664913957354,760.0,201,2,1,-65.32544635234808,0,-0.7783489999999347
1.4,0.35,imsa,Daytona 24 2026,agent,GTP,5,847442,GTP-02,11,60,567,86323.67925990638,497,27306.035186666333,8.8,225,-6,-173,4.393070129255648,472,-25449.14862170898
1.4,0.35,imsa,Daytona 24 2026,fuel_window,GTP,5,963960,GTP-09,5,5,748,86347.39983776398,25,1989.8104005586988,820.8000000000001,186,0,0,0.0,0,0.0
1.4,0.35,imsa,Daytona 24 2026,caution_gambler,GTP,5,963960,GTP-09,5,5,747,86317.32108490572,29,2071.868103654353,819.2,185,0,-1,30.078752858258667,4,-82.05770309565423
1.4,0.35,imsa,Daytona 24 2026,track_position,GTP,5,963960,GTP-09,10,10,748,86431.13600992764,25,2054.821977490424,817.6,187,-5,0,-83.73617216365528,0,-65.01157693172536
1.4,0.35,imsa,Daytona 24 2026,splash_and_dash,GTP,5,963960,GTP-09,5,5,748,86347.39983776398,25,1989.8104005586988,820.8000000000001,186,0,0,0.0,0,0.0
1.4,0.35,imsa,Daytona 24 2026,lap_down,GTP,5,963960,GTP-09,1,1,747,86336.50296721287,25,1993.7260947586988,759.2,185,4,-1,10.896870551106986,0,-3.9156941999999617
1.4,0.35,imsa,Daytona 24 2026,agent,GTP,5,963960,GTP-09,11,60,553,86281.89944393511,522,28637.561972677253,8.0,195,-6,-195,65.50039382887189,497,-26647.751572118555
1.4,0.35,imsa,Daytona 24 2026,fuel_window,GTP,5,703828,GTP-11,3,3,719,86329.71304606168,24,1827.9478315411334,641.6,234,0,0,0.0,0,0.0
1.4,0.35,imsa,Daytona 24 2026,caution_gambler,GTP,5,703828,GTP-11,7,7,719,86328.31601438853,29,1972.5446638689873,684.0,235,-4,0,1.3970316731429193,5,-144.59683232785392
1.4,0.35,imsa,Daytona 24 2026,track_position,GTP,5,703828,GTP-11,5,5,720,86319.31401010764,24,1850.7534572411334,712.8000000000001,237,-2,1,10.399035954033025,0,-22.805625700000064
1.4,0.35,imsa,Daytona 24 2026,splash_and_dash,GTP,5,703828,GTP-11,8,8,719,86380.08748699921,26,1867.9783576066857,651.2,234,-5,0,-50.37444093753584,2,-40.030526065552294
1.4,0.35,imsa,Daytona 24 2026,lap_down,GTP,5,703828,GTP-11,3,3,719,86329.71304606168,24,1827.9478315411334,641.6,234,0,0,0.0,0,0.0
1.4,0.35,imsa,Daytona 24 2026,agent,GTP,5,703828,GTP-11,11,60,561,86391.97434553494,498,26175.87751891777,7.2,247,-8,-158,-62.261299473262625,474,-24347.929687376636
1.4,0.35,imsa,Daytona 24 2026,fuel_window,GTP,5,160041,GTP-02,10,10,775,86425.32929460773,26,2039.4219564330258,986.4000000000001,133,0,0,0.0,0,0.0
1.4,0.35,imsa,Daytona 24 2026,caution_gambler,GTP,5,160041,GTP-02,7,7,775,86372.91488093114,28,2093.529605760973,921.6,134,3,0,52.414413676582626,2,-54.10764932794723
1.4,0.35,imsa,Daytona 24 2026,track_position,GTP,5,160041,GTP-02,10,10,775,86446.21934314567,26,2057.790992833026,903.2,135,0,0,-20.890048537941766,0,-18.36903640000014
1.4,0.35,imsa,Daytona 24 2026,splash_and_dash,GTP,5,160041,GTP-02,11,11,774,86271.41330097256,27,2064.1285225651536,1000.0000000000001,132,-1,-1,153.91599363516434,1,-24.70656613212782
1.4,0.35,imsa,Daytona 24 2026,lap_down,GTP,5,160041,GTP-02,6,6,775,86402.91207690332,26,2051.0971914330257,912.8000000000001,133,4,0,22.417217704409268,0,-11.67523499999993
1.4,0.35,imsa,Daytona 24 2026,agent,GTP,5,160041,GTP-02,11,60,547,86394.53366365454,530,30551.6078218671,8.8,141,-1,-228,30.795630953187356,504,-28512.185865434072
1.4,0.35,imsa,Daytona 24 2026,fuel_window,GTP,5,338149,GTP-06,2,2,732,86326.1248465142,24,1659.009290084919,791.2,217,0,0,0.0,0,0.0
1.4,0.35,imsa,Daytona 24 2026,caution_gambler,GTP,5,338149,GTP-06,8,8,733,86374.35353283891,30,1894.570841686141,784.0000000000001,215,-6,1,-48.228686324713635,6,-235.56155160122194
1.4,0.35,imsa,Daytona 24 2026,track_position,GTP,5,338149,GTP-06,1,1,733,86312.43209117063,24,1688.430882284919,684.8000000000001,214,1,1,13.692755343567114,0,-29.421592200000077
1.4,0.35,imsa,Daytona 24 2026,splash_and_dash,GTP,5,338149,GTP-06,2,2,732,86326.1248465142,24,1659.009290084919,791.2,217,0,0,0.0,0,0.0
1.4,0.35,imsa,Daytona 24 2026,lap_down,GTP,5,338149,GTP-06,1,1,732,86303.76799439309,24,1671.4628740849191,746.4000000000001,212,1,0,22.35685212111275,0,-12.453584000000092
1.4,0.35,imsa,Daytona 24 2026,agent,GTP,5,338149,GTP-06,11,60,556,86319.99933350514,533,28523.9143307833,7.2,224,-9,-176,6.125513009057613,509,-26864.90504069838
1.4,0.35,imsa,Daytona 24 2026,fuel_window,GTP,5,649918,GTP-06,9,9,691,86304.37960612547,22,1415.2447519070843,577.6,291,0,0,0.0,0,0.0
1.4,0.35,imsa,Daytona 24 2026,caution_gambler,GTP,5,649918,GTP-06,2,2,693,86324.87963071455,28,1546.517686424991,569.6,290,7,2,-20.500024589084205,6,-131.27293451790683
1.4,0.35,imsa,Daytona 24 2026,track_position,GTP,5,649918,GTP-06,7,7,692,86300.12351740216,21,1381.0700044997502,570.4000000000001,291,2,1,4.256088723312132,-1,34.17474740733405
1.4,0.35,imsa,Daytona 24 2026,splash_and_dash,GTP,5,649918,GTP-06,8,8,691,86297.38279208406,22,1404.8606788135598,580.0,291,1,0,6.9968140414130175,0,10.384073093524421
1.4,0.35,imsa,Daytona 24 2026,lap_down,GTP,5,649918,GTP-06,2,2,693,86363.48316888667,22,1416.9571197070843,624.0,290,7,2,-59.10356276120001,0,-1.7123678000000382
1.4,0.35,imsa,Daytona 24 2026,agent,GTP,5,649918,GTP-06,11,60,567,86362.71089837357,476,24188.002422697416,5.6000000000000005,309,-2,-124,-58.33129224809818,454,-22772.75767079033
1.4,0.35,imsa,Daytona 24 2026,fuel_window,GTP,5,72475,GTP-09,4,4,726,86437.82344464214,23,1753.9160591880418,656.0,232,0,0,0.0,0,0.0
1.4,0.35,imsa,Daytona 24 2026,caution_gambler,GTP,5,72475,GTP-09,5,5,725,86413.46978612532,32,2034.9670674078288,686.4000000000001,234,-1,-1,24.35365851681854,9,-281.05100821978704
1.4,0.35,imsa,Daytona 24 2026,track_position,GTP,5,72475,GTP-09,1,1,726,86378.0572281103,23,1767.6150015880419,652.0,232,3,0,59.76621653184702,0,-13.698942400000078
1.4,0.35,imsa,Daytona 24 2026,splash_and_dash,GTP,5,72475,GTP-09,4,4,726,86437.82344464214,23,1753.9160591880418,656.0,232,0,0,0.0,0,0.0
1.4,0.35,imsa,Daytona 24 2026,lap_down,GTP,5,72475,GTP-09,8,8,726,86447.64888408099,23,1754.6944081880417,645.6,232,-4,0,-9.825439438849571,0,-0.7783489999999347
1.4,0.35,imsa,Daytona 24 2026,agent,GTP,5,72475,GTP-09,11,60,565,86381.96967966524,514,26887.045759075998,5.6000000000000005,250,-7,-161,55.853764976898674,491,-25133.129699887955
1.4,0.35,imsa,Daytona 24 2026,fuel_window,GTP,5,41913,GTP-10,9,9,765,86353.89515728773,26,2149.4686198075588,899.2,148,0,0,0.0,0,0.0
1.4,0.35,imsa,Daytona 24 2026,caution_gambler,GTP,5,41913,GTP-10,4,4,766,86316.50841510801,32,2295.8169249481853,864.0,150,5,1,37.38674217971857,6,-146.3483051406265
1.4,0.35,imsa,Daytona 24 2026,track_position,GTP,5,41913,GTP-10,6,6,766,86346.04861141372,25,2157.0979663631056,804.0000000000001,149,3,1,7.846545874010189,-1,-7.629346555546817
1.4,0.35,imsa,Daytona 24 2026,splash_and_dash,GTP,5,41913,GTP-10,9,9,765,86354.95343523809,27,2147.9318609872143,900.8000000000001,148,0,0,-1.0582779503602069,1,1.536758820344403
1.4,0.35,imsa,Daytona 24 2026,lap_down,GTP,5,41913,GTP-10,8,8,765,86215.2000598589,25,2156.5531220631055,892.8000000000001,148,1,0,138.69509742883383,-1,-7.084502255546795
1.4,0.35,imsa,Daytona 24 2026,agent,GTP,5,41913,GTP-10,11,60,551,86392.87648561521,502,29044.310943899978,7.2,157,-2,-214,-38.981328327485244,476,-26894.84232409242
1.4,0.35,imsa,Daytona 24 2026,fuel_window,GTP,5,738847,GTP-06,2,2,777,86319.28892647837,27,2184.7974902069036,837.6,126,0,0,0.0,0,0.0
1.4,0.35,imsa,Daytona 24 2026,caution_gambler,GTP,5,738847,GTP-06,1,1,779,86389.99231363104,30,2146.1390165168323,882.4000000000001,126,1,2,-70.70338715266553,3,38.65847369007133
1.4,0.35,imsa,Daytona 24 2026,track_position,GTP,5,738847,GTP-06,1,1,779,86386.83794460868,26,2176.109706964527,820.0,129,1,2,-67.54901813030301,-1,8.687783242376554
1.4,0.35,imsa,Daytona 24 2026,splash_and_dash,GTP,5,738847,GTP-06,2,2,777,86309.51751405063,28,2157.233741243989,854.4000000000001,126,0,0,9.77141242774087,1,27.563748962914815
1.4,0.35,imsa,Daytona 24 2026,lap_down,GTP,5,738847,GTP-06,2,2,777,86319.28892647837,27,2184.7974902069036,837.6,126,0,0,0.0,0,0.0
1.4,0.35,imsa,Daytona 24 2026,agent,GTP,5,738847,GTP-06,11,60,555,86344.9032692222,535,30063.93192545196,9.600000000000001,136,-9,-222,-25.614342743821908,508,-27879.134435245058
1.4,0.35,imsa,Daytona 24 2026,fuel_window,GTP,5,156414,GTP-02,3,3,677,86415.13160545481,21,1515.878052138366,441.6,313,0,0,0.0,0,0.0
1.4,0.35,imsa,Daytona 24 2026,caution_gambler,GTP,5,156414,GTP-02,6,6,678,86314.79617172222,28,1631.1264125801085,509.6,313,-3,1,100.33543373258726,7,-115.24836044174253
1.4,0.35,imsa,Daytona 24 2026,track_position,GTP,5,156414,GTP-02,1,1,677,86406.51185369513,21,1523.5058723383659,508.00000000000006,314,2,0,8.619751759673818,0,-7.62782019999986
1.4,0.35,imsa,Daytona 24 2026,splash_and_dash,GTP,5,156414,GTP-02,3,3,677,86415.13160545481,21,1515.878052138366,441.6,313,0,0,0.0,0,0.0
1.4,0.35,imsa,Daytona 24 2026,lap_down,GTP,5,156414,GTP-02,3,3,677,86415.13160545481,21,1515.878052138366,441.6,313,0,0,0.0,0,0.0
1.4,0.35,imsa,Daytona 24 2026,agent,GTP,5,156414,GTP-02,11,60,560,86321.23208495716,515,25396.764411544227,2.4000000000000004,328,-8,-117,93.8995204976527,494,-23880.88635940586
1.4,0.35,imsa,Daytona 24 2026,fuel_window,GTP,5,268038,GTP-06,4,4,757,86390.77788257606,26,2106.2034793077532,877.6,162,0,0,0.0,0,0.0
1.4,0.35,imsa,Daytona 24 2026,caution_gambler,GTP,5,268038,GTP-06,3,3,759,86325.16495885966,29,2116.8049476043743,841.6,161,1,2,65.61292371639865,3,-10.601468296621078
1.4,0.35,imsa,Daytona 24 2026,track_position,GTP,5,268038,GTP-06,5,5,758,86363.83322149914,24,2003.8298208464776,816.8000000000001,161,-1,1,26.944661076922785,-2,102.37365846127568
1.4,0.35,imsa,Daytona 24 2026,splash_and_dash,GTP,5,268038,GTP-06,4,4,757,86385.90134896415,27,2094.434883023461,883.2,162,0,0,4.876533611910418,1,11.768596284292016
1.4,0.35,imsa,Daytona 24 2026,lap_down,GTP,5,268038,GTP-06,4,4,757,86359.42452741611,25,2026.9833909781917,872.8000000000001,162,0,0,31.353355159953935,-1,79.22008832956158
1.4,0.35,imsa,Daytona 24 2026,agent,GTP,5,268038,GTP-06,11,60,558,86277.10542656577,486,27976.86505061804,4.800000000000001,177,-7,-199,113.67245601028844,460,-25870.661571310284
1.8,0.45,imsa,Daytona 24 2026,fuel_window,GTP,5,496254,GTP-03,2,2,743,86361.47431139843,25,1810.808168568552,748.0,190,0,0,0.0,0,0.0
1.8,0.45,imsa,Daytona 24 2026,caution_gambler,GTP,5,496254,GTP-03,4,4,741,86308.6566820115,30,1934.702174994175,769.6,194,-2,-2,52.81762938693282,5,-123.89400642562305
1.8,0.45,imsa,Daytona 24 2026,track_position,GTP,5,496254,GTP-03,2,2,742,86324.93082824063,25,1728.7087895448642,816.8000000000001,190,0,-1,36.54348315780226,0,82.09937902368779
1.8,0.45,imsa,Daytona 24 2026,splash_and_dash,GTP,5,496254,GTP-03,2,2,743,86350.21201576003,26,1799.2806300372029,747.2,190,0,0,11.262295638400246,1,11.527538531349137
1.8,0.45,imsa,Daytona 24 2026,lap_down,GTP,5,496254,GTP-03,4,4,742,86303.32378475528,25,1816.7355955685518,741.6,191,-2,-1,58.15052664314862,0,-5.927426999999852
1.8,0.45,imsa,Daytona 24 2026,agent,GTP,5,496254,GTP-03,11,60,542,86373.68790972391,483,29813.722652420114,5.6000000000000005,206,-9,-201,-12.213598325484782,458,-28002.914483851564
1.8,0.45,imsa,Daytona 24 2026,fuel_window,GTP,5,630088,GTP-05,4,4,794,86303.07873053172,28,2246.4020581588034,960.0000000000001,102,0,0,0.0,0,0.0
1.8,0.45,imsa,Daytona 24 2026,caution_gambler,GTP,5,630088,GTP-05,8,8,793,86303.73224009827,32,2376.9843320422992,1054.4,105,-4,-1,-0.6535095665458357,4,-130.58227388349587
1.8,0.45,imsa,Daytona 24 2026,track_position,GTP,5,630088,GTP-05,1,1,795,86281.07152214523,27,2197.090906134002,964.0000000000001,104,3,1,22.007208386494312,-1,49.31115202480123
1.8,0.45,imsa,Daytona 24 2026,splash_and_dash,GTP,5,630088,GTP-05,2,2,794,86260.22068830421,29,2267.336451787825,960.8000000000001,102,2,0,42.85804222751176,1,-20.934393629021542
1.8,0.45,imsa,Daytona 24 2026,lap_down,GTP,5,630088,GTP-05,3,3,794,86311.12574506091,27,2175.0771941082103,979.2,104,1,0,-8.047014529191074,-1,71.32486405059308
1.8,0.45,imsa,Daytona 24 2026,agent,GTP,5,630088,GTP-05,11,60,525,86321.9784637344,504,33694.945279263,9.600000000000001,109,-7,-269,-18.899733202677453,476,-31448.5432211042
1.8,0.45,imsa,Daytona 24 2026,fuel_window,GTP,5,589246,GTP-01,1,1,737,86309.31920667703,26,1874.4640560300822,696.8000000000001,203,0,0,0.0,0,0.0
1.8,0.45,imsa,Daytona 24 2026,caution_gambler,GTP,5,589246,GTP-01,2,2,737,86341.07906442885,32,2050.5545687264666,807.2,203,-1,0,-31.759857751821983,6,-176.0905126963844
1.8,0.45,imsa,Daytona 24 2026,track_position,GTP,5,589246,GTP-01,2,2,737,86355.65900692869,26,1895.0124696300823,757.6,205,-1,0,-46.33980025166238,0,-20.548413600000003
1.8,0.45,imsa,Daytona 24 2026,splash_and_dash,GTP,5,589246,GTP-01,1,1,737,86303.07303668984,27,1863.9438121426983,700.8000000000001,203,0,0,6.246169987192843,1,10.520243887383913
1.8,0.45,imsa,Daytona 24 2026,lap_down,GTP,5,589246,GTP-01,2,2,737,86346.47300476678,26,1881.0500860300822,727.2,203,-1,0,-37.15379808975558,0,-6.586029999999937
1.8,0.45,imsa,Daytona 24 2026,agent,GTP,5,589246,GTP-01,11,60,536,86261.6464171124,486,30068.671503755584,2.4000000000000004,210,-10,-201,47.672789564632694,460,-28194.2074477255
1.8,0.45,imsa,Daytona 24 2026,fuel_window,GTP,5,923572,GTP-01,4,4,763,86241.84540288795,25,2113.6153142599937,799.2,154,0,0,0.0,0,0.0
1.8,0.45,imsa,Daytona 24 2026,caution_gambler,GTP,5,923572,GTP-01,3,3,764,86345.91532680516,29,2157.7152919988475,888.0000000000001,152,1,1,-104.06992391720996,4,-44.099977738853795
1.8,0.45,imsa,Daytona 24 2026,track_position,GTP,5,923572,GTP-01,2,2,763,86309.0850944188,24,2003.1637276674542,873.6,157,2,0,-67.23969153084909,-1,110.45158659253957
1.8,0.45,imsa,Daytona 24 2026,splash_and_dash,GTP,5,923572,GTP-01,4,4,763,86253.30643465537,25,2066.4306905689073,812.0,154,0,0,-11.461031767423265,0,47.18462369108647
1.8,0.45,imsa,Daytona 24 2026,lap_down,GTP,5,923572,GTP-01,9,9,763,86327.16093927567,25,2105.2031577599937,897.6,154,-5,0,-85.31553638771584,0,8.412156500000037
1.8,0.45,imsa,Daytona 24 2026,agent,GTP,5,923572,GTP-01,11,60,529,86301.73376002153,488,32089.67589156962,6.4,163,-7,-234,-59.88835713357548,463,-29976.060577309625
1.8,0.45,imsa,Daytona 24 2026,fuel_window,GTP,5,210692,GTP-04,11,11,719,86387.08853569663,23,1741.179718613682,705.6,240,0,0,0.0,0,0.0
1.8,0.45,imsa,Daytona 24 2026,caution_gambler,GTP,5,210692,GTP-04,5,5,719,86348.6093985888,28,1874.977338028327,672.0,239,6,0,38.479137107831775,5,-133.79761941464494
1.8,0.45,imsa,Daytona 24 2026,track_position,GTP,5,210692,GTP-04,6,6,719,86303.0256022374,23,1693.9969036028456,676.8000000000001,241,5,0,84.06293345923768,0,47.18281501083652
1.8,0.45,imsa,Daytona 24 2026,splash_and_dash,GTP,5,210692,GTP-04,8,8,719,86345.59564374702,24,1751.7855075015302,692.8000000000001,239,3,0,41.49289194961602,1,-10.60578888784812
1.8,0.45,imsa,Daytona 24 2026,lap_down,GTP,5,210692,GTP-04,7,7,720,86403.51683854913,23,1712.1024201809273,650.4000000000001,240,4,1,-16.428302852495108,0,29.077298432754787
1.8,0.45,imsa,Daytona 24 2026,agent,GTP,5,210692,GTP-04,11,60,543,86396.34968585981,481,29222.710268677678,4.800000000000001,258,0,-176,-9.261150163176353,458,-27481.530550063995
1.8,0.45,imsa,Daytona 24 2026,fuel_window,GTP,5,819051,GTP-02,11,11,744,86380.36980703734,24,2078.073896070028,810.4000000000001,195,0,0,0.0,0,0.0
1.8,0.45,imsa,Daytona 24 2026,caution_gambler,GTP,5,819051,GTP-02,1,1,745,86320.74614988662,30,2208.7135913041107,834.4000000000001,187,10,1,59.62365715071792,6,-130.63969523408286
1.8,0.45,imsa,Daytona 24 2026,track_position,GTP,5,819051,GTP-02,4,4,744,86358.57518679784,24,2092.3416319700277,766.4000000000001,192,7,0,21.794620239496,0,-14.267735899999934
1.8,0.45,imsa,Daytona 24 2026,splash_and_dash,GTP,5,819051,GTP-02,11,11,743,86371.44096237031,26,2180.6979348847067,796.0,195,0,-1,8.92884466702526,2,-102.6240388146789
1.8,0.45,imsa,Daytona 24 2026,lap_down,GTP,5,819051,GTP-02,7,7,744,86298.95111457765,24,2083.0134185700276,827.2,195,4,0,81.41869245968701,0,-4.939522499999839
1.8,0.45,imsa,Daytona 24 2026,agent,GTP,5,819051,GTP-02,11,60,543,86377.02091481812,491,30206.00436265958,9.600000000000001,203,0,-201,3.348892219219124,467,-28127.93046658955
1.8,0.45,imsa,Daytona 24 2026,fuel_window,GTP,5,805567,GTP-07,4,4,741,86327.34317854587,26,1909.2659540575257,728.0,195,0,0,0.0,0,0.0
1.8,0.45,imsa,Daytona 24 2026,caution_gambler,GTP,5,805567,GTP-07,2,2,743,86337.29516312397,29,1978.9474713970083,744.0,195,2,2,-9.951984578103293,3,-69.68151733948253
1.8,0.45,imsa,Daytona 24 2026,track_position,GTP,5,805567,GTP-07,1,1,742,86352.67500955277,24,1853.7396114558007,714.4000000000001,194,3,1,-25.331831006900757,-2,55.52634260172499
1.8,0.45,imsa,Daytona 24 2026,splash_and_dash,GTP,5,805567,GTP-07,8,8,741,86422.36934072258,26,1921.261511440108,733.6,196,-4,0,-95.02616217671311,0,-11.99555738258232
1.8,0.45,imsa,Daytona 24 2026,lap_down,GTP,5,805567,GTP-07,3,3,741,86303.63421554527,25,1867.4180417711839,742.4000000000001,195,1,0,23.70896300059394,-1,41.84791228634185
1.8,0.45,imsa,Daytona 24 2026,agent,GTP,5,805567,GTP-07,11,60,532,86335.81316292235,449,28688.71892470706,10.4,204,-7,-209,-8.469984376482898,423,-26779.452970649534
1.8,0.45,imsa,Daytona 24 2026,fuel_window,GTP,5,787609,GTP-07,9,9,711,86409.43874307713,24,1868.2768943494868,666.4000000000001,253,0,0,0.0,0,0.0
1.8,0.45,imsa,Daytona 24 2026,caution_gambler,GTP,5,787609,GTP-07,3,3,712,86418.02208055912,29,2016.7671117904456,688.0,254,6,1,-8.583337481992203,5,-148.49021744095876
1.8,0.45,imsa,Daytona 24 2026,track_position,GTP,5,787609,GTP-07,3,3,712,86408.19230105431,23,1815.3304856852037,716.8000000000001,253,6,1,1.2464420228207018,-1,52.946408664283126
1.8,0.45,imsa,Daytona 24 2026,splash_and_dash,GTP,5,787609,GTP-07,7,7,711,86402.24630989708,24,1858.4734476891995,666.4000000000001,253,2,0,7.19243318005465,0,9.803446660287364
1.8,0.45,imsa,Daytona 24 2026,lap_down,GTP,5,787609,GTP-07,11,11,711,86409.29359405917,24,1873.3481374494868,722.4000000000001,253,-2,0,0.14514901796064805,0,-5.071243099999947
1.8,0.45,imsa,Daytona 24 2026,agent,GTP,5,787609,GTP-07,11,60,544,86271.47543370738,523,30603.723398576494,5.6000000000000005,264,-2,-167,137.96330936974846,499,-28735.446504227006
1.8,0.45,imsa,Daytona 24 2026,fuel_window,GTP,5,150213,GTP-01,8,8,729,86317.41880559486,24,1857.6104137464306,737.6,218,0,0,0.0,0,0.0
1.8,0.45,imsa,Daytona 24 2026,caution_gambler,GTP,5,150213,GTP-01,9,9,730,86336.57123727983,29,1970.761966062847,704.0,214,-1,1,-19.152431684968178,5,-113.15155231641643
1.8,0.45,imsa,Daytona 24 2026,track_position,GTP,5,150213,GTP-01,5,5,730,86317.33304056541,24,1881.9321002489553,735.2,219,3,1,0.08576502944924869,0,-24.3216865025247
1.8,0.45,imsa,Daytona 24 2026,splash_and_dash,GTP,5,150213,GTP-01,8,8,729,86317.41880559486,24,1857.6104137464306,737.6,218,0,0,0.0,0,0.0
1.8,0.45,imsa,Daytona 24 2026,lap_down,GTP,5,150213,GTP-01,7,7,730,86303.53392264867,24,1874.6874672489553,745.6,219,1,1,13.884882946193102,0,-17.077053502524677
1.8,0.45,imsa,Daytona 24 2026,agent,GTP,5,150213,GTP-01,11,60,540,86263.72159181976,464,29117.311746851596,5.6000000000000005,233,-3,-189,53.697213775099954,440,-27259.701333105164
1.8,0.45,imsa,Daytona 24 2026,fuel_window,GTP,5,377395,GTP-03,5,5,747,86353.27531385781,26,2163.6906541256526,816.0000000000001,188,0,0,0.0,0,0.0
1.8,0.45,imsa,Daytona 24 2026,caution_gambler,GTP,5,377395,GTP-03,3,3,746,86313.12957660542,26,2031.674173019678,795.2,185,2,-1,40.145737252387335,0,132.01648110597466
1.8,0.45,imsa,Daytona 24 2026,track_position,GTP,5,377395,GTP-03,2,2,746,86302.4420178569,24,2124.582633498373,802.4000000000001,189,3,-1,50.83329600091383,-2,39.10802062727953
1.8,0.45,imsa,Daytona 24 2026,splash_and_dash,GTP,5,377395,GTP-03,4,4,747,86331.86188116776,26,2147.864770781781,810.4000000000001,188,1,0,21.413432690053014,0,15.825883343871737
1.8,0.45,imsa,Daytona 24 2026,lap_down,GTP,5,377395,GTP-03,9,9,746,86329.62039703512,25,2168.2129555316083,780.8000000000001,191,-4,-1,23.65491682269203,-1,-4.522301405955659
1.8,0.45,imsa,Daytona 24 2026,agent,GTP,5,377395,GTP-03,11,60,536,86337.81076512975,425,28448.679713887363,5.6000000000000005,196,-6,-211,15.464548728064983,399,-26284.98905976171
1.8,0.45,imsa,Daytona 24 2026,fuel_window,GTP,5,591184,GTP-03,10,10,707,86309.23882963492,23,1744.424654614687,629.6,261,0,0,0.0,0,0.0
1.8,0.45,imsa,Daytona 24 2026,caution_gambler,GTP,5,591184,GTP-03,11,11,707,86334.98384604581,26,1899.7446072517462,688.0,263,-1,0,-25.74501641088864,3,-155.31995263705926
1.8,0.45,imsa,Daytona 24 2026,track_position,GTP,5,591184,GTP-03,10,10,707,86320.54955277123,23,1713.0714599454514,590.4000000000001,263,0,0,-11.310723136310116,0,31.353194669235563
1.8,0.45,imsa,Daytona 24 2026,splash_and_dash,GTP,5,591184,GTP-03,10,10,707,86309.23882963492,23,1744.424654614687,629.6,261,0,0,0.0,0,0.0
1.8,0.45,imsa,Daytona 24 2026,lap_down,GTP,5,591184,GTP-03,10,10,707,86324.76574898248,23,1709.9760258454514,640.8000000000001,262,0,0,-15.526919347554212,0,34.448628769235484
1.8,0.45,imsa,Daytona 24 2026,agent,GTP,5,591184,GTP-03,11,60,549,86348.94685205484,356,23357.356490424838,5.6000000000000005,282,-1,-158,-39.70802241991623,333,-21612.931835810152
1.8,0.45,imsa,Daytona 24 2026,fuel_window,GTP,5,175200,GTP-09,9,9,791,86339.59295510617,27,1999.811711119654,1024.0,105,0,0,0.0,0,0.0
1.8,0.45,imsa,Daytona 24 2026,caution_gambler,GTP,5,175200,GTP-09,8,8,791,86365.80821535828,29,2125.605385469862,990.4000000000001,107,1,0,-26.215260252109147,2,-125.793674350208
1.8,0.45,imsa,Daytona 24 2026,track_position,GTP,5,175200,GTP-09,4,4,791,86352.34832941221,27,2029.5898226719983,1072.8,108,5,0,-12.755374306041631,0,-29.77811155234417
1.8,0.45,imsa,Daytona 24 2026,splash_and_dash,GTP,5,175200,GTP-09,5,5,791,86331.92119144951,28,2051.9423295812053,1019.2,104,4,0,7.671763656660914,1,-52.130618461551194
1.8,0.45,imsa,Daytona 24 2026,lap_down,GTP,5,175200,GTP-09,2,2,792,86392.70506148736,27,2008.241829519654,1048.0,105,7,1,-53.112106381187914,0,-8.430118399999856
1.8,0.45,imsa,Daytona 24 2026,agent,GTP,5,175200,GTP-09,11,60,528,86253.12580973707,492,32810.034048326794,7.2,114,-2,-263,86.46714536909712,465,-30810.22233720714
1.8,0.45,imsa,Daytona 24 2026,fuel_window,GTP,5,578871,GTP-09,7,7,710,86396.87811846391,24,1997.6626516676183,564.0,254,0,0,0.0,0,0.0
1.8,0.45,imsa,Daytona 24 2026,caution_gambler,GTP,5,578871,GTP-09,1,1,713,86430.27594457117,29,1987.4832142317073,629.6,251,6,3,-33.39782610726252,5,10.17943743591104
1.8,0.45,imsa,Daytona 24 2026,track_position,GTP,5,578871,GTP-09,2,2,710,86327.32190045995,22,1836.9789074207454,628.0,252,5,0,69.55621800395602,-2,160.68374424687295
1.8,0.45,imsa,Daytona 24 2026,splash_and_dash,GTP,5,578871,GTP-09,11,11,709,86283.39513217445,25,1993.5534623322649,565.6,253,-4,-1,113.48298628945486,1,4.109189335353449
1.8,0.45,imsa,Daytona 24 2026,lap_down,GTP,5,578871,GTP-09,8,8,710,86425.16922446823,24,1998.9798576676183,572.0,252,-1,0,-28.29110600432614,0,-1.317205999999942
1.8,0.45,imsa,Daytona 24 2026,agent,GTP,5,578871,GTP-09,11,60,548,86343.42201633171,519,29976.648629341216,5.6000000000000005,265,-4,-162,53.45610213220061,495,-27978.985977673598
1.8,0.45,imsa,Daytona 24 2026,fuel_window,GTP,5,325700,GTP-10,10,10,818,86347.28641117051,30,2744.661957348382,1060.0,52,0,0,0.0,0,0.0
1.8,0.45,imsa,Daytona 24 2026,caution_gambler,GTP,5,325700,GTP-10,1,1,819,86377.67151648275,30,2584.153315817383,1094.4,51,9,1,-30.385105312234373,0,160.50864153099928
1.8,0.45,imsa,Daytona 24 2026,track_position,GTP,5,325700,GTP-10,9,9,818,86324.57554937563,28,2587.997882453187,1203.2,53,1,0,22.710861794883385,-2,156.66407489519543
1.8,0.45,imsa,Daytona 24 2026,splash_and_dash,GTP,5,325700,GTP-10,7,7,818,86309.02375320751,30,2728.346564848382,1057.6000000000001,51,3,0,38.2626579630014,0,16.315392500000144
1.8,0.45,imsa,Daytona 24 2026,lap_down,GTP,5,325700,GTP-10,3,3,819,86335.94327559404,29,2619.149851119773,1012.8000000000001,50,7,1,11.343135576476925,-1,125.51210622860935
1.8,0.45,imsa,Daytona 24 2026,agent,GTP,5,325700,GTP-10,11,60,519,86393.63785454474,497,34847.69580124045,13.600000000000001,54,-1,-299,-46.35144337422389,467,-32103.033843892066
1.8,0.45,imsa,Daytona 24 2026,fuel_window,GTP,5,249170,GTP-11,7,7,758,86390.13379936108,26,2088.3612715746867,903.2,159,0,0,0.0,0,0.0
1.8,0.45,imsa,Daytona 24 2026,caution_gambler,GTP,5,249170,GTP-11,1,1,761,86390.53900331934,28,2025.6960530906367,1023.2,159,6,3,-0.4052039582602447,2,62.66521848405
1.8,0.45,imsa,Daytona 24 2026,track_position,GTP,5,249170,GTP-11,3,3,760,86348.33453337903,25,2009.249922534543,921.6,159,4,2,41.799265982044744,-1,79.11134904014375
1.8,0.45,imsa,Daytona 24 2026,splash_and_dash,GTP,5,249170,GTP-11,7,7,757,86291.25474440538,28,2140.863849847444,910.4000000000001,159,0,-1,98.87905495570158,2,-52.50257827275709
1.8,0.45,imsa,Daytona 24 2026,lap_down,GTP,5,249170,GTP-11,9,9,757,86307.47720890662,26,2091.654286574687,935.2,159,-2,-1,82.656590454455,0,-3.293015000000196
1.8,0.45,imsa,Daytona 24 2026,agent,GTP,5,249170,GTP-11,11,60,530,86392.09028235565,503,31943.522925934463,9.600000000000001,168,-4,-228,-1.9564829945738893,477,-29855.161654359777
1.8,0.45,imsa,Daytona 24 2026,fuel_window,GTP,5,306604,GTP-03,8,8,704,86366.13393537789,23,1629.692102974999,612.0,266,0,0,0.0,0,0.0
1.8,0.45,imsa,Daytona 24 2026,caution_gambler,GTP,5,306604,GTP-03,8,8,704,86351.81587227326,30,1908.3591240689868,553.6,267,0,0,14.318063104627072,7,-278.66702109398784
1.8,0.45,imsa,Daytona 24 2026,track_position,GTP,5,306604,GTP-03,3,3,704,86317.86980699483,21,1531.8632645756713,624.0,268,5,0,48.26412838305987,-2,97.82883839932765
1.8,0.45,imsa,Daytona 24 2026,splash_and_dash,GTP,5,306604,GTP-03,8,8,704,86366.13393537789,23,1629.692102974999,612.0,266,0,0,0.0,0,0.0
1.8,0.45,imsa,Daytona 24 2026,lap_down,GTP,5,306604,GTP-03,7,7,704,86361.85785246479,23,1635.0926475749989,657.6,266,1,0,4.276082913100254,0,-5.400544599999876
1.8,0.45,imsa,Daytona 24 2026,agent,GTP,5,306604,GTP-03,11,60,547,86378.58057354957,518,29952.355667262433,5.6000000000000005,281,-3,-157,-12.446638171677478,495,-28322.663564287435
1.8,0.45,imsa,Daytona 24 2026,fuel_window,GTP,5,483288,GTP-11,5,5,760,86373.43118205418,24,1943.6450049696014,790.4000000000001,168,0,0,0.0,0,0.0
1.8,0.45,imsa,Daytona 24 2026,caution_gambler,GTP,5,483288,GTP-11,2,2,761,86394.18882504661,30,2192.6431371931194,852.0000000000001,170,3,1,-20.757642992437468,6,-248.99813222351804
1.8,0.45,imsa,Daytona 24 2026,track_position,GTP,5,483288,GTP-11,1,1,760,86357.48061960198,24,1857.0920419447361,834.4000000000001,166,4,0,15.950562452198938,0,86.55296302486522
1.8,0.45,imsa,Daytona 24 2026,splash_and_dash,GTP,5,483288,GTP-11,5,5,760,86373.43118205418,24,1943.6450049696014,790.4000000000001,168,0,0,0.0,0,0.0
1.8,0.45,imsa,Daytona 24 2026,lap_down,GTP,5,483288,GTP-11,4,4,759,86389.91088741047,24,1929.159393872391,801.6,167,1,-1,-16.47970535629429,0,14.485611097210267
1.8,0.45,imsa,Daytona 24 2026,agent,GTP,5,483288,GTP-11,11,60,533,86298.16379797814,490,31407.4684591429,8.8,173,-6,-227,75.26738407603989,466,-29463.823454173296
1.8,0.45,imsa,Daytona 24 2026,fuel_window,GTP,5,271636,GTP-10,5,5,743,86297.19474130947,25,1952.091593847953,777.6,194,0,0,0.0,0,0.0
1.8,0.45,imsa,Daytona 24 2026,caution_gambler,GTP,5,271636,GTP-10,2,2,745,86396.72655666962,29,2025.826932380657,725.6,192,3,2,-99.53181536014017,4,-73.73533853270396
1.8,0.45,imsa,Daytona 24 2026,track_position,GTP,5,271636,GTP-10,3,3,745,86346.98762177958,25,1975.166648047953,728.0,193,2,2,-49.792880470107775,0,-23.075054200000068
1.8,0.45,imsa,Daytona 24 2026,splash_and_dash,GTP,5,271636,GTP-10,10,10,743,86346.5426123777,27,2014.060629558309,764.0,194,-5,0,-49.34787106822478,2,-61.96903571035614
1.8,0.45,imsa,Daytona 24 2026,lap_down,GTP,5,271636,GTP-10,8,8,744,86372.87223713107,25,1955.582189747953,807.2,193,-3,1,-75.6774958215974,0,-3.4905959000000166
1.8,0.45,imsa,Daytona 24 2026,agent,GTP,5,271636,GTP-10,11,60,545,86392.12372464302,464,29556.84890299527,8.0,211,-6,-198,-94.9289833335497,439,-27604.757309147317
1.8,0.45,imsa,Daytona 24 2026,fuel_window,GTP,5,7803,GTP-05,8,8,767,86387.95528248556,27,2172.858091435101,915.2,147,0,0,0.0,0,0.0
1.8,0.45,imsa,Daytona 24 2026,caution_gambler,GTP,5,7803,GTP-05,4,4,769,86418.61631966845,28,2173.3924334962717,917.6,147,4,2,-30.661037182886503,1,-0.5343420611707188
1.8,0.45,imsa,Daytona 24 2026,track_position,GTP,5,7803,GTP-05,4,4,767,86311.01737322555,25,2076.0817684300755,864.8000000000001,146,4,0,76.93790926001384,-2,96.77632300502546
1.8,0.45,imsa,Daytona 24 2026,splash_and_dash,GTP,5,7803,GTP-05,6,6,768,86427.816128952,27,2153.574462206699,892.0000000000001,147,2,1,-39.860846466443036,0,19.283629228401878
1.8,0.45,imsa,Daytona 24 2026,lap_down,GTP,5,7803,GTP-05,5,5,767,86345.83080881857,25,2066.4482027300755,871.2,147,3,0,42.124473666990525,-2,106.40988870502542
1.8,0.45,imsa,Daytona 24 2026,agent,GTP,5,7803,GTP-05,11,60,539,86356.6767817161,417,28817.64137479051,10.4,164,-3,-228,31.27850076946197,390,-26644.78328335541
1.8,0.45,imsa,Daytona 24 2026,fuel_window,GTP,5,772919,GTP-10,11,11,732,86423.73520013281,24,2017.4038956462064,741.6,219,0,0,0.0,0,0.0
1.8,0.45,imsa,Daytona 24 2026,caution_gambler,GTP,5,772919,GTP-10,3,3,732,86392.13484300961,28,2117.7424001352992,725.6,213,8,0,31.6003571231995,4,-100.33850448909288
1.8,0.45,imsa,Daytona 24 2026,track_position,GTP,5,772919,GTP-10,8,8,732,86406.21949792362,24,1991.8365614634656,683.2,216,3,0,17.51570220918802,0,25.56733418274075
1.8,0.45,imsa,Daytona 24 2026,splash_and_dash,GTP,5,772919,GTP-10,11,11,732,86423.73519802203,24,2014.5676200861938,742.4000000000001,219,0,0,2.1107844077050686e-06,0,2.8362755600126093
1.8,0.45,imsa,Daytona 24 2026,lap_down,GTP,5,772919,GTP-10,6,6,733,86406.98698369214,24,1984.6577887634658,784.0000000000001,219,5,1,16.74821644066833,0,32.746106882740605
1.8,0.45,imsa,Daytona 24 2026,agent,GTP,5,772919,GTP-10,11,60,535,86418.46099537532,426,28174.638507955016,5.6000000000000005,227,0,-197,5.2742047574865865,402,-26157.23461230881
1.8,0.45,imsa,Daytona 24 2026,fuel_window,GTP,5,702733,GTP-01,2,2,700,86386.01344584758,22,1652.217549192774,600.0,278,0,0,0.0,0,0.0
1.8,0.45,imsa,Daytona 24 2026,caution_gambler,GTP,5,702733,GTP-01,3,3,700,86354.24932367794,26,1680.3384897962328,610.4000000000001,275,-1,0,31.76412216963945,4,-28.12094060345885
1.8,0.45,imsa,Daytona 24 2026,track_position,GTP,5,702733,GTP-01,8,8,699,86338.18803130978,22,1636.075113236933,620.0,275,-6,-1,47.82541453780141,0,16.142435955840938
1.8,0.45,imsa,Daytona 24 2026,splash_and_dash,GTP,5,702733,GTP-01,3,3,699,86296.79734726473,22,1652.217549192774,608.0,278,-1,-1,89.21609858285228,0,0.0
1.8,0.45,imsa,Daytona 24 2026,lap_down,GTP,5,702733,GTP-01,3,3,700,86308.67649288136,22,1623.166494436933,636.8000000000001,276,-1,0,77.3369529662159,0,29.05105475584105
1.8,0.45,imsa,Daytona 24 2026,agent,GTP,5,702733,GTP-01,11,60,551,86352.25645978039,428,25480.192877243862,5.6000000000000005,294,-9,-149,33.75698606719379,406,-23827.97532805109
1.8,0.45,imsa,Daytona 24 2026,fuel_window,GTP,5,296252,GTP-09,11,11,749,86444.81567442467,24,2028.6616575779683,821.6,191,0,0,0.0,0,0.0
1.8,0.45,imsa,Daytona 24 2026,caution_gambler,GTP,5,296252,GTP-09,2,2,749,86379.84858964368,31,2240.013877277978,770.4000000000001,188,9,0,64.96708478099026,7,-211.35221970000953
1.8,0.45,imsa,Daytona 24 2026,track_position,GTP,5,296252,GTP-09,10,10,747,86346.20839876757,24,2094.3786667703866,799.2,189,1,-2,98.60727565709385,0,-65.71700919241835
1.8,0.45,imsa,Daytona 24 2026,splash_and_dash,GTP,5,296252,GTP-09,11,11,749,86444.81567442467,24,2028.6616575779683,821.6,191,0,0,0.0,0,0.0
1.8,0.45,imsa,Daytona 24 2026,lap_down,GTP,5,296252,GTP-09,8,8,748,86306.92797642296,24,2033.2060182779683,828.0,190,3,-1,137.8876980017085,0,-4.54436069999997
1.8,0.45,imsa,Daytona 24 2026,agent,GTP,5,296252,GTP-09,11,60,534,86262.96299867093,518,32329.773175220664,4.0,195,0,-215,181.8526757537329,494,-30301.111517642694
1.8,0.45,imsa,Daytona 24 2026,fuel_window,GTP,5,595345,GTP-05,2,2,784,86386.9628429048,27,2215.5301758647297,928.8000000000001,120,0,0,0.0,0,0.0
1.8,0.45,imsa,Daytona 24 2026,caution_gambler,GTP,5,595345,GTP-05,1,1,784,86345.5732309161,30,2160.6180568810732,932.8000000000001,118,1,0,41.38961198870675,3,54.912118983656455
1.8,0.45,imsa,Daytona 24 2026,track_position,GTP,5,595345,GTP-05,10,10,784,86412.16435423751,27,2235.41998646473,940.8000000000001,121,-8,0,-25.201511332707014,0,-19.889810600000146
1.8,0.45,imsa,Daytona 24 2026,splash_and_dash,GTP,5,595345,GTP-05,2,2,784,86386.91293321388,27,2198.56797077855,928.8000000000001,120,0,0,0.049909690918866545,0,16.962205086179893
1.8,0.45,imsa,Daytona 24 2026,lap_down,GTP,5,595345,GTP-05,8,8,785,86400.33564045002,27,2229.16325796473,979.2,120,-6,1,-13.372797545220237,0,-13.633082100000138
1.8,0.45,imsa,Daytona 24 2026,agent,GTP,5,595345,GTP-05,11,60,528,86308.64610526475,477,32338.512365344064,5.6000000000000005,129,-9,-256,78.31673764005245,450,-30122.982189479335
1.8,0.45,imsa,Daytona 24 2026,fuel_window,GTP,5,742968,GTP-03,7,7,734,86369.50795206596,25,1910.7706812384824,820.0,213,0,0,0.0,0,0.0
1.8,0.45,imsa,Daytona 24 2026,caution_gambler,GTP,5,742968,GTP-03,1,1,735,86371.57779911267,28,1858.8806728072905,840.8000000000001,206,6,1,-2.0698470467032166,3,51.89000843119197
1.8,0.45,imsa,Daytona 24 2026,track_position,GTP,5,742968,GTP-03,11,11,735,86377.14816522271,25,1962.351819410588,714.4000000000001,213,-4,1,-7.640213156744721,0,-51.58113817210551
1.8,0.45,imsa,Daytona 24 2026,splash_and_dash,GTP,5,742968,GTP-03,2,2,734,86318.07719667176,25,1864.7900627756774,814.4000000000001,213,5,0,51.430755394205335,0,45.98061846280507
1.8,0.45,imsa,Daytona 24 2026,lap_down,GTP,5,742968,GTP-03,8,8,734,86386.54718634681,25,1963.8615206848347,766.4000000000001,214,-1,0,-17.039234280848177,0,-53.09083944635222
1.8,0.45,imsa,Daytona 24 2026,agent,GTP,5,742968,GTP-03,11,60,542,86300.61697537164,483,29995.076538084548,13.600000000000001,226,-4,-192,68.89097669432522,458,-28084.305856846066
1.8,0.45,imsa,Daytona 24 2026,fuel_window,GTP,5,789492,GTP-02,7,7,695,86369.70307962749,22,1507.6134536341042,598.4000000000001,278,0,0,0.0,0,0.0
1.8,0.45,imsa,Daytona 24 2026,caution_gambler,GTP,5,789492,GTP-02,11,11,695,86364.53032219174,29,1845.402854084036,539.2,280,-4,0,5.1727574357501,7,-337.7894004499319
1.8,0.45,imsa,Daytona 24 2026,track_position,GTP,5,789492,GTP-02,3,3,696,86345.83458838168,22,1515.1215278341042,564.8000000000001,278,4,1,23.868491245812038,0,-7.50807420000001
1.8,0.45,imsa,Daytona 24 2026,splash_and_dash,GTP,5,789492,GTP-02,5,5,695,86356.30822478334,23,1497.9836783040075,594.4000000000001,278,2,0,13.394854844154906,1,9.629775330096663
1.8,0.45,imsa,Daytona 24 2026,lap_down,GTP,5,789492,GTP-02,7,7,695,86369.70307962749,22,1507.6134536341042,598.4000000000001,278,0,0,0.0,0,0.0
1.8,0.45,imsa,Daytona 24 2026,agent,GTP,5,789492,GTP-02,11,60,544,86326.42150480385,479,27551.406454614924,4.800000000000001,290,-4,-151,43.281574823646224,457,-26043.79300098082
1.8,0.45,imsa,Daytona 24 2026,fuel_window,GTP,5,849953,GTP-11,6,6,760,86428.1614489708,26,2137.458329159953,807.2,160,0,0,0.0,0,0.0
1.8,0.45,imsa,Daytona 24 2026,caution_gambler,GTP,5,849953,GTP-11,5,5,759,86321.44414346683,30,2146.1949759210484,940.8000000000001,160,1,-1,106.71730550397479,4,-8.736646761095471
1.8,0.45,imsa,Daytona 24 2026,track_position,GTP,5,849953,GTP-11,2,2,760,86312.71418626152,25,2088.348574355136,806.4000000000001,160,4,0,115.4472627092764,-1,49.10975480481693
1.8,0.45,imsa,Daytona 24 2026,splash_and_dash,GTP,5,849953,GTP-11,6,6,760,86428.1614489708,26,2137.458329159953,807.2,160,0,0,0.0,0,0.0
1.8,0.45,imsa,Daytona 24 2026,lap_down,GTP,5,849953,GTP-11,4,4,759,86419.31696206366,26,2096.138443689067,850.4000000000001,159,2,-1,8.844486907139071,0,41.319885470885765
1.8,0.45,imsa,Daytona 24 2026,agent,GTP,5,849953,GTP-11,11,60,532,86336.8036506335,512,32128.207282719155,8.0,168,-5,-228,91.35779833729612,486,-29990.748953559203
1.8,0.45,imsa,Daytona 24 2026,fuel_window,GTP,5,631374,GTP-06,2,2,756,86269.28239557795,26,2113.3363761330284,887.2,164,0,0,0.0,0,0.0
1.8,0.45,imsa,Daytona 24 2026,caution_gambler,GTP,5,631374,GTP-06,1,1,757,86399.23853230187,29,2238.7133551927445,823.2,162,1,1,-129.9561367239221,3,-125.37697905971618
1.8,0.45,imsa,Daytona 24 2026,track_position,GTP,5,631374,GTP-06,1,1,756,86314.29471751799,25,2093.0510084423818,861.6,164,1,0,-45.01232194004115,-1,20.28536769064658
1.8,0.45,imsa,Daytona 24 2026,splash_and_dash,GTP,5,631374,GTP-06,2,2,757,86439.22942973944,26,2095.9381708125607,883.2,165,0,1,-169.94703416149423,0,17.398205320467696
1.8,0.45,imsa,Daytona 24 2026,lap_down,GTP,5,631374,GTP-06,1,1,757,86368.40338748599,26,2121.964075433028,852.8000000000001,164,1,1,-99.12099190804292,0,-8.627699299999676
1.8,0.45,imsa,Daytona 24 2026,agent,GTP,5,631374,GTP-06,11,60,527,86326.99191616301,437,29227.61563670501,12.0,169,-9,-229,-57.70952058506373,411,-27114.27926057198
1.8,0.45,imsa,Daytona 24 2026,fuel_window,GTP,5,137229,GTP-07,7,7,774,86352.75100968393,27,2236.626102342754,898.4000000000001,135,0,0,0.0,0,0.0
1.8,0.45,imsa,Daytona 24 2026,caution_gambler,GTP,5,137229,GTP-07,5,5,775,86357.70173033883,32,2296.1922990361877,915.2,136,2,1,-4.950720654902398,5,-59.56619669343354
1.8,0.45,imsa,Daytona 24 2026,track_position,GTP,5,137229,GTP-07,4,4,774,86323.60679983208,26,2217.4959601967626,847.2,138,3,0,29.144209851845517,-1,19.130142145991613
1.8,0.45,imsa,Daytona 24 2026,splash_and_dash,GTP,5,137229,GTP-07,9,9,773,86260.34386046059,29,2317.5836034884733,888.8000000000001,135,-2,-1,92.40714922333427,2,-80.9575011457191
1.8,0.45,imsa,Daytona 24 2026,lap_down,GTP,5,137229,GTP-07,8,8,774,86353.4250998022,26,2201.6236278967626,968.8000000000001,136,-1,0,-0.6740901182784,-1,35.00247444599154
1.8,0.45,imsa,Daytona 24 2026,agent,GTP,5,137229,GTP-07,11,60,529,86336.02208046649,506,32936.06515757525,12.0,142,-4,-245,16.728929217439145,479,-30699.439055232495
1.8,0.45,imsa,Daytona 24 2026,fuel_window,GTP,5,971340,GTP-01,4,4,777,86334.44341147561,27,2256.538504293605,965.6,133,0,0,0.0,0,0.0
1.8,0.45,imsa,Daytona 24 2026,caution_gambler,GTP,5,971340,GTP-01,1,1,777,86416.26710191007,30,2326.024748323405,972.0000000000001,132,3,0,-81.82369043445215,3,-69.48624402980022
1.8,0.45,imsa,Daytona 24 2026,track_position,GTP,5,971340,GTP-01,8,8,776,86273.86199462552,27,2232.2255156665137,893.6,129,-4,-1,60.58141685009468,0,24.312988627091272
1.8,0.45,imsa,Daytona 24 2026,splash_and_dash,GTP,5,971340,GTP-01,2,2,777,86319.39005462376,27,2231.4666269546706,965.6,133,2,0,15.053356851858553,0,25.071877338934428
1.8,0.45,imsa,Daytona 24 2026,lap_down,GTP,5,971340,GTP-01,2,2,777,86385.07960186953,27,2270.650570393605,962.4000000000001,134,2,0,-50.63619039391051,0,-14.112066099999993
1.8,0.45,imsa,Daytona 24 2026,agent,GTP,5,971340,GTP-01,11,60,527,86373.04764732678,494,32303.21202878733,7.2,136,-7,-250,-38.60423585116223,467,-30046.673524493723
1.8,0.45,imsa,Daytona 24 2026,fuel_window,GTP,5,821139,GTP-09,3,3,757,86309.21601136886,27,2115.5853339799714,841.6,167,0,0,0.0,0,0.0
1.8,0.45,imsa,Daytona 24 2026,caution_gambler,GTP,5,821139,GTP-09,4,4,757,86298.79500138236,32,2233.6287802752017,886.4000000000001,167,-1,0,10.421009986501304,5,-118.0434462952303
1.8,0.45,imsa,Daytona 24 2026,track_position,GTP,5,821139,GTP-09,1,1,758,86311.91657402772,26,2031.0534908023014,850.4000000000001,165,2,1,-2.7005626588652376,-1,84.53184317767
1.8,0.45,imsa,Daytona 24 2026,splash_and_dash,GTP,5,821139,GTP-09,5,5,757,86326.53866741783,28,2135.91295325829,837.6,167,-2,0,-17.322656048971112,1,-20.327619278318707
1.8,0.45,imsa,Daytona 24 2026,lap_down,GTP,5,821139,GTP-09,3,3,758,86390.72739739173,27,2079.5101124045123,812.0000000000001,164,0,1,-81.51138602287392,0,36.07522157545918
1.8,0.45,imsa,Daytona 24 2026,agent,GTP,5,821139,GTP-09,11,60,531,86293.11846525686,515,32446.821014314603,7.2,172,-8,-226,16.097546111996053,488,-30331.23568033463
1.8,0.45,imsa,Daytona 24 2026,fuel_window,GTP,5,717617,GTP-05,1,1,771,86375.47941605361,26,1986.7471340891116,895.2,146,0,0,0.0,0,0.0
1.8,0.45,imsa,Daytona 24 2026,caution_gambler,GTP,5,717617,GTP-05,1,1,771,86357.14710092504,29,2007.2305277420608,900.8000000000001,145,0,0,18.3323151285731,3,-20.48339365294919
1.8,0.45,imsa,Daytona 24 2026,track_position,GTP,5,717617,GTP-05,5,5,769,86310.7135831775,25,1943.1266973997294,927.2,146,-4,-2,64.7658328761172,-1,43.62043668938213
1.8,0.45,imsa,Daytona 24 2026,splash_and_dash,GTP,5,717617,GTP-05,3,3,770,86283.46483782277,28,2037.5497908640411,890.4000000000001,146,-2,-1,92.0145782308391,2,-50.802656774929574
1.8,0.45,imsa,Daytona 24 2026,lap_down,GTP,5,717617,GTP-05,1,1,770,86360.45290313824,26,1986.3519722891115,937.6,147,0,-1,15.026512915370404,0,0.39516180000009626
1.8,0.45,imsa,Daytona 24 2026,agent,GTP,5,717617,GTP-05,11,60,534,86354.66728702332,513,32764.07487071513,5.6000000000000005,156,-10,-237,20.812129030295182,487,-30777.327736626015
1.8,0.45,imsa,Daytona 24 2026,fuel_window,GTP,5,598074,GTP-02,10,10,751,86320.61819197987,25,2037.932174981028,828.8000000000001,176,0,0,0.0,0,0.0
1.8,0.45,imsa,Daytona 24 2026,caution_gambler,GTP,5,598074,GTP-02,3,3,753,86337.09572347041,29,2154.5970836145098,872.8000000000001,173,7,2,-16.477531490541878,4,-116.66490863348167
1.8,0.45,imsa,Daytona 24 2026,track_position,GTP,5,598074,GTP-02,11,11,752,86368.8636315286,25,2053.541066081028,790.4000000000001,176,-1,1,-48.24543954872934,0,-15.608891099999937
1.8,0.45,imsa,Daytona 24 2026,splash_and_dash,GTP,5,598074,GTP-02,8,8,752,86376.65505104148,26,2003.7105298952604,820.8000000000001,176,2,1,-56.03685906161263,1,34.221645085767705
1.8,0.45,imsa,Daytona 24 2026,lap_down,GTP,5,598074,GTP-02,4,4,752,86384.53980347462,25,2037.602873481028,808.8000000000001,174,6,1,-63.921611494748504,0,0.329301500000156
1.8,0.45,imsa,Daytona 24 2026,agent,GTP,5,598074,GTP-02,11,60,533,86338.60104599853,489,31190.715478453294,8.8,183,-1,-218,-17.982854018657235,464,-29152.783303472264
1.8,0.45,imsa,Daytona 24 2026,fuel_window,GTP,5,66622,GTP-05,1,1,751,86331.28447769977,26,2009.2627978557082,726.4000000000001,176,0,0,0.0,0,0.0
1.8,0.45,imsa,Daytona 24 2026,caution_gambler,GTP,5,66622,GTP-05,1,1,751,86309.60766545201,27,1891.9036177291725,819.2,175,0,0,21.676812247751513,1,117.35918012653565
1.8,0.45,imsa,Daytona 24 2026,track_position,GTP,5,66622,GTP-05,1,1,751,86337.79753455525,24,1901.4040698717213,784.0,177,0,0,-6.513056855488685,-2,107.85872798398691
1.8,0.45,imsa,Daytona 24 2026,splash_and_dash,GTP,5,66622,GTP-05,1,1,752,86387.8221247547,26,1966.1152440273968,727.2,176,0,1,-56.537647054938134,0,43.1475538283114
1.8,0.45,imsa,Daytona 24 2026,lap_down,GTP,5,66622,GTP-05,2,2,751,86359.98230147167,26,2007.9455918557082,791.2,177,-1,0,-28.697823771901312,0,1.317205999999942
1.8,0.45,imsa,Daytona 24 2026,agent,GTP,5,66622,GTP-05,11,60,533,86348.06290253528,484,31034.345637438386,8.0,186,-10,-218,-16.77842483551649,458,-29025.08283958268
1.8,0.45,imsa,Daytona 24 2026,fuel_window,GTP,5,661064,GTP-10,3,3,714,86406.49936608764,23,1807.3454152932634,635.2,251,0,0,0.0,0,0.0
1.8,0.45,imsa,Daytona 24 2026,caution_gambler,GTP,5,661064,GTP-10,5,5,715,86389.43995024431,30,1982.0521526355128,655.2,256,-2,1,17.059415843323222,7,-174.70673734224943
1.8,0.45,imsa,Daytona 24 2026,track_position,GTP,5,661064,GTP-10,8,8,714,86445.45067477656,22,1701.3234577246849,645.6,250,-5,0,-38.95130868892011,-1,106.0219575685785
1.8,0.45,imsa,Daytona 24 2026,splash_and_dash,GTP,5,661064,GTP-10,3,3,714,86406.49936608764,23,1807.3454152932634,635.2,251,0,0,0.0,0,0.0
1.8,0.45,imsa,Daytona 24 2026,lap_down,GTP,5,661064,GTP-10,4,4,713,86381.71182823126,23,1784.7550113532814,651.2,250,-1,-1,24.78753785637673,0,22.590403939982025
1.8,0.45,imsa,Daytona 24 2026,agent,GTP,5,661064,GTP-10,11,60,548,86381.00316327646,484,28736.976324508538,7.2,266,-8,-166,25.496202811176772,461,-26929.630909215273
1.8,0.45,imsa,Daytona 24 2026,fuel_window,GTP,5,134497,GTP-03,6,6,713,86319.04835870536,22,1784.5832211317322,660.0,253,0,0,0.0,0,0.0
1.8,0.45,imsa,Daytona 24 2026,caution_gambler,GTP,5,134497,GTP-03,11,11,713,86326.85395847782,29,2031.4154342122993,673.6,252,-5,0,-7.805599772458663,7,-246.83221308056704
1.8,0.45,imsa,Daytona 24 2026,track_position,GTP,5,134497,GTP-03,8,8,713,86421.08187089712,22,1768.1591961820873,692.0,253,-2,0,-102.03351219175966,0,16.424024949644945
1.8,0.45,imsa,Daytona 24 2026,splash_and_dash,GTP,5,134497,GTP-03,5,5,713,86315.99147805838,22,1774.072002251186,660.0,253,1,0,3.056880646981881,0,10.511218880546267
1.8,0.45,imsa,Daytona 24 2026,lap_down,GTP,5,134497,GTP-03,6,6,713,86304.20801064989,22,1791.8278541317322,596.8000000000001,251,0,0,14.840348055469804,0,-7.244633000000022
1.8,0.45,imsa,Daytona 24 2026,agent,GTP,5,134497,GTP-03,11,60,543,86256.90242753082,480,29190.509674967983,4.0,265,-5,-170,62.145931174542056,458,-27405.92645383625
1.8,0.45,imsa,Daytona 24 2026,fuel_window,GTP,5,310782,GTP-02,11,11,715,86360.68013719429,24,1798.1881555769908,602.4000000000001,248,0,0,0.0,0,0.0
1.8,0.45,imsa,Daytona 24 2026,caution_gambler,GTP,5,310782,GTP-02,8,8,714,86313.7330464975,26,1775.9228875592537,660.0,246,3,-1,46.94709069679084,2,22.26526801773707
1.8,0.45,imsa,Daytona 24 2026,track_position,GTP,5,310782,GTP-02,4,4,716,86372.80207423931,22,1625.1255748556746,656.0,245,7,1,-12.121937045027153,-2,173.06258072131618
1.8,0.45,imsa,Daytona 24 2026,splash_and_dash,GTP,5,310782,GTP-02,10,10,715,86344.99762749033,25,1793.4707253871218,591.2,248,1,0,15.682509703954565,1,4.717430189868992
1.8,0.45,imsa,Daytona 24 2026,lap_down,GTP,5,310782,GTP-02,7,7,715,86383.01350298538,22,1620.7129347556745,665.6,244,4,0,-22.333365791098913,-2,177.47522082131627
1.8,0.45,imsa,Daytona 24 2026,agent,GTP,5,310782,GTP-02,11,60,551,86251.31072623048,445,27138.27016835525,3.2,266,0,-164,109.36941096380178,421,-25340.08201277826
1.8,0.45,imsa,Daytona 24 2026,fuel_window,GTP,5,116623,GTP-03,3,3,739,86414.00736319712,25,1826.6872036962538,774.4000000000001,202,0,0,0.0,0,0.0
1.8,0.45,imsa,Daytona 24 2026,caution_gambler,GTP,5,116623,GTP-03,2,2,739,86412.63407132972,30,1943.618036786498,786.4000000000001,202,1,0,1.373291867392254,5,-116.93083309024405
1.8,0.45,imsa,Daytona 24 2026,track_position,GTP,5,116623,GTP-03,5,5,738,86339.44629594997,25,1859.8484386890311,771.2,202,-2,-1,74.5610672471521,0,-33.16123499277728
1.8,0.45,imsa,Daytona 24 2026,splash_and_dash,GTP,5,116623,GTP-03,2,2,739,86413.78454757814,25,1797.21019080883,775.2,202,1,0,0.222815618981258,0,29.477012887423825
1.8,0.45,imsa,Daytona 24 2026,lap_down,GTP,5,116623,GTP-03,2,2,739,86305.39109996738,25,1834.5245793962538,805.6,202,1,0,108.61626322973461,0,-7.837375699999939
1.8,0.45,imsa,Daytona 24 2026,agent,GTP,5,116623,GTP-03,11,60,534,86323.39459099156,500,31414.499784025134,8.0,212,-8,-205,90.61277220555348,475,-29587.812580328882
1.8,0.45,imsa,Daytona 24 2026,fuel_window,GTP,5,786779,GTP-07,4,4,758,86296.92321131918,26,2048.4111496065425,858.4000000000001,166,0,0,0.0,0,0.0
1.8,0.45,imsa,Daytona 24 2026,caution_gambler,GTP,5,786779,GTP-07,7,7,759,86406.49971687538,32,2238.902881234,814.4000000000001,164,-3,1,-109.5765055561933,6,-190.49173162745728
1.8,0.45,imsa,Daytona 24 2026,track_position,GTP,5,786779,GTP-07,7,7,758,86450.38202762576,25,2023.8125345666463,809.6,166,-3,0,-153.45881630657823,-1,24.59861503989623
1.8,0.45,imsa,Daytona 24 2026,splash_and_dash,GTP,5,786779,GTP-07,4,4,758,86302.97383763648,27,2063.472890000139,853.6,166,0,0,-6.050626317301067,1,-15.061740393596665
1.8,0.45,imsa,Daytona 24 2026,lap_down,GTP,5,786779,GTP-07,1,1,759,86430.18964499948,26,2056.464068106542,764.8000000000001,164,3,1,-133.2664336802991,0,-8.052918499999578
1.8,0.45,imsa,Daytona 24 2026,agent,GTP,5,786779,GTP-07,11,60,528,86335.20460167859,456,29949.45901436319,12.8,164,-7,-230,-38.28139035940694,430,-27901.04786475665
1.8,0.45,imsa,Daytona 24 2026,fuel_window,GTP,5,491031,GTP-03,2,2,793,86306.78490949058,27,2309.8405245189174,1044.8000000000002,103,0,0,0.0,0,0.0
1.8,0.45,imsa,Daytona 24 2026,caution_gambler,GTP,5,491031,GTP-03,4,4,793,86350.70360286563,31,2445.9725816637947,1015.2,100,-2,0,-43.91869337504613,4,-136.1320571448773
1.8,0.45,imsa,Daytona 24 2026,track_position,GTP,5,491031,GTP-03,2,2,793,86391.77896173226,27,2370.12235031686,937.6,104,0,0,-84.99405224167276,0,-60.281825797942474
1.8,0.45,imsa,Daytona 24 2026,splash_and_dash,GTP,5,491031,GTP-03,1,1,793,86301.55156678437,28,2315.2792857782815,1033.6000000000001,103,1,0,5.2333427062112605,1,-5.438761259364128
1.8,0.45,imsa,Daytona 24 2026,lap_down,GTP,5,491031,GTP-03,5,5,793,86367.88560169269,27,2364.96728501686,980.8000000000001,103,-3,0,-61.100692202104256,0,-55.12676049794254
1.8,0.45,imsa,Daytona 24 2026,agent,GTP,5,491031,GTP-03,11,60,527,86354.71331474266,497,32960.6482948124,8.0,107,-9,-266,-47.928405252081575,470,-30650.807770293486
1.8,0.45,imsa,Daytona 24 2026,fuel_window,GTP,5,847442,GTP-02,5,5,739,86313.25038877869,25,1853.828938118719,759.2,200,0,0,0.0,0,0.0
1.8,0.45,imsa,Daytona 24 2026,caution_gambler,GTP,5,847442,GTP-02,5,5,739,86308.0274291264,31,1981.8210634737782,760.8000000000001,199,0,0,5.2229596522811335,6,-127.99212535505922
1.8,0.45,imsa,Daytona 24 2026,track_position,GTP,5,847442,GTP-02,5,5,740,86270.2673054516,25,1872.2039618187189,766.4000000000001,201,0,1,42.98308332708257,0,-18.37502369999993
1.8,0.45,imsa,Daytona 24 2026,splash_and_dash,GTP,5,847442,GTP-02,5,5,739,86316.20718776326,26,1857.460906454821,757.6,200,0,0,-2.9567989845672855,1,-3.6319683361020907
1.8,0.45,imsa,Daytona 24 2026,lap_down,GTP,5,847442,GTP-02,6,6,739,86326.05392332627,25,1856.134048618719,778.4000000000001,200,-1,0,-12.803534547580057,0,-2.305110499999955
1.8,0.45,imsa,Daytona 24 2026,agent,GTP,5,847442,GTP-02,11,60,547,86323.31380725994,476,29543.520858198335,6.4,216,-6,-192,-10.063418481251574,451,-27689.691920079615
1.8,0.45,imsa,Daytona 24 2026,fuel_window,GTP,5,963960,GTP-09,6,6,746,86337.08238889705,25,2024.919927758699,872.0000000000001,186,0,0,0.0,0,0.0
1.8,0.45,imsa,Daytona 24 2026,caution_gambler,GTP,5,963960,GTP-09,10,10,747,86334.58280228393,29,2124.634178554353,820.8000000000001,185,-4,1,2.4995866131212097,4,-99.71425079565415
1.8,0.45,imsa,Daytona 24 2026,track_position,GTP,5,963960,GTP-09,10,10,748,86370.1366145947,25,2086.063708890424,844.8000000000001,186,-4,2,-33.05422569764778,0,-61.14378113172506
1.8,0.45,imsa,Daytona 24 2026,splash_and_dash,GTP,5,963960,GTP-09,6,6,746,86337.08238889705,25,2024.919927758699,872.0000000000001,186,0,0,0.0,0,0.0
1.8,0.45,imsa,Daytona 24 2026,lap_down,GTP,5,963960,GTP-09,2,2,746,86343.85301709766,25,2026.961597058699,814.4000000000001,184,4,0,-6.7706282006111,0,-2.041669299999967
1.8,0.45,imsa,Daytona 24 2026,agent,GTP,5,963960,GTP-09,11,60,530,86332.49332118637,500,31192.342250192472,11.200000000000001,189,-5,-216,4.589067710679956,475,-29167.422322433773
1.8,0.45,imsa,Daytona 24 2026,fuel_window,GTP,5,703828,GTP-11,2,2,719,86325.61069432231,24,1836.235153591484,644.8000000000001,233,0,0,0.0,0,0.0
1.8,0.45,imsa,Daytona 24 2026,caution_gambler,GTP,5,703828,GTP-11,11,11,718,86339.82955581459,30,2112.2053284661392,710.4000000000001,234,-9,-1,-14.218861492277938,6,-275.9701748746552
1.8,0.45,imsa,Daytona 24 2026,track_position,GTP,5,703828,GTP-11,1,1,719,86383.91309299984,23,1833.1081331971034,680.0,233,1,0,-58.30239867752243,-1,3.127020394380679
1.8,0.45,imsa,Daytona 24 2026,splash_and_dash,GTP,5,703828,GTP-11,8,8,718,86271.42144597846,26,1897.3478131084757,653.6,233,-6,-1,54.18924834385689,2,-61.1126595169917
1.8,0.45,imsa,Daytona 24 2026,lap_down,GTP,5,703828,GTP-11,1,1,720,86363.28600525958,24,1838.4983529914841,662.4000000000001,234,1,1,-37.67531093726575,0,-2.263199400000076
1.8,0.45,imsa,Daytona 24 2026,agent,GTP,5,703828,GTP-11,11,60,540,86313.3749791596,479,28684.047355328017,6.4,241,-9,-179,12.235715162707493,455,-26847.81220173653
1.8,0.45,imsa,Daytona 24 2026,fuel_window,GTP,5,160041,GTP-02,11,11,775,86437.95131661705,26,2070.771459233026,888.8000000000001,133,0,0,0.0,0,0.0
1.8,0.45,imsa,Daytona 24 2026,caution_gambler,GTP,5,160041,GTP-02,5,5,775,86415.35476581368,29,2173.4573799305304,848.8000000000001,134,6,0,22.59655080336961,3,-102.68592069750457
1.8,0.45,imsa,Daytona 24 2026,track_position,GTP,5,160041,GTP-02,9,9,775,86444.94055653407,26,2087.565835733026,952.8000000000001,135,2,0,-6.989239917020313,0,-16.7943765
1.8,0.45,imsa,Daytona 24 2026,splash_and_dash,GTP,5,160041,GTP-02,11,11,774,86287.0445706276,27,2099.462899126444,885.6,132,0,-1,150.9067459894577,1,-28.691439893418192
1.8,0.45,imsa,Daytona 24 2026,lap_down,GTP,5,160041,GTP-02,10,10,774,86338.58796843352,26,2079.003996733026,897.6,132,1,-1,99.3633481835277,0,-8.232537500000035
1.8,0.45,imsa,Daytona 24 2026,agent,GTP,5,160041,GTP-02,11,60,525,86352.2626049366,507,33358.323299858326,4.800000000000001,141,0,-250,85.68871168045735,481,-31287.5518406253
1.8,0.45,imsa,Daytona 24 2026,fuel_window,GTP,5,338149,GTP-06,1,1,732,86390.84099031324,24,1693.741617384919,724.8000000000001,215,0,0,0.0,0,0.0
1.8,0.45,imsa,Daytona 24 2026,caution_gambler,GTP,5,338149,GTP-06,2,2,733,86391.96655444175,30,1967.8494063861413,732.0,214,-1,1,-1.1255641285097227,6,-274.1077890012223
1.8,0.45,imsa,Daytona 24 2026,track_position,GTP,5,338149,GTP-06,2,2,732,86368.51447237103,24,1716.026347984919,736.0,216,-1,0,22.326517942216014,0,-22.284730600000103
1.8,0.45,imsa,Daytona 24 2026,splash_and_dash,GTP,5,338149,GTP-06,1,1,732,86390.84099031324,24,1693.741617384919,724.8000000000001,215,0,0,0.0,0,0.0
1.8,0.45,imsa,Daytona 24 2026,lap_down,GTP,5,338149,GTP-06,3,3,732,86358.94345783355,24,1702.632757884919,740.8000000000001,214,-2,0,31.897532479692018,0,-8.89114050000012
1.8,0.45,imsa,Daytona 24 2026,agent,GTP,5,338149,GTP-06,11,60,537,86332.37192511198,514,31369.308276862204,12.0,224,-10,-195,58.46906520126504,490,-29675.566659477285
1.8,0.45,imsa,Daytona 24 2026,fuel_window,GTP,5,649918,GTP-06,4,4,692,86356.7016218894,22,1474.0247148485619,544.8000000000001,290,0,0,0.0,0,0.0
1.8,0.45,imsa,Daytona 24 2026,caution_gambler,GTP,5,649918,GTP-06,2,2,693,86357.75014413478,28,1636.3571229249912,552.8000000000001,290,2,1,-1.0485222453862661,6,-162.33240807642937
1.8,0.45,imsa,Daytona 24 2026,track_position,GTP,5,649918,GTP-06,7,7,693,86379.05469774868,21,1452.1361887036735,556.0,290,-3,1,-22.3530758592824,-1,21.888526144888374
1.8,0.45,imsa,Daytona 24 2026,splash_and_dash,GTP,5,649918,GTP-06,1,1,692,86345.15640524482,22,1464.1933386204212,544.8000000000001,290,3,0,11.545216644575703,0,9.831376228140698
1.8,0.45,imsa,Daytona 24 2026,lap_down,GTP,5,649918,GTP-06,10,10,692,86367.39108469279,22,1476.4615459485617,549.6,290,-6,0,-10.689462803391507,0,-2.4368310999998357
1.8,0.45,imsa,Daytona 24 2026,agent,GTP,5,649918,GTP-06,11,60,550,86373.6685756662,457,26433.533047093453,4.800000000000001,304,-7,-142,-16.966953776805894,435,-24959.50833224489
1.8,0.45,imsa,Daytona 24 2026,fuel_window,GTP,5,72475,GTP-09,9,9,724,86395.64935796952,23,1774.5482949880418,742.4000000000001,233,0,0,0.0,0,0.0
1.8,0.45,imsa,Daytona 24 2026,caution_gambler,GTP,5,72475,GTP-09,5,5,725,86435.25866941782,32,2121.501514307829,697.6,235,4,1,-39.60931144829374,9,-346.9532193197872
1.8,0.45,imsa,Daytona 24 2026,track_position,GTP,5,72475,GTP-09,10,10,725,86451.59487668115,23,1790.133236888042,670.4000000000001,230,-1,1,-55.94551871162548,0,-15.584941900000103
1.8,0.45,imsa,Daytona 24 2026,splash_and_dash,GTP,5,72475,GTP-09,9,9,724,86395.64935796952,23,1774.5482949880418,742.4000000000001,233,0,0,0.0,0,0.0
1.8,0.45,imsa,Daytona 24 2026,lap_down,GTP,5,72475,GTP-09,7,7,724,86310.59282027786,23,1777.0509863880418,716.8000000000001,234,2,0,85.05653769166383,0,-2.5026914000000033
1.8,0.45,imsa,Daytona 24 2026,agent,GTP,5,72475,GTP-09,11,60,541,86269.72173783927,492,29368.78262310208,3.2,241,-2,-183,125.9276201302564,469,-27594.23432811404
1.8,0.45,imsa,Daytona 24 2026,fuel_window,GTP,5,41913,GTP-10,9,9,765,86373.7837951574,25,2162.1332856631057,867.2,151,0,0,0.0,0,0.0
1.8,0.45,imsa,Daytona 24 2026,caution_gambler,GTP,5,41913,GTP-10,7,7,766,86361.3911101072,33,2419.687236214396,847.2,151,2,1,12.392685050203,8,-257.5539505512902
1.8,0.45,imsa,Daytona 24 2026,track_position,GTP,5,41913,GTP-10,5,5,766,86361.72266310045,24,2058.7966811355564,868.0000000000001,149,4,1,12.06113205695874,-1,103.3366045275493
1.8,0.45,imsa,Daytona 24 2026,splash_and_dash,GTP,5,41913,GTP-10,9,9,765,86375.17289766482,26,2164.927351399824,864.8000000000001,151,0,0,-1.3891025074117351,1,-2.794065736718494
1.8,0.45,imsa,Daytona 24 2026,lap_down,GTP,5,41913,GTP-10,7,7,764,86318.92062297942,25,2167.4679699631056,861.6,150,2,-1,54.86317217798205,0,-5.334684299999935
1.8,0.45,imsa,Daytona 24 2026,agent,GTP,5,41913,GTP-10,11,60,528,86350.10341774242,479,31570.563551988722,12.8,156,-2,-237,23.68037741498847,454,-29408.430266325617
1.8,0.45,imsa,Daytona 24 2026,fuel_window,GTP,5,738847,GTP-06,3,3,779,86382.09262870657,27,2210.261477106904,910.4000000000001,128,0,0,0.0,0,0.0
1.8,0.45,imsa,Daytona 24 2026,caution_gambler,GTP,5,738847,GTP-06,1,1,779,86303.1533945395,31,2237.4893336408445,944.8000000000001,127,2,0,78.93923416706093,4,-27.227856533940667
1.8,0.45,imsa,Daytona 24 2026,track_position,GTP,5,738847,GTP-06,1,1,779,86360.3643276301,26,2194.760146464527,803.2,126,2,0,21.72830107646587,-1,15.501330642376615
1.8,0.45,imsa,Daytona 24 2026,splash_and_dash,GTP,5,738847,GTP-06,2,2,779,86363.39165724034,28,2201.765468870005,899.2,128,1,0,18.7009714662272,1,8.496008236898888
1.8,0.45,imsa,Daytona 24 2026,lap_down,GTP,5,738847,GTP-06,4,4,778,86383.47541002595,27,2215.5303011069036,877.6,125,-1,-1,-1.3827813193784095,0,-5.268823999999768
1.8,0.45,imsa,Daytona 24 2026,agent,GTP,5,738847,GTP-06,11,60,531,86346.32749369208,510,32734.675024831322,8.0,133,-8,-248,35.765135014487896,483,-30524.41354772442
1.8,0.45,imsa,Daytona 24 2026,fuel_window,GTP,5,156414,GTP-02,7,7,677,86386.28172951563,21,1546.934177238366,492.8,314,0,0,0.0,0,0.0
1.8,0.45,imsa,Daytona 24 2026,caution_gambler,GTP,5,156414,GTP-02,9,9,677,86425.60372005703,28,1716.4993232801087,530.4000000000001,313,-2,0,-39.32199054140074,7,-169.56514604174276
1.8,0.45,imsa,Daytona 24 2026,track_position,GTP,5,156414,GTP-02,6,6,678,86377.84759868478,21,1555.7594574383659,547.2,316,1,1,8.434130830850336,0,-8.825280199999952
1.8,0.45,imsa,Daytona 24 2026,splash_and_dash,GTP,5,156414,GTP-02,7,7,677,86386.28172951563,21,1546.934177238366,492.8,314,0,0,0.0,0,0.0
1.8,0.45,imsa,Daytona 24 2026,lap_down,GTP,5,156414,GTP-02,7,7,677,86386.28172951563,21,1546.934177238366,492.8,314,0,0,0.0,0,0.0
1.8,0.45,imsa,Daytona 24 2026,agent,GTP,5,156414,GTP-02,11,60,544,86386.27404816369,502,28138.33606542809,6.4,326,-4,-133,0.007681351940846071,481,-26591.401888189725
1.8,0.45,imsa,Daytona 24 2026,fuel_window,GTP,5,268038,GTP-06,5,5,758,86326.38732355155,26,2078.62720457852,776.0,162,0,0,0.0,0,0.0
1.8,0.45,imsa,Daytona 24 2026,caution_gambler,GTP,5,268038,GTP-06,1,1,758,86365.38921908973,28,2125.983988511744,884.0000000000001,161,4,0,-39.001895538182,2,-47.35678393322405
1.8,0.45,imsa,Daytona 24 2026,track_position,GTP,5,268038,GTP-06,3,3,758,86320.3281527473,24,2017.9358996464775,791.2,161,2,0,6.059170804248424,-2,60.691304932042385
1.8,0.45,imsa,Daytona 24 2026,splash_and_dash,GTP,5,268038,GTP-06,7,7,757,86272.17052619731,28,2194.174132117705,772.0,162,-2,-1,54.216797354238224,2,-115.54692753918516
1.8,0.45,imsa,Daytona 24 2026,lap_down,GTP,5,268038,GTP-06,1,1,759,86374.54882889599,25,2002.8833634562257,792.0,161,4,1,-48.16150534444023,-1,75.74384112229427
1.8,0.45,imsa,Daytona 24 2026,agent,GTP,5,268038,GTP-06,11,60,537,86388.55089043568,465,30462.609110327667,3.2,175,-6,-221,-62.163566884133616,439,-28383.981905749148
2.2,0.55,imsa,Daytona 24 2026,fuel_window,GTP,5,496254,GTP-03,1,1,742,86394.74106419166,25,1845.480622868552,704.0,192,0,0,0.0,0,0.0
2.2,0.55,imsa,Daytona 24 2026,caution_gambler,GTP,5,496254,GTP-03,2,2,742,86310.37876752933,29,1936.160548777617,816.0,195,-1,0,84.36229666233703,4,-90.67992590906488
2.2,0.55,imsa,Daytona 24 2026,track_position,GTP,5,496254,GTP-03,1,1,743,86332.15331278442,24,1720.626481984918,802.4000000000001,192,0,1,62.587751407249016,-1,124.85414088363405
2.2,0.55,imsa,Daytona 24 2026,splash_and_dash,GTP,5,496254,GTP-03,1,1,742,86392.3656835549,26,1849.3804115832716,696.8000000000001,192,0,0,2.375380636760383,1,-3.8997887147195343
2.2,0.55,imsa,Daytona 24 2026,lap_down,GTP,5,496254,GTP-03,5,5,742,86383.4809720721,25,1849.522050368552,695.2,192,-4,0,11.26009211956989,0,-4.041427500000054
2.2,0.55,imsa,Daytona 24 2026,agent,GTP,5,496254,GTP-03,11,60,521,86385.82198398658,464,32277.669318627566,4.800000000000001,204,-10,-221,8.919080205087084,439,-30432.188695759014
2.2,0.55,imsa,Daytona 24 2026,fuel_window,GTP,5,630088,GTP-05,3,3,794,86295.41359233017,28,2288.9478119588034,1046.4,102,0,0,0.0,0,0.0
2.2,0.55,imsa,Daytona 24 2026,caution_gambler,GTP,5,630088,GTP-05,1,1,795,86321.3922319821,32,2424.4830026739105,1020.8000000000001,105,2,1,-25.978639651933918,4,-135.5351907151071
2.2,0.55,imsa,Daytona 24 2026,track_position,GTP,5,630088,GTP-05,1,1,794,86314.6146973775,26,2071.2534239135375,1022.4000000000001,105,2,0,-19.201105047337478,-2,217.6943880452659
2.2,0.55,imsa,Daytona 24 2026,splash_and_dash,GTP,5,630088,GTP-05,3,3,794,86295.6523486057,29,2325.4316556690997,1044.0,102,0,0,-0.23875627553206868,1,-36.48384371029624
2.2,0.55,imsa,Daytona 24 2026,lap_down,GTP,5,630088,GTP-05,6,6,794,86217.53856518948,27,2218.1781767340026,972.8000000000001,102,-3,0,77.87502714068978,-1,70.76963522480082
2.2,0.55,imsa,Daytona 24 2026,agent,GTP,5,630088,GTP-05,11,60,501,86353.01539850466,483,36239.587287204646,4.800000000000001,104,-8,-293,-57.60180617449805,455,-33950.639475245844
2.2,0.55,imsa,Daytona 24 2026,fuel_window,GTP,5,589246,GTP-01,2,2,737,86386.14302655919,26,1917.5965652300824,723.2,204,0,0,0.0,0,0.0
2.2,0.55,imsa,Daytona 24 2026,caution_gambler,GTP,5,589246,GTP-01,2,2,736,86344.81984607961,33,2206.5337132361024,795.2,202,0,-1,41.323180479579605,7,-288.9371480060199
2.2,0.55,imsa,Daytona 24 2026,track_position,GTP,5,589246,GTP-01,1,1,737,86379.48346394586,26,1936.1332460300823,774.4000000000001,204,1,0,6.659562613334856,0,-18.536680799999885
2.2,0.55,imsa,Daytona 24 2026,splash_and_dash,GTP,5,589246,GTP-01,2,2,736,86285.37813449599,28,1943.7178668994134,718.4000000000001,204,0,-1,100.76489206320548,2,-26.121301669330933
2.2,0.55,imsa,Daytona 24 2026,lap_down,GTP,5,589246,GTP-01,2,2,737,86386.14302655919,26,1917.5965652300824,723.2,204,0,0,0.0,0,0.0
2.2,0.55,imsa,Daytona 24 2026,agent,GTP,5,589246,GTP-01,11,60,516,86284.34418252068,466,32295.53512821391,4.0,205,-9,-221,101.79884403850883,440,-30377.938562983825
2.2,0.55,imsa,Daytona 24 2026,fuel_window,GTP,5,923572,GTP-01,6,6,762,86300.95208146666,25,2122.506454759994,925.6,156,0,0,0.0,0,0.0
2.2,0.55,imsa,Daytona 24 2026,caution_gambler,GTP,5,923572,GTP-01,2,2,765,86374.4620059247,29,2221.803351198848,827.2,154,4,3,-73.50992445803422,4,-99.29689643885376
2.2,0.55,imsa,Daytona 24 2026,track_position,GTP,5,923572,GTP-01,2,2,764,86327.44168359836,24,2023.2511191674541,886.4000000000001,155,4,2,-26.4896021316963,-1,99.25533559253995
2.2,0.55,imsa,Daytona 24 2026,splash_and_dash,GTP,5,923572,GTP-01,8,8,762,86357.23344213636,26,2171.699462089874,932.0000000000001,156,-2,0,-56.281360669701826,1,-49.19300732987995
2.2,0.55,imsa,Daytona 24 2026,lap_down,GTP,5,923572,GTP-01,7,7,763,86356.57483633934,24,2015.9765496674543,912.0000000000001,157,-1,1,-55.622754872674705,-1,106.52990509253982
2.2,0.55,imsa,Daytona 24 2026,agent,GTP,5,923572,GTP-01,11,60,509,86375.41991004402,464,34048.48705605946,7.2,162,-5,-253,-74.46782857735525,439,-31925.980601299463
2.2,0.55,imsa,Daytona 24 2026,fuel_window,GTP,5,210692,GTP-04,7,7,717,86358.10183509867,23,1745.3709072356005,689.6,240,0,0,0.0,0,0.0
2.2,0.55,imsa,Daytona 24 2026,caution_gambler,GTP,5,210692,GTP-04,4,4,718,86296.58874745149,28,1949.483299228327,672.0,237,3,1,61.51308764718124,5,-204.11239199272654
2.2,0.55,imsa,Daytona 24 2026,track_position,GTP,5,210692,GTP-04,5,5,719,86347.9000779325,23,1724.3944257028456,636.0,240,2,2,10.201757166170864,0,20.97648153275486
2.2,0.55,imsa,Daytona 24 2026,splash_and_dash,GTP,5,210692,GTP-04,7,7,717,86357.03225558632,24,1759.2855987019445,684.0,240,0,0,1.069579512346536,1,-13.914691466344038
2.2,0.55,imsa,Daytona 24 2026,lap_down,GTP,5,210692,GTP-04,8,8,717,86366.2085577069,23,1713.4556286028455,720.8000000000001,239,-1,0,-8.106722608223208,0,31.915278632754962
2.2,0.55,imsa,Daytona 24 2026,agent,GTP,5,210692,GTP-04,11,60,521,86325.5035053759,461,31347.930451535227,3.2,247,-4,-196,32.5983297227649,438,-29602.559544299627
2.2,0.55,imsa,Daytona 24 2026,fuel_window,GTP,5,819051,GTP-02,1,1,744,86258.9241849114,25,2216.4888846052004,804.0000000000001,190,0,0,0.0,0,0.0
2.2,0.55,imsa,Daytona 24 2026,caution_gambler,GTP,5,819051,GTP-02,3,3,745,86344.00387088473,28,2184.7621122268256,848.8000000000001,192,-2,1,-85.07968597332365,3,31.72677237837479
2.2,0.55,imsa,Daytona 24 2026,track_position,GTP,5,819051,GTP-02,2,2,744,86354.7376124466,24,2128.0618637700277,872.0000000000001,192,-1,0,-95.8134275351913,-1,88.4270208351727
2.2,0.55,imsa,Daytona 24 2026,splash_and_dash,GTP,5,819051,GTP-02,6,6,744,86384.02431301706,26,2235.699175760552,804.0000000000001,190,-5,0,-125.1001281056524,1,-19.21029115535157
2.2,0.55,imsa,Daytona 24 2026,lap_down,GTP,5,819051,GTP-02,1,1,744,86258.9241849114,25,2216.4888846052004,804.0000000000001,190,0,0,0.0,0,0.0
2.2,0.55,imsa,Daytona 24 2026,agent,GTP,5,819051,GTP-02,11,60,521,86374.63608611445,475,32793.29193058793,7.2,198,-10,-223,-115.71190120304527,450,-30576.80304598273
2.2,0.55,imsa,Daytona 24 2026,fuel_window,GTP,5,805567,GTP-07,5,5,741,86283.18561957667,26,1948.6743626575258,723.2,194,0,0,0.0,0,0.0
2.2,0.55,imsa,Daytona 24 2026,caution_gambler,GTP,5,805567,GTP-07,1,1,743,86319.85340095809,28,1973.747709275937,785.6,196,4,2,-36.66778138141672,2,-25.07334661841128
2.2,0.55,imsa,Daytona 24 2026,track_position,GTP,5,805567,GTP-07,1,1,743,86384.40910884932,24,1880.8261566558008,744.8000000000001,196,4,2,-101.22348927264102,-2,67.84820600172498
2.2,0.55,imsa,Daytona 24 2026,splash_and_dash,GTP,5,805567,GTP-07,7,7,741,86367.22843110866,26,1968.8464398068184,714.4000000000001,195,-2,0,-84.04281153198099,0,-20.17207714929259
2.2,0.55,imsa,Daytona 24 2026,lap_down,GTP,5,805567,GTP-07,5,5,741,86305.45376961677,25,1899.4800332711839,726.4000000000001,194,0,0,-22.268150040094042,-1,49.194329386341906
2.2,0.55,imsa,Daytona 24 2026,agent,GTP,5,805567,GTP-07,11,60,518,86341.73280972263,430,30825.28480466595,2.4000000000000004,206,-6,-223,-58.54719014595321,404,-28876.610442008423
2.2,0.55,imsa,Daytona 24 2026,fuel_window,GTP,5,787609,GTP-07,7,7,711,86421.78205593285,24,1910.5412450494869,617.6,252,0,0,0.0,0,0.0
2.2,0.55,imsa,Daytona 24 2026,caution_gambler,GTP,5,787609,GTP-07,5,5,711,86400.54517785306,29,2098.1045822904457,666.4000000000001,251,2,0,21.23687807979877,5,-187.56333724095884
2.2,0.55,imsa,Daytona 24 2026,track_position,GTP,5,787609,GTP-07,4,4,712,86449.02688052456,23,1844.3030303852038,698.4000000000001,254,3,1,-27.244824591703946,-1,66.23821466428308
2.2,0.55,imsa,Daytona 24 2026,splash_and_dash,GTP,5,787609,GTP-07,6,6,711,86419.38903707641,24,1904.6153523830205,617.6,252,1,0,2.3930188564409036,0,5.925892666466325
2.2,0.55,imsa,Daytona 24 2026,lap_down,GTP,5,787609,GTP-07,7,7,711,86421.78205593285,24,1910.5412450494869,617.6,252,0,0,0.0,0,0.0
2.2,0.55,imsa,Daytona 24 2026,agent,GTP,5,787609,GTP-07,11,60,519,86292.55293839035,498,32821.66561966115,8.0,252,-4,-192,129.22911754250526,474,-30911.124374611663
2.2,0.55,imsa,Daytona 24 2026,fuel_window,GTP,5,150213,GTP-01,6,6,731,86373.85121616114,24,1873.7655879606261,688.8000000000001,219,0,0,0.0,0,0.0
2.2,0.55,imsa,Daytona 24 2026,caution_gambler,GTP,5,150213,GTP-01,10,10,730,86321.33115717041,29,2050.440954462847,724.0,216,-4,-1,52.52005899073265,5,-176.67536650222087
2.2,0.55,imsa,Daytona 24 2026,track_position,GTP,5,150213,GTP-01,9,9,729,86323.56566956254,24,1921.5081532489553,681.6,221,-3,-2,50.28554659860674,0,-47.74256528832916
2.2,0.55,imsa,Daytona 24 2026,splash_and_dash,GTP,5,150213,GTP-01,7,7,731,86373.96411503546,24,1872.0067299685338,695.2,220,-1,0,-0.11289887431485113,0,1.7588579920923166
2.2,0.55,imsa,Daytona 24 2026,lap_down,GTP,5,150213,GTP-01,4,4,730,86316.28739174639,24,1877.1065013606262,768.0,218,2,-1,57.5638244147558,0,-3.3409134000000904
2.2,0.55,imsa,Daytona 24 2026,agent,GTP,5,150213,GTP-01,11,60,518,86250.44000758568,446,31281.474772074525,7.2,225,-5,-213,123.41120857546048,422,-29407.7091841139
2.2,0.55,imsa,Daytona 24 2026,fuel_window,GTP,5,377395,GTP-03,3,3,745,86323.90850743416,25,2199.1493346316083,789.6,187,0,0,0.0,0,0.0
2.2,0.55,imsa,Daytona 24 2026,caution_gambler,GTP,5,377395,GTP-03,2,2,747,86323.07337949726,27,2105.7999602191703,836.8000000000001,186,1,2,0.8351279368944233,2,93.34937441243801
2.2,0.55,imsa,Daytona 24 2026,track_position,GTP,5,377395,GTP-03,7,7,745,86305.99328051826,23,2063.0585990986297,789.6,186,-4,0,17.91522691589489,-2,136.09073553297867
2.2,0.55,imsa,Daytona 24 2026,splash_and_dash,GTP,5,377395,GTP-03,2,2,745,86320.74492099766,25,2183.448553807213,786.4000000000001,187,1,0,3.16358643649437,0,15.700780824395224
2.2,0.55,imsa,Daytona 24 2026,lap_down,GTP,5,377395,GTP-03,2,2,746,86308.27553531472,25,2205.2024949316083,838.4000000000001,188,1,1,15.632972119434271,0,-6.053160299999945
2.2,0.55,imsa,Daytona 24 2026,agent,GTP,5,377395,GTP-03,11,60,516,86378.8166990574,405,30473.02137767487,4.800000000000001,193,-8,-229,-54.90819162323896,380,-28273.872043043262
2.2,0.55,imsa,Daytona 24 2026,fuel_window,GTP,5,591184,GTP-03,11,11,707,86348.40695022554,23,1779.456346914687,664.0,263,0,0,0.0,0,0.0
2.2,0.55,imsa,Daytona 24 2026,caution_gambler,GTP,5,591184,GTP-03,11,11,707,86329.03123597782,26,1955.7019130517463,650.4000000000001,263,0,0,19.375714247726137,3,-176.2455661370593
2.2,0.55,imsa,Daytona 24 2026,track_position,GTP,5,591184,GTP-03,10,10,707,86327.53721650904,23,1747.6660793454514,628.0,262,1,0,20.869733716506744,0,31.79026756923554
2.2,0.55,imsa,Daytona 24 2026,splash_and_dash,GTP,5,591184,GTP-03,11,11,707,86348.40695022554,23,1779.456346914687,664.0,263,0,0,0.0,0,0.0
2.2,0.55,imsa,Daytona 24 2026,lap_down,GTP,5,591184,GTP-03,11,11,707,86359.8173647951,23,1742.5289759454515,663.2,263,0,0,-11.41041456956009,0,36.927370969235426
2.2,0.55,imsa,Daytona 24 2026,agent,GTP,5,591184,GTP-03,11,60,536,86324.40323723828,343,25060.822403887425,4.800000000000001,282,0,-171,24.003712987265317,320,-23281.366056972736
2.2,0.55,imsa,Daytona 24 2026,fuel_window,GTP,5,175200,GTP-09,2,2,792,86352.83587542441,27,2015.7087982585713,1025.6000000000001,102,0,0,0.0,0,0.0
2.2,0.55,imsa,Daytona 24 2026,caution_gambler,GTP,5,175200,GTP-09,10,10,791,86352.54132487238,29,2151.4715306430044,992.0000000000001,106,-8,-1,0.29455055203288794,2,-135.7627323844331
2.2,0.55,imsa,Daytona 24 2026,track_position,GTP,5,175200,GTP-09,4,4,790,86346.90680553897,27,2066.0524796719983,1002.4000000000001,107,-2,-2,5.929069885445642,0,-50.34368141342702
2.2,0.55,imsa,Daytona 24 2026,splash_and_dash,GTP,5,175200,GTP-09,7,7,791,86317.12871658964,28,2076.6885558284375,1014.4000000000001,102,-5,-1,35.70715883477533,1,-60.97975756986625
2.2,0.55,imsa,Daytona 24 2026,lap_down,GTP,5,175200,GTP-09,1,1,792,86321.38176865422,27,2046.9230561719985,1015.2,103,1,0,31.454106770193903,0,-31.21425791342722
2.2,0.55,imsa,Daytona 24 2026,agent,GTP,5,175200,GTP-09,11,60,505,86362.27564642124,472,35421.741516974434,8.0,112,-9,-287,-9.439770996832522,445,-33406.03271871586
2.2,0.55,imsa,Daytona 24 2026,fuel_window,GTP,5,578871,GTP-09,9,9,708,86310.66613780124,24,2039.7354087676183,652.8000000000001,252,0,0,0.0,0,0.0
2.2,0.55,imsa,Daytona 24 2026,caution_gambler,GTP,5,578871,GTP-09,2,2,711,86442.25427354405,29,2087.5429718317073,665.6,251,7,3,-131.5881357428152,5,-47.80756306408898
2.2,0.55,imsa,Daytona 24 2026,track_position,GTP,5,578871,GTP-09,1,1,711,86339.06029828006,22,1861.6585580207454,636.0,253,8,3,-28.39416047882696,-2,178.07685074687288
2.2,0.55,imsa,Daytona 24 2026,splash_and_dash,GTP,5,578871,GTP-09,8,8,708,86287.36258920039,25,2047.4159176890344,652.8000000000001,252,1,0,23.303548600844806,1,-7.680508921416049
2.2,0.55,imsa,Daytona 24 2026,lap_down,GTP,5,578871,GTP-09,10,10,709,86442.6711525603,24,2045.1239787676184,675.2,253,-1,1,-132.0050147590664,0,-5.3885700000000725
2.2,0.55,imsa,Daytona 24 2026,agent,GTP,5,578871,GTP-09,11,60,525,86337.37655816581,493,32019.93079425828,4.0,256,-2,-183,-26.7104203645722,469,-29980.19538549066
2.2,0.55,imsa,Daytona 24 2026,fuel_window,GTP,5,325700,GTP-10,5,5,818,86338.9830883852,30,2745.450702759686,1024.8000000000002,50,0,0,0.0,0,0.0
2.2,0.55,imsa,Daytona 24 2026,caution_gambler,GTP,5,325700,GTP-10,8,8,818,86333.96278168134,31,2675.1025088681045,1124.8000000000002,48,-3,0,5.020306703852839,1,70.34819389158156
2.2,0.55,imsa,Daytona 24 2026,track_position,GTP,5,325700,GTP-10,10,10,819,86421.55547968093,28,2588.8283405225625,1092.8000000000002,51,-5,1,-82.57239129573281,-2,156.62236223712353
2.2,0.55,imsa,Daytona 24 2026,splash_and_dash,GTP,5,325700,GTP-10,3,3,818,86329.47912527279,30,2729.0845448653467,1024.0,50,2,0,9.50396311240911,0,16.366157894339267
2.2,0.55,imsa,Daytona 24 2026,lap_down,GTP,5,325700,GTP-10,10,10,817,86298.49407637108,29,2646.757291419773,1088.0,50,-5,-1,40.48901201412082,-1,98.69341133991293
2.2,0.55,imsa,Daytona 24 2026,agent,GTP,5,325700,GTP-10,11,60,493,86370.72095807508,473,37366.66370626634,8.8,53,-6,-325,-31.737869689881336,443,-34621.21300350666
2.2,0.55,imsa,Daytona 24 2026,fuel_window,GTP,5,249170,GTP-11,5,5,758,86357.44595286631,25,2023.5775314345433,879.2,160,0,0,0.0,0,0.0
2.2,0.55,imsa,Daytona 24 2026,caution_gambler,GTP,5,249170,GTP-11,1,1,759,86320.84931351175,28,2079.5877403906366,1030.4,158,4,1,36.59663935456774,3,-56.010208956093265
2.2,0.55,imsa,Daytona 24 2026,track_position,GTP,5,249170,GTP-11,2,2,759,86379.17406181927,25,2037.3722706345432,900.0000000000001,160,3,1,-21.728108952956973,0,-13.794739199999867
2.2,0.55,imsa,Daytona 24 2026,splash_and_dash,GTP,5,249170,GTP-11,10,10,757,86331.57926082087,26,2067.253857188278,906.4000000000001,160,-5,-1,25.866692045441596,1,-43.676325753734545
2.2,0.55,imsa,Daytona 24 2026,lap_down,GTP,5,249170,GTP-11,1,1,760,86385.47057315266,25,2027.6189589345431,881.6,160,4,2,-28.02462028634909,0,-4.041427499999827
2.2,0.55,imsa,Daytona 24 2026,agent,GTP,5,249170,GTP-11,11,60,509,86257.05073003718,483,34401.9648126699,10.4,166,-6,-249,100.39522282913094,458,-32378.38728123536
2.2,0.55,imsa,Daytona 24 2026,fuel_window,GTP,5,306604,GTP-03,5,5,703,86318.24359882984,23,1700.4081752346478,580.8000000000001,264,0,0,0.0,0,0.0
2.2,0.55,imsa,Daytona 24 2026,caution_gambler,GTP,5,306604,GTP-03,11,11,703,86391.15586143197,30,2015.2310151383276,518.4000000000001,265,-6,0,-72.91226260212716,7,-314.8228399036798
2.2,0.55,imsa,Daytona 24 2026,track_position,GTP,5,306604,GTP-03,3,3,703,86377.55448201999,22,1652.2008328922013,594.4000000000001,272,2,0,-59.31088319014816,-1,48.20734234244651
2.2,0.55,imsa,Daytona 24 2026,splash_and_dash,GTP,5,306604,GTP-03,5,5,703,86318.24360074013,23,1698.8139492785292,583.2,264,0,0,-1.91028811968863e-06,0,1.5942259561186347
2.2,0.55,imsa,Daytona 24 2026,lap_down,GTP,5,306604,GTP-03,5,5,703,86318.24359882984,23,1700.4081752346478,580.8000000000001,264,0,0,0.0,0,0.0
2.2,0.55,imsa,Daytona 24 2026,agent,GTP,5,306604,GTP-03,11,60,524,86289.51788134138,496,32171.97179923833,3.2,274,-6,-179,28.72571748845803,473,-30471.563624003684
2.2,0.55,imsa,Daytona 24 2026,fuel_window,GTP,5,483288,GTP-11,8,8,760,86375.06591483256,24,2012.7966225231844,848.0000000000001,168,0,0,0.0,0,0.0
2.2,0.55,imsa,Daytona 24 2026,caution_gambler,GTP,5,483288,GTP-11,9,9,760,86296.43193588221,30,2258.6171958931195,817.6,169,-1,0,78.6339789503545,6,-245.82057336993512
2.2,0.55,imsa,Daytona 24 2026,track_position,GTP,5,483288,GTP-11,1,1,760,86334.93936250659,24,1953.5935651723912,781.6,167,7,0,40.12655232597899,0,59.20305735079319
2.2,0.55,imsa,Daytona 24 2026,splash_and_dash,GTP,5,483288,GTP-11,8,8,760,86375.06591483256,24,2012.7966225231844,848.0000000000001,168,0,0,0.0,0,0.0
2.2,0.55,imsa,Daytona 24 2026,lap_down,GTP,5,483288,GTP-11,9,9,760,86379.76825652957,25,1983.5775618945322,864.8000000000001,166,-1,0,-4.702341697004158,1,29.219060628652187
2.2,0.55,imsa,Daytona 24 2026,agent,GTP,5,483288,GTP-11,11,60,510,86362.48456744455,470,33774.46578021015,8.0,166,-3,-250,12.581347388011636,446,-31761.669157686967
2.2,0.55,imsa,Daytona 24 2026,fuel_window,GTP,5,271636,GTP-10,3,3,744,86374.82296855794,25,1992.7214116479531,781.6,195,0,0,0.0,0,0.0
2.2,0.55,imsa,Daytona 24 2026,caution_gambler,GTP,5,271636,GTP-10,8,8,744,86321.77854453525,29,2093.0882605806573,820.0000000000001,193,-5,0,53.04442402269342,4,-100.36684893270422
2.2,0.55,imsa,Daytona 24 2026,track_position,GTP,5,271636,GTP-10,3,3,744,86348.64123863124,25,2011.258092447953,770.4000000000001,195,0,0,26.18172992669861,0,-18.536680799999885
2.2,0.55,imsa,Daytona 24 2026,splash_and_dash,GTP,5,271636,GTP-10,11,11,743,86350.6780472582,27,2072.638693203965,774.4000000000001,195,-8,-1,24.144921299739508,2,-79.91728155601186
2.2,0.55,imsa,Daytona 24 2026,lap_down,GTP,5,271636,GTP-10,4,4,744,86362.61610163671,25,1994.0685541479531,787.2,195,-1,0,12.206866921231267,0,-1.3471425000000181
2.2,0.55,imsa,Daytona 24 2026,agent,GTP,5,271636,GTP-10,11,60,521,86293.12108591797,440,31604.322711787816,2.4000000000000004,208,-8,-223,81.70188263997261,415,-29611.601300139864
2.2,0.55,imsa,Daytona 24 2026,fuel_window,GTP,5,7803,GTP-05,10,10,766,86379.19712323428,27,2197.7057252378304,901.6,145,0,0,0.0,0,0.0
2.2,0.55,imsa,Daytona 24 2026,caution_gambler,GTP,5,7803,GTP-05,4,4,768,86426.11431731406,28,2213.866581496272,984.8000000000001,148,6,2,-46.91719407978235,1,-16.160856258441527
2.2,0.55,imsa,Daytona 24 2026,track_position,GTP,5,7803,GTP-05,3,3,767,86347.5975028258,25,2143.664121166822,989.6,149,7,1,31.599620408480405,-2,54.04160407100835
2.2,0.55,imsa,Daytona 24 2026,splash_and_dash,GTP,5,7803,GTP-05,8,8,766,86357.27055540153,27,2201.3703517985236,875.2,145,2,0,21.926567832750152,0,-3.66462656069325
2.2,0.55,imsa,Daytona 24 2026,lap_down,GTP,5,7803,GTP-05,2,2,767,86384.81553469392,26,2147.987651338744,908.0000000000001,146,8,1,-5.618411459639901,-1,49.71807389908645
2.2,0.55,imsa,Daytona 24 2026,agent,GTP,5,7803,GTP-05,11,60,519,86359.72861989102,401,31074.552569090436,5.6000000000000005,163,-1,-247,19.468503343261546,374,-28876.846843852607
2.2,0.55,imsa,Daytona 24 2026,fuel_window,GTP,5,772919,GTP-10,4,4,733,86403.16174000052,24,2061.3866014462064,673.6,220,0,0,0.0,0,0.0
2.2,0.55,imsa,Daytona 24 2026,caution_gambler,GTP,5,772919,GTP-10,10,10,733,86420.68388881205,27,2174.8390237016665,714.4000000000001,216,-6,0,-17.522148811534862,3,-113.45242225546008
2.2,0.55,imsa,Daytona 24 2026,track_position,GTP,5,772919,GTP-10,8,8,732,86420.3461174166,24,2032.6579728634658,692.8000000000001,216,-4,-1,-17.18437741608068,0,28.728628582740612
2.2,0.55,imsa,Daytona 24 2026,splash_and_dash,GTP,5,772919,GTP-10,4,4,733,86403.16247038858,24,2059.861246800861,673.6,220,0,0,-0.0007303880556719378,0,1.5253546453454874
2.2,0.55,imsa,Daytona 24 2026,lap_down,GTP,5,772919,GTP-10,1,1,733,86385.60459689196,24,2022.4017279634656,652.0,218,3,0,17.557143108555465,0,38.984873482740795
2.2,0.55,imsa,Daytona 24 2026,agent,GTP,5,772919,GTP-10,11,60,514,86334.72244923293,406,30136.47310716997,4.0,222,-7,-219,68.43929076759377,382,-28075.086505723764
2.2,0.55,imsa,Daytona 24 2026,fuel_window,GTP,5,702733,GTP-01,8,8,698,86333.93126016078,22,1656.719323636933,604.8000000000001,275,0,0,0.0,0,0.0
2.2,0.55,imsa,Daytona 24 2026,caution_gambler,GTP,5,702733,GTP-01,4,4,700,86332.63481753669,26,1748.6056843962328,574.4000000000001,276,4,2,1.2964426240941975,4,-91.8863607592998
2.2,0.55,imsa,Daytona 24 2026,track_position,GTP,5,702733,GTP-01,4,4,699,86325.04096131823,22,1633.5304127887746,604.8000000000001,276,4,1,8.89029884255433,0,23.188910848158457
2.2,0.55,imsa,Daytona 24 2026,splash_and_dash,GTP,5,702733,GTP-01,8,8,698,86333.40668417873,22,1656.719323636933,604.0,275,0,0,0.5245759820536477,0,0.0
2.2,0.55,imsa,Daytona 24 2026,lap_down,GTP,5,702733,GTP-01,8,8,698,86333.93126016078,22,1656.719323636933,604.8000000000001,275,0,0,0.0,0,0.0
2.2,0.55,imsa,Daytona 24 2026,agent,GTP,5,702733,GTP-01,11,60,534,86378.8922980266,413,27603.34405087711,4.0,288,-3,-164,-44.96103786582535,391,-25946.624727240174
2.2,0.55,imsa,Daytona 24 2026,fuel_window,GTP,5,296252,GTP-09,2,2,748,86379.72033089073,24,2064.6453305779683,800.0000000000001,190,0,0,0.0,0,0.0
2.2,0.55,imsa,Daytona 24 2026,caution_gambler,GTP,5,296252,GTP-09,6,6,749,86312.34827097798,31,2325.7041148779776,745.6,187,-4,1,67.3720599127555,7,-261.0587843000094
2.2,0.55,imsa,Daytona 24 2026,track_position,GTP,5,296252,GTP-09,8,8,748,86387.68377563878,24,2127.5902198703866,792.0,190,-6,0,-7.963444748049369,0,-62.94488929241834
2.2,0.55,imsa,Daytona 24 2026,splash_and_dash,GTP,5,296252,GTP-09,2,2,748,86379.72033089073,24,2064.6453305779683,800.0000000000001,190,0,0,0.0,0,0.0
2.2,0.55,imsa,Daytona 24 2026,lap_down,GTP,5,296252,GTP-09,1,1,748,86379.95222731477,24,2071.596585877968,856.0000000000001,190,1,0,-0.23189642404031474,0,-6.951255299999957
2.2,0.55,imsa,Daytona 24 2026,agent,GTP,5,296252,GTP-09,11,60,510,86356.00831377765,492,34516.237218811264,4.800000000000001,188,-9,-238,23.712017113080947,468,-32451.591888233295
2.2,0.55,imsa,Daytona 24 2026,fuel_window,GTP,5,595345,GTP-05,5,5,783,86387.6026014881,27,2245.3708790647297,1024.0,122,0,0,0.0,0,0.0
2.2,0.55,imsa,Daytona 24 2026,caution_gambler,GTP,5,595345,GTP-05,1,1,783,86349.6017309411,30,2221.652593081073,1036.8,119,4,0,38.00087054700998,3,23.718285983656642
2.2,0.55,imsa,Daytona 24 2026,track_position,GTP,5,595345,GTP-05,9,9,783,86418.23994643465,27,2265.8474450647295,998.4000000000001,120,-4,0,-30.637344946546364,0,-20.47656599999982
2.2,0.55,imsa,Daytona 24 2026,splash_and_dash,GTP,5,595345,GTP-05,2,2,783,86371.12118002644,27,2226.525019870033,1024.0,122,3,0,16.481421461663558,0,18.845859194696914
2.2,0.55,imsa,Daytona 24 2026,lap_down,GTP,5,595345,GTP-05,8,8,783,86436.3702866337,27,2254.42367666473,1032.8000000000002,122,-3,0,-48.767685145590804,0,-9.052797600000304
2.2,0.55,imsa,Daytona 24 2026,agent,GTP,5,595345,GTP-05,11,60,505,86367.08553737805,456,34696.78229756034,5.6000000000000005,128,-6,-278,20.5170641100558,429,-32451.411418495612
2.2,0.55,imsa,Daytona 24 2026,fuel_window,GTP,5,742968,GTP-03,7,7,733,86304.03454642807,25,1952.3524797384825,769.6,209,0,0,0.0,0,0.0
2.2,0.55,imsa,Daytona 24 2026,caution_gambler,GTP,5,742968,GTP-03,1,1,735,86370.5313393523,28,1924.5300521766385,814.4000000000001,209,6,2,-66.49679292422661,3,27.82242756184405
2.2,0.55,imsa,Daytona 24 2026,track_position,GTP,5,742968,GTP-03,10,10,733,86193.58214983818,25,2002.2691485105881,751.2,212,-3,0,110.4523965898843,0,-49.916668772105595
2.2,0.55,imsa,Daytona 24 2026,splash_and_dash,GTP,5,742968,GTP-03,1,1,734,86370.83769336581,25,1915.3364684365752,774.4000000000001,209,6,1,-66.80314693774562,0,37.01601130190738
2.2,0.55,imsa,Daytona 24 2026,lap_down,GTP,5,742968,GTP-03,10,10,733,86383.84700053617,25,1988.6899521105881,790.4000000000001,209,-3,0,-79.81245410810516,0,-36.337472372105594
2.2,0.55,imsa,Daytona 24 2026,agent,GTP,5,742968,GTP-03,11,60,525,86230.0229540963,459,32053.548659086522,8.0,223,-4,-208,74.0115923317644,434,-30101.19617934804
2.2,0.55,imsa,Daytona 24 2026,fuel_window,GTP,5,789492,GTP-02,3,3,695,86351.26196703943,22,1528.9581781341042,588.8000000000001,278,0,0,0.0,0,0.0
2.2,0.55,imsa,Daytona 24 2026,caution_gambler,GTP,5,789492,GTP-02,11,11,693,86302.62186475673,28,1866.060142771968,606.4000000000001,278,-8,-2,48.6401022827049,6,-337.10196463786383
2.2,0.55,imsa,Daytona 24 2026,track_position,GTP,5,789492,GTP-02,3,3,696,86370.0128415408,22,1541.1543082341043,593.6,279,0,1,-18.750874501361977,0,-12.196130100000119
2.2,0.55,imsa,Daytona 24 2026,splash_and_dash,GTP,5,789492,GTP-02,3,3,695,86349.03121275014,23,1536.85334994461,578.4000000000001,278,0,0,2.2307542892958736,1,-7.895171810505872
2.2,0.55,imsa,Daytona 24 2026,lap_down,GTP,5,789492,GTP-02,3,3,695,86350.24016224737,22,1530.3053206341042,586.4000000000001,278,0,0,1.0218047920643585,0,-1.3471425000000181
2.2,0.55,imsa,Daytona 24 2026,agent,GTP,5,789492,GTP-02,11,60,524,86254.75397572247,462,29946.212604181088,7.2,284,-8,-171,96.50799131696112,440,-28417.254426046984
2.2,0.55,imsa,Daytona 24 2026,fuel_window,GTP,5,849953,GTP-11,9,9,759,86417.07886887353,26,2172.112821559953,824.8000000000001,160,0,0,0.0,0,0.0
2.2,0.55,imsa,Daytona 24 2026,caution_gambler,GTP,5,849953,GTP-11,7,7,760,86443.89991139597,31,2275.6428604686025,904.0000000000001,158,2,1,-26.821042522438802,5,-103.53003890864966
2.2,0.55,imsa,Daytona 24 2026,track_position,GTP,5,849953,GTP-11,3,3,760,86326.2988731326,25,2072.2305592057673,897.6,161,6,1,90.77999574092973,-1,99.88226235418551
2.2,0.55,imsa,Daytona 24 2026,splash_and_dash,GTP,5,849953,GTP-11,9,9,759,86417.07886887353,26,2172.112821559953,824.8000000000001,160,0,0,0.0,0,0.0
2.2,0.55,imsa,Daytona 24 2026,lap_down,GTP,5,849953,GTP-11,9,9,759,86417.07886887353,26,2172.112821559953,824.8000000000001,160,0,0,0.0,0,0.0
2.2,0.55,imsa,Daytona 24 2026,agent,GTP,5,849953,GTP-11,11,60,512,86281.77527726526,493,34705.53405117429,8.0,163,-2,-247,135.30359160827356,467,-32533.421229614338
2.2,0.55,imsa,Daytona 24 2026,fuel_window,GTP,5,631374,GTP-06,1,1,757,86424.25278721946,26,2153.115997333028,868.8000000000001,166,0,0,0.0,0,0.0
2.2,0.55,imsa,Daytona 24 2026,caution_gambler,GTP,5,631374,GTP-06,1,1,756,86309.58144496901,29,2301.244716392745,816.0000000000001,161,0,-1,114.67134225045447,3,-148.1287190597168
2.2,0.55,imsa,Daytona 24 2026,track_position,GTP,5,631374,GTP-06,2,2,757,86423.69437277094,25,2128.238370542382,832.0,164,-1,0,0.558414448518306,-1,24.87762679064599
2.2,0.55,imsa,Daytona 24 2026,splash_and_dash,GTP,5,631374,GTP-06,7,7,756,86404.16198662059,26,2170.126231375511,870.4000000000001,165,-6,-1,20.09080059887492,0,-17.010234042482807
2.2,0.55,imsa,Daytona 24 2026,lap_down,GTP,5,631374,GTP-06,2,2,757,86431.01699377155,25,2113.6173839423823,858.4000000000001,165,-1,0,-6.764206552092219,-1,39.498613390645914
2.2,0.55,imsa,Daytona 24 2026,agent,GTP,5,631374,GTP-06,11,60,509,86425.51503769659,419,31461.1721904743,7.2,171,-10,-248,-1.2622504771279637,393,-29308.05619314127
2.2,0.55,imsa,Daytona 24 2026,fuel_window,GTP,5,137229,GTP-07,4,4,773,86346.97811885651,27,2275.3639333427545,854.4000000000001,135,0,0,0.0,0,0.0
2.2,0.55,imsa,Daytona 24 2026,caution_gambler,GTP,5,137229,GTP-07,4,4,775,86353.50873322073,32,2370.5306158361877,889.6,135,0,2,-6.530614364222856,5,-95.1666824934332
2.2,0.55,imsa,Daytona 24 2026,track_position,GTP,5,137229,GTP-07,7,7,773,86364.21027172497,26,2247.809660096763,836.0000000000001,136,-3,0,-17.23215286845516,-1,27.55427324599168
2.2,0.55,imsa,Daytona 24 2026,splash_and_dash,GTP,5,137229,GTP-07,5,5,772,86279.65945972482,29,2378.630442845812,856.0,135,-1,-1,67.31865913169167,2,-103.26650950305748
2.2,0.55,imsa,Daytona 24 2026,lap_down,GTP,5,137229,GTP-07,9,9,772,86374.09325121428,26,2236.978634396763,884.0000000000001,135,-5,-1,-27.115132357765106,-1,38.38529894599151
2.2,0.55,imsa,Daytona 24 2026,agent,GTP,5,137229,GTP-07,11,60,506,86394.77045984812,483,35272.477417168884,8.8,139,-7,-267,-47.79234099161113,456,-32997.11348382613
2.2,0.55,imsa,Daytona 24 2026,fuel_window,GTP,5,971340,GTP-01,3,3,777,86426.99293799656,27,2299.473432593605,962.4000000000001,134,0,0,0.0,0,0.0
2.2,0.55,imsa,Daytona 24 2026,caution_gambler,GTP,5,971340,GTP-01,1,1,777,86449.16909888801,30,2391.4180389234057,1010.4000000000001,133,2,0,-22.176160891453037,3,-91.94460632980054
2.2,0.55,imsa,Daytona 24 2026,track_position,GTP,5,971340,GTP-01,7,7,776,86376.47223486305,26,2239.689512551009,942.4000000000001,131,-4,-1,50.52070313351578,-1,59.78392004259604
2.2,0.55,imsa,Daytona 24 2026,splash_and_dash,GTP,5,971340,GTP-01,2,2,777,86416.37698855644,27,2278.3583105414223,962.4000000000001,134,1,0,10.615949440121767,0,21.11512205218287
2.2,0.55,imsa,Daytona 24 2026,lap_down,GTP,5,971340,GTP-01,5,5,777,86432.26232914302,27,2305.508630993605,872.8000000000001,136,-2,0,-5.269391146459384,0,-6.035198399999899
2.2,0.55,imsa,Daytona 24 2026,agent,GTP,5,971340,GTP-01,11,60,505,86295.50237487398,473,34724.8323871603,5.6000000000000005,134,-8,-272,131.49056312258472,446,-32425.358954566695
2.2,0.55,imsa,Daytona 24 2026,fuel_window,GTP,5,821139,GTP-09,4,4,757,86308.19404997371,27,2153.3412477799716,870.4000000000001,168,0,0,0.0,0,0.0
2.2,0.55,imsa,Daytona 24 2026,caution_gambler,GTP,5,821139,GTP-09,2,2,757,86364.37215034234,32,2275.7118279559013,863.2,161,2,0,-56.17810036863375,5,-122.37058017592972
2.2,0.55,imsa,Daytona 24 2026,track_position,GTP,5,821139,GTP-09,1,1,758,86365.76277600703,26,2061.6964922023017,766.4000000000001,165,3,1,-57.56872603332158,-1,91.64475557766991
2.2,0.55,imsa,Daytona 24 2026,splash_and_dash,GTP,5,821139,GTP-09,7,7,757,86337.93206352135,28,2191.6842245569123,860.8000000000001,168,-3,0,-29.738013547641458,1,-38.34297677694076
2.2,0.55,imsa,Daytona 24 2026,lap_down,GTP,5,821139,GTP-09,5,5,756,86299.87087925657,27,2158.4603892799714,853.6,167,-1,-1,8.323170717136236,0,-5.1191414999998415
2.2,0.55,imsa,Daytona 24 2026,agent,GTP,5,821139,GTP-09,11,60,509,86376.61319364453,493,34885.65692514391,8.0,166,-7,-248,-68.41914367082063,466,-32732.315677363935
2.2,0.55,imsa,Daytona 24 2026,fuel_window,GTP,5,717617,GTP-05,1,1,771,86388.5315920816,26,2013.7618316891117,891.2,146,0,0,0.0,0,0.0
2.2,0.55,imsa,Daytona 24 2026,caution_gambler,GTP,5,717617,GTP-05,1,1,770,86333.38199623101,30,2170.9815814230874,870.4000000000001,145,0,-1,55.149595850598416,4,-157.21974973397573
2.2,0.55,imsa,Daytona 24 2026,track_position,GTP,5,717617,GTP-05,9,9,770,86362.08150326433,25,1963.5254284997295,967.2,147,-8,-1,26.450088817276992,-1,50.236403189382145
2.2,0.55,imsa,Daytona 24 2026,splash_and_dash,GTP,5,717617,GTP-05,1,1,770,86303.9556041872,27,2035.8109083809607,881.6,146,0,-1,84.57598789440817,1,-22.049076691848995
2.2,0.55,imsa,Daytona 24 2026,lap_down,GTP,5,717617,GTP-05,1,1,770,86396.19571988976,26,2014.5701171891117,891.2,147,0,-1,-7.664127808151534,0,-0.8082855000000109
2.2,0.55,imsa,Daytona 24 2026,agent,GTP,5,717617,GTP-05,11,60,509,86359.38727173017,488,35038.12905155507,5.6000000000000005,149,-10,-262,29.144320351435454,462,-33024.36721986596
2.2,0.55,imsa,Daytona 24 2026,fuel_window,GTP,5,598074,GTP-02,8,8,752,86359.91324797487,25,2065.4557930810283,832.0,175,0,0,0.0,0,0.0
2.2,0.55,imsa,Daytona 24 2026,caution_gambler,GTP,5,598074,GTP-02,3,3,753,86360.2537742567,29,2215.58970871451,849.6,176,5,1,-0.3405262818268966,4,-150.1339156334816
2.2,0.55,imsa,Daytona 24 2026,track_position,GTP,5,598074,GTP-02,9,9,753,86370.04307534928,25,2078.388361081028,872.0,176,-1,1,-10.1298273744178,0,-12.93256799999972
2.2,0.55,imsa,Daytona 24 2026,splash_and_dash,GTP,5,598074,GTP-02,8,8,752,86353.82502917228,26,2047.978557795544,843.2,175,0,0,6.088218802586198,1,17.477235285484312
2.2,0.55,imsa,Daytona 24 2026,lap_down,GTP,5,598074,GTP-02,9,9,752,86384.35686108949,25,2066.802935581028,846.4000000000001,175,-1,0,-24.443613114621257,0,-1.3471424999997907
2.2,0.55,imsa,Daytona 24 2026,agent,GTP,5,598074,GTP-02,11,60,511,86277.6114066017,468,33427.0748587886,8.0,180,-3,-241,82.30184137316246,443,-31361.619065707568
2.2,0.55,imsa,Daytona 24 2026,fuel_window,GTP,5,66622,GTP-05,4,4,751,86365.20533827448,26,2039.9716595557084,812.0,179,0,0,0.0,0,0.0
2.2,0.55,imsa,Daytona 24 2026,caution_gambler,GTP,5,66622,GTP-05,1,1,753,86396.53986953008,28,1952.2577510932188,823.2,175,3,2,-31.334531255604816,2,87.7139084624896
2.2,0.55,imsa,Daytona 24 2026,track_position,GTP,5,66622,GTP-05,1,1,751,86352.95441743538,24,1926.9878027717214,839.2,178,3,0,12.250920839098399,-2,112.983856783987
2.2,0.55,imsa,Daytona 24 2026,splash_and_dash,GTP,5,66622,GTP-05,1,1,751,86325.7917604761,26,2006.4928936861186,804.8000000000001,179,3,0,39.41357779837563,0,33.47876586958978
2.2,0.55,imsa,Daytona 24 2026,lap_down,GTP,5,66622,GTP-05,6,6,751,86390.79075295164,25,2009.9528302795063,804.8000000000001,181,-2,0,-25.58541467715986,-1,30.01882927620204
2.2,0.55,imsa,Daytona 24 2026,agent,GTP,5,66622,GTP-05,11,60,511,86307.09262214463,462,33203.38867419696,3.2,181,-7,-240,58.112716129850014,436,-31163.417014641254
2.2,0.55,imsa,Daytona 24 2026,fuel_window,GTP,5,661064,GTP-10,7,7,714,86447.2090553547,23,1814.6555875532815,676.0,252,0,0,0.0,0,0.0
2.2,0.55,imsa,Daytona 24 2026,caution_gambler,GTP,5,661064,GTP-10,10,10,714,86402.6385339474,30,2109.847617840751,666.4000000000001,254,-3,0,44.57052140729502,7,-295.1920302874694
2.2,0.55,imsa,Daytona 24 2026,track_position,GTP,5,661064,GTP-10,3,3,713,86377.15398377209,22,1726.4701177246848,623.2,248,4,-1,70.05507158261025,-1,88.18546982859675
2.2,0.55,imsa,Daytona 24 2026,splash_and_dash,GTP,5,661064,GTP-10,7,7,714,86447.2090553547,23,1814.6555875532815,676.0,252,0,0,0.0,0,0.0
2.2,0.55,imsa,Daytona 24 2026,lap_down,GTP,5,661064,GTP-10,4,4,714,86444.65454678322,23,1821.3913000532814,689.6,252,3,0,2.5545085714838933,0,-6.735712499999863
2.2,0.55,imsa,Daytona 24 2026,agent,GTP,5,661064,GTP-10,11,60,525,86363.25338952831,457,30572.672389902276,5.6000000000000005,262,-4,-189,83.95566582639003,434,-28758.016802348993
2.2,0.55,imsa,Daytona 24 2026,fuel_window,GTP,5,134497,GTP-03,4,4,714,86444.37376028283,22,1776.7569589820876,627.2,251,0,0,0.0,0,0.0
2.2,0.55,imsa,Daytona 24 2026,caution_gambler,GTP,5,134497,GTP-03,10,10,712,86331.98112979378,29,2103.532462712299,640.0,249,-6,-2,112.39263048904832,7,-326.77550373021154
2.2,0.55,imsa,Daytona 24 2026,track_position,GTP,5,134497,GTP-03,10,10,712,86327.7537488915,22,1785.1092424820874,668.8000000000001,253,-6,-2,116.62001139133645,0,-8.352283499999885
2.2,0.55,imsa,Daytona 24 2026,splash_and_dash,GTP,5,134497,GTP-03,3,3,714,86442.20960196969,22,1766.2360130120667,627.2,251,1,0,2.164158313142252,0,10.520945970020875
2.2,0.55,imsa,Daytona 24 2026,lap_down,GTP,5,134497,GTP-03,4,4,714,86444.37376028283,22,1776.7569589820876,627.2,251,0,0,0.0,0,0.0
2.2,0.55,imsa,Daytona 24 2026,agent,GTP,5,134497,GTP-03,11,60,525,86326.94556042623,463,31475.665889952565,7.2,263,-7,-189,117.42819985660026,441,-29698.908930970476
2.2,0.55,imsa,Daytona 24 2026,fuel_window,GTP,5,310782,GTP-02,7,7,715,86371.07532535419,22,1626.1314412556746,648.0,245,0,0,0.0,0,0.0
2.2,0.55,imsa,Daytona 24 2026,caution_gambler,GTP,5,310782,GTP-02,8,8,714,86305.09433992386,26,1832.203507559254,628.0,245,-1,-1,65.9809854303312,4,-206.07206630357928
2.2,0.55,imsa,Daytona 24 2026,track_position,GTP,5,310782,GTP-02,4,4,716,86345.10374867768,22,1641.1655515556745,688.0,244,3,1,25.971576676514815,0,-15.034110299999838
2.2,0.55,imsa,Daytona 24 2026,splash_and_dash,GTP,5,310782,GTP-02,7,7,714,86303.39814450263,23,1655.0972090328025,648.8000000000001,245,0,-1,67.6771808515623,1,-28.965767777127894
2.2,0.55,imsa,Daytona 24 2026,lap_down,GTP,5,310782,GTP-02,7,7,714,86304.32480437732,22,1628.1790978556746,672.8000000000001,246,0,-1,66.75052097687148,0,-2.047656599999982
2.2,0.55,imsa,Daytona 24 2026,agent,GTP,5,310782,GTP-02,11,60,534,86266.85537933238,428,29208.866194591526,5.6000000000000005,262,-4,-181,104.21994602181076,406,-27582.73475333585
2.2,0.55,imsa,Daytona 24 2026,fuel_window,GTP,5,116623,GTP-03,6,6,738,86325.38872118348,25,1859.719137796254,795.2,202,0,0,0.0,0,0.0
2.2,0.55,imsa,Daytona 24 2026,caution_gambler,GTP,5,116623,GTP-03,2,2,738,86314.74718582704,30,2028.386230186498,830.4000000000001,202,4,0,10.641535356437089,5,-168.66709239024408
2.2,0.55,imsa,Daytona 24 2026,track_position,GTP,5,116623,GTP-03,2,2,738,86306.67252848537,25,1891.9224047890311,772.8000000000001,202,4,0,18.71619269810617,0,-32.20326699277712
2.2,0.55,imsa,Daytona 24 2026,splash_and_dash,GTP,5,116623,GTP-03,4,4,739,86379.27320903559,25,1833.9355037585797,796.0,203,2,1,-53.88448785210494,0,25.783634037674346
2.2,0.55,imsa,Daytona 24 2026,lap_down,GTP,5,116623,GTP-03,4,4,738,86322.0442071287,25,1866.400964596254,778.4000000000001,201,2,0,3.3445140547846677,0,-6.681826799999953
2.2,0.55,imsa,Daytona 24 2026,agent,GTP,5,116623,GTP-03,11,60,509,86412.2082138671,475,33677.088667516444,2.4000000000000004,204,-5,-229,-86.81949268361495,450,-31817.36952972019
2.2,0.55,imsa,Daytona 24 2026,fuel_window,GTP,5,786779,GTP-07,2,2,758,86354.8602305844,26,2091.5676080065423,840.8000000000001,162,0,0,0.0,0,0.0
2.2,0.55,imsa,Daytona 24 2026,caution_gambler,GTP,5,786779,GTP-07,6,6,758,86422.86905085326,32,2328.7063939339996,862.4000000000001,163,-4,0,-68.00882026886393,6,-237.13878592745732
2.2,0.55,imsa,Daytona 24 2026,track_position,GTP,5,786779,GTP-07,2,2,758,86419.34530673202,25,2051.994755666646,888.0000000000001,165,0,0,-64.48507614762639,-1,39.572852339896144
2.2,0.55,imsa,Daytona 24 2026,splash_and_dash,GTP,5,786779,GTP-07,3,3,758,86375.20834294608,27,2112.4537345412577,836.8000000000001,162,-1,0,-20.34811236168025,1,-20.88612653471546
2.2,0.55,imsa,Daytona 24 2026,lap_down,GTP,5,786779,GTP-07,5,5,758,86394.25429211241,26,2094.0463502065422,870.4000000000001,162,-3,0,-39.3940615280153,0,-2.4787421999999424
2.2,0.55,imsa,Daytona 24 2026,agent,GTP,5,786779,GTP-07,11,60,507,86332.61293689282,438,32333.139093096088,3.2,166,-9,-251,22.24729369157285,412,-30241.571485089546
2.2,0.55,imsa,Daytona 24 2026,fuel_window,GTP,5,491031,GTP-03,7,7,793,86354.88151987377,27,2344.0220202189175,967.2,103,0,0,0.0,0,0.0
2.2,0.55,imsa,Daytona 24 2026,caution_gambler,GTP,5,491031,GTP-03,5,5,792,86384.70872138508,31,2513.1021892637946,1016.0000000000001,101,2,-1,-29.82720151130343,4,-169.08016904487704
2.2,0.55,imsa,Daytona 24 2026,track_position,GTP,5,491031,GTP-03,5,5,792,86342.56817067094,27,2407.98004821686,974.4000000000001,105,2,-1,12.313349202828249,0,-63.95802799794228
2.2,0.55,imsa,Daytona 24 2026,splash_and_dash,GTP,5,491031,GTP-03,11,11,792,86265.0404391003,29,2415.696799435799,958.4000000000001,103,-4,-1,89.84108077347628,2,-71.67477921688169
2.2,0.55,imsa,Daytona 24 2026,lap_down,GTP,5,491031,GTP-03,2,2,792,86326.10552542232,27,2347.0396194189175,969.6,100,5,-1,28.775994451454608,0,-3.0175991999999496
2.2,0.55,imsa,Daytona 24 2026,agent,GTP,5,491031,GTP-03,11,60,506,86278.82952749978,475,35490.98363687558,10.4,107,-4,-287,76.0519923739921,448,-33146.96161665666
2.2,0.55,imsa,Daytona 24 2026,fuel_window,GTP,5,847442,GTP-02,3,3,740,86380.89288274568,25,1927.7043493573542,755.2,200,0,0,0.0,0,0.0
2.2,0.55,imsa,Daytona 24 2026,caution_gambler,GTP,5,847442,GTP-02,6,6,739,86314.04665770463,31,2067.631047073778,773.6,199,-3,-1,66.8462250410521,6,-139.92669771642386
2.2,0.55,imsa,Daytona 24 2026,track_position,GTP,5,847442,GTP-02,2,2,739,86302.16226958076,24,1865.9776225800972,777.6,202,1,-1,78.73061316492385,-1,61.726726777257
2.2,0.55,imsa,Daytona 24 2026,splash_and_dash,GTP,5,847442,GTP-02,5,5,739,86314.27269131849,26,1949.567725566172,763.2,200,-2,-1,66.6201914271951,1,-21.863376208817726
2.2,0.55,imsa,Daytona 24 2026,lap_down,GTP,5,847442,GTP-02,3,3,740,86380.89288274568,25,1927.7043493573542,755.2,200,0,0,0.0,0,0.0
2.2,0.55,imsa,Daytona 24 2026,agent,GTP,5,847442,GTP-02,11,60,522,86248.79861177482,454,31816.57363644373,4.0,211,-8,-218,132.09427097086154,429,-29888.869287086374
2.2,0.55,imsa,Daytona 24 2026,fuel_window,GTP,5,963960,GTP-09,11,11,746,86342.74595869321,26,2175.0582749594782,777.6,188,0,0,0.0,0,0.0
2.2,0.55,imsa,Daytona 24 2026,caution_gambler,GTP,5,963960,GTP-09,4,4,748,86422.8761867518,29,2182.4535346543535,799.2,184,7,2,-80.1302280585951,3,-7.395259694875222
2.2,0.55,imsa,Daytona 24 2026,track_position,GTP,5,963960,GTP-09,11,11,747,86329.77293842695,25,2073.0774105498726,812.8000000000001,187,0,1,12.973020266261301,-1,101.9808644096056
2.2,0.55,imsa,Daytona 24 2026,splash_and_dash,GTP,5,963960,GTP-09,11,11,746,86342.74595869321,26,2175.0582749594782,777.6,188,0,0,0.0,0,0.0
2.2,0.55,imsa,Daytona 24 2026,lap_down,GTP,5,963960,GTP-09,11,11,747,86353.45785932112,25,2107.659899990424,805.6,189,0,1,-10.711900627909927,-1,67.3983749690542
2.2,0.55,imsa,Daytona 24 2026,agent,GTP,5,963960,GTP-09,11,60,511,86325.66662531548,481,33703.13571239145,12.0,188,0,-235,17.07933337772556,455,-31528.07743743197
2.2,0.55,imsa,Daytona 24 2026,fuel_window,GTP,5,703828,GTP-11,10,10,718,86373.30092212706,24,1869.9676017914842,738.4000000000001,235,0,0,0.0,0,0.0
2.2,0.55,imsa,Daytona 24 2026,caution_gambler,GTP,5,703828,GTP-11,9,9,719,86386.98885460357,30,2193.494900566139,692.8000000000001,236,1,1,-13.687932476503192,6,-323.52729877465504
2.2,0.55,imsa,Daytona 24 2026,track_position,GTP,5,703828,GTP-11,6,6,719,86355.79018209939,24,1885.001712091484,673.6,234,4,1,17.510740027675638,0,-15.034110299999838
2.2,0.55,imsa,Daytona 24 2026,splash_and_dash,GTP,5,703828,GTP-11,11,11,717,86311.52861953132,25,1915.7998044429148,728.0,235,-1,-1,61.77230259573844,1,-45.832202651430634
2.2,0.55,imsa,Daytona 24 2026,lap_down,GTP,5,703828,GTP-11,4,4,719,86377.59050592566,24,1874.5478862914842,722.4000000000001,234,6,1,-4.289583798599779,0,-4.580284500000062
2.2,0.55,imsa,Daytona 24 2026,agent,GTP,5,703828,GTP-11,11,60,521,86330.57876810446,455,30713.19715458101,7.2,239,-1,-197,42.7221540226019,431,-28843.229552789526
2.2,0.55,imsa,Daytona 24 2026,fuel_window,GTP,5,160041,GTP-02,6,6,775,86390.51158174792,26,2100.2529244330262,985.6,135,0,0,0.0,0,0.0
2.2,0.55,imsa,Daytona 24 2026,caution_gambler,GTP,5,160041,GTP-02,4,4,775,86374.66182950517,30,2300.7125958435995,898.4000000000001,135,2,0,15.849752242749673,4,-200.45967141057326
2.2,0.55,imsa,Daytona 24 2026,track_position,GTP,5,160041,GTP-02,9,9,775,86442.46924467782,26,2116.741948633026,876.0000000000001,135,-3,0,-51.9576629298972,0,-16.489024199999676
2.2,0.55,imsa,Daytona 24 2026,splash_and_dash,GTP,5,160041,GTP-02,8,8,775,86409.57355721343,27,2136.3380676915317,992.0000000000001,135,-2,0,-19.061975465505384,1,-36.08514325850547
2.2,0.55,imsa,Daytona 24 2026,lap_down,GTP,5,160041,GTP-02,5,5,775,86396.27832041656,26,2107.527493933026,912.0000000000001,134,1,0,-5.766738668637117,0,-7.2745694999998705
2.2,0.55,imsa,Daytona 24 2026,agent,GTP,5,160041,GTP-02,11,60,504,86433.09331451934,485,35779.12327693891,4.800000000000001,139,-5,-271,-42.58173277141759,459,-33678.87035250588
2.2,0.55,imsa,Daytona 24 2026,fuel_window,GTP,5,338149,GTP-06,2,2,734,86388.2414979271,24,1731.132305884919,722.4000000000001,212,0,0,0.0,0,0.0
2.2,0.55,imsa,Daytona 24 2026,caution_gambler,GTP,5,338149,GTP-06,3,3,731,86336.70252652127,30,2044.5946177861413,712.0,214,-1,-3,51.53897140582558,6,-313.46231190122217
2.2,0.55,imsa,Daytona 24 2026,track_position,GTP,5,338149,GTP-06,2,2,733,86366.61966438753,24,1749.4534438849191,752.8000000000001,213,0,-1,21.621833539567888,0,-18.32113800000002
2.2,0.55,imsa,Daytona 24 2026,splash_and_dash,GTP,5,338149,GTP-06,2,2,734,86388.32843605187,24,1730.419244009702,723.2,212,0,0,-0.08693812477577012,0,0.7130618752171358
2.2,0.55,imsa,Daytona 24 2026,lap_down,GTP,5,338149,GTP-06,3,3,733,86377.93957391482,24,1737.3291613849192,701.6,213,-1,-1,10.301924012281233,0,-6.196855500000083
2.2,0.55,imsa,Daytona 24 2026,agent,GTP,5,338149,GTP-06,11,60,515,86280.17687647881,494,33807.351585746466,5.6000000000000005,217,-9,-219,108.06462144828402,470,-32076.219279861547
2.2,0.55,imsa,Daytona 24 2026,fuel_window,GTP,5,649918,GTP-06,5,5,691,86357.20604384014,22,1499.9650469070843,582.4000000000001,290,0,0,0.0,0,0.0
2.2,0.55,imsa,Daytona 24 2026,caution_gambler,GTP,5,649918,GTP-06,1,1,692,86346.61075646977,28,1710.6879496047422,558.4000000000001,290,4,1,10.595287370364531,6,-210.7229026976579
2.2,0.55,imsa,Daytona 24 2026,track_position,GTP,5,649918,GTP-06,2,2,691,86359.69791578721,21,1452.2170903997503,536.8000000000001,291,3,0,-2.4918719470733777,-1,47.74795650733404
2.2,0.55,imsa,Daytona 24 2026,splash_and_dash,GTP,5,649918,GTP-06,4,4,691,86350.81630189477,22,1494.5382901651565,576.0,290,1,0,6.389741945371497,0,5.426756741927875
2.2,0.55,imsa,Daytona 24 2026,lap_down,GTP,5,649918,GTP-06,7,7,691,86364.91518646837,22,1525.335875848562,604.0,291,-2,0,-7.70914262822771,0,-25.370828941477612
2.2,0.55,imsa,Daytona 24 2026,agent,GTP,5,649918,GTP-06,11,60,532,86311.31583348186,441,28720.633383505905,4.0,300,-6,-159,45.890210358280456,419,-27220.66833659882
2.2,0.55,imsa,Daytona 24 2026,fuel_window,GTP,5,72475,GTP-09,8,8,724,86384.71656786297,23,1805.065563088042,672.8000000000001,231,0,0,0.0,0,0.0
2.2,0.55,imsa,Daytona 24 2026,caution_gambler,GTP,5,72475,GTP-09,2,2,725,86379.55069837799,32,2179.7751740972863,631.2,233,6,1,5.165869484975701,9,-374.7096110092443
2.2,0.55,imsa,Daytona 24 2026,track_position,GTP,5,72475,GTP-09,9,9,725,86449.97514792217,23,1819.524892588042,755.2,231,-1,1,-65.258580059206,0,-14.459329499999967
2.2,0.55,imsa,Daytona 24 2026,splash_and_dash,GTP,5,72475,GTP-09,8,8,724,86384.71656786297,23,1805.065563088042,672.8000000000001,231,0,0,0.0,0,0.0
2.2,0.55,imsa,Daytona 24 2026,lap_down,GTP,5,72475,GTP-09,8,8,725,86426.07911534204,23,1806.951562588042,679.2,231,0,1,-41.36254747907515,0,-1.8859995000000254
2.2,0.55,imsa,Daytona 24 2026,agent,GTP,5,72475,GTP-09,11,60,522,86261.97882292171,473,31793.261796552262,5.6000000000000005,236,-3,-202,122.73774494125973,450,-29988.19623346422
2.2,0.55,imsa,Daytona 24 2026,fuel_window,GTP,5,41913,GTP-10,7,7,765,86330.77504969573,26,2209.257797607559,872.8000000000001,150,0,0,0.0,0,0.0
2.2,0.55,imsa,Daytona 24 2026,caution_gambler,GTP,5,41913,GTP-10,7,7,766,86343.97368512729,32,2451.3250678481854,902.4000000000001,152,0,1,-13.198635431559524,6,-242.06727024062639
2.2,0.55,imsa,Daytona 24 2026,track_position,GTP,5,41913,GTP-10,8,8,764,86252.27088840623,25,2166.3924300142676,861.6,151,-1,-1,78.50416128950019,-1,42.86536759329147
2.2,0.55,imsa,Daytona 24 2026,splash_and_dash,GTP,5,41913,GTP-10,8,8,765,86367.0216094727,27,2242.9795267360405,874.4000000000001,150,-1,0,-36.246559776962386,1,-33.721729128481456
2.2,0.55,imsa,Daytona 24 2026,lap_down,GTP,5,41913,GTP-10,6,6,765,86304.52690471661,26,2211.413225607559,844.8000000000001,151,1,0,26.248144979123026,0,-2.155428000000029
2.2,0.55,imsa,Daytona 24 2026,agent,GTP,5,41913,GTP-10,11,60,504,86271.23250879628,458,33834.668046764404,9.600000000000001,150,-4,-261,59.542540899448795,432,-31625.410249156845
2.2,0.55,imsa,Daytona 24 2026,fuel_window,GTP,5,738847,GTP-06,3,3,776,86279.41156794991,28,2318.781895206447,902.4000000000001,128,0,0,0.0,0,0.0
2.2,0.55,imsa,Daytona 24 2026,caution_gambler,GTP,5,738847,GTP-06,2,2,778,86357.80111073286,30,2267.6153462168327,888.8000000000001,125,1,2,-78.38954278295569,2,51.16654898961451
2.2,0.55,imsa,Daytona 24 2026,track_position,GTP,5,738847,GTP-06,1,1,777,86322.94049359624,26,2217.1406738645273,869.6,131,2,1,-43.5289256463293,-2,101.64122134191985
2.2,0.55,imsa,Daytona 24 2026,splash_and_dash,GTP,5,738847,GTP-06,4,4,776,86331.90956740132,29,2315.125528547595,899.2,128,-1,0,-52.497999451414216,1,3.656366658852221
2.2,0.55,imsa,Daytona 24 2026,lap_down,GTP,5,738847,GTP-06,1,1,777,86297.63982689352,27,2275.3096980112646,873.6,130,2,1,-18.228258943607216,-1,43.472197195182616
2.2,0.55,imsa,Daytona 24 2026,agent,GTP,5,738847,GTP-06,11,60,508,86332.94040811215,486,35061.63165053171,8.8,127,-8,-268,-53.52884016223834,458,-32742.84975532526
2.2,0.55,imsa,Daytona 24 2026,fuel_window,GTP,5,156414,GTP-02,3,3,675,86311.18655014827,21,1579.7924796383659,554.4000000000001,314,0,0,0.0,0,0.0
2.2,0.55,imsa,Daytona 24 2026,caution_gambler,GTP,5,156414,GTP-02,9,9,677,86345.40000693807,28,1810.7094887801088,608.0,313,-6,2,-34.213456789802876,7,-230.91700914174294
2.2,0.55,imsa,Daytona 24 2026,track_position,GTP,5,156414,GTP-02,9,9,677,86409.38164778842,21,1589.5996770383658,520.0,314,-6,2,-98.19509764015675,0,-9.80719739999995
2.2,0.55,imsa,Daytona 24 2026,splash_and_dash,GTP,5,156414,GTP-02,3,3,675,86311.18655014827,21,1579.7924796383659,554.4000000000001,314,0,0,0.0,0,0.0
2.2,0.55,imsa,Daytona 24 2026,lap_down,GTP,5,156414,GTP-02,4,4,675,86338.34615086763,21,1581.139622138366,569.6,314,-1,0,-27.159600719358423,0,-1.3471425000000181
2.2,0.55,imsa,Daytona 24 2026,agent,GTP,5,156414,GTP-02,11,60,529,86376.17170551282,483,30286.070536528037,3.2,322,-8,-146,-64.9851553645567,462,-28706.27805688967
2.2,0.55,imsa,Daytona 24 2026,fuel_window,GTP,5,268038,GTP-06,2,2,758,86336.21064362727,26,2115.17967107852,795.2,160,0,0,0.0,0,0.0
2.2,0.55,imsa,Daytona 24 2026,caution_gambler,GTP,5,268038,GTP-06,5,5,758,86325.00745339599,28,2156.574029259058,880.8000000000001,161,-3,0,11.203190231288318,2,-41.39435818053789
2.2,0.55,imsa,Daytona 24 2026,track_position,GTP,5,268038,GTP-06,6,6,758,86362.29376109112,25,2078.571968658673,761.6,161,-4,0,-26.083117463844246,-1,36.6077024198471
2.2,0.55,imsa,Daytona 24 2026,splash_and_dash,GTP,5,268038,GTP-06,5,5,757,86279.13115130649,28,2250.502118905039,777.6,160,-3,-1,57.07949232078681,2,-135.32244782651878
2.2,0.55,imsa,Daytona 24 2026,lap_down,GTP,5,268038,GTP-06,4,4,758,86355.76448633015,25,2074.7979687781917,866.4000000000001,161,-2,0,-19.5538427028805,-1,40.38170230032847
2.2,0.55,imsa,Daytona 24 2026,agent,GTP,5,268038,GTP-06,11,60,514,86335.92032026245,442,32593.09027701316,5.6000000000000005,169,-9,-244,0.29032336482487153,416,-30477.91060593464
2.6,0.65,imsa,Daytona 24 2026,fuel_window,GTP,5,496254,GTP-03,2,2,743,86388.94294660947,25,1872.0195594660445,773.6,193,0,0,0.0,0,0.0
2.6,0.65,imsa,Daytona 24 2026,caution_gambler,GTP,5,496254,GTP-03,1,1,742,86393.26768732653,30,2083.259183522099,775.2,193,1,-1,-4.324740717056557,5,-211.2396240560547
2.6,0.65,imsa,Daytona 24 2026,track_position,GTP,5,496254,GTP-03,3,3,742,86334.35243421726,25,1801.5981797448644,805.6,193,-1,-1,54.590512392212986,0,70.42137972118007
2.6,0.65,imsa,Daytona 24 2026,splash_and_dash,GTP,5,496254,GTP-03,2,2,742,86291.08726947801,26,1892.9342348604655,776.8000000000001,193,0,-1,97.85567713146156,1,-20.91467539442101
2.6,0.65,imsa,Daytona 24 2026,lap_down,GTP,5,496254,GTP-03,1,1,742,86299.39793748032,25,1872.0195594660445,749.6,193,1,-1,89.54500912915682,0,0.0
2.6,0.65,imsa,Daytona 24 2026,agent,GTP,5,496254,GTP-03,11,60,499,86260.20042509936,443,34327.864244143835,4.0,196,-9,-244,128.74252151011024,418,-32455.84468467779
2.6,0.65,imsa,Daytona 24 2026,fuel_window,GTP,5,630088,GTP-05,8,8,792,86361.4350007319,27,2273.3032478340024,1067.2,104,0,0,0.0,0,0.0
2.6,0.65,imsa,Daytona 24 2026,caution_gambler,GTP,5,630088,GTP-05,3,3,793,86306.85997482801,31,2435.6337522964873,1084.8000000000002,102,5,1,54.57502590389049,4,-162.3305044624849
2.6,0.65,imsa,Daytona 24 2026,track_position,GTP,5,630088,GTP-05,4,4,794,86323.72624492763,26,2143.863410856095,994.4000000000001,104,4,2,37.70875580426946,-1,129.43983697790736
2.6,0.65,imsa,Daytona 24 2026,splash_and_dash,GTP,5,630088,GTP-05,5,5,793,86331.52040501451,27,2242.3589539142254,1071.2,104,3,1,29.914595717389602,0,30.94429391977701
2.6,0.65,imsa,Daytona 24 2026,lap_down,GTP,5,630088,GTP-05,2,2,793,86211.90238162695,27,2273.3032478340024,1031.2,103,6,1,149.53261910495348,0,0.0
2.6,0.65,imsa,Daytona 24 2026,agent,GTP,5,630088,GTP-05,11,60,481,86288.2391884017,459,38241.31914944382,8.0,102,-3,-311,73.1958123302029,432,-35968.01590160982
2.6,0.65,imsa,Daytona 24 2026,fuel_window,GTP,5,589246,GTP-01,3,3,735,86393.00311614631,26,1980.2656343300823,796.0000000000001,202,0,0,0.0,0,0.0
2.6,0.65,imsa,Daytona 24 2026,caution_gambler,GTP,5,589246,GTP-01,2,2,735,86336.45400920518,33,2325.5133388361023,726.4000000000001,204,1,0,56.549106941136415,7,-345.24770450602
2.6,0.65,imsa,Daytona 24 2026,track_position,GTP,5,589246,GTP-01,2,2,735,86264.8239946676,26,1980.2656343300823,720.8000000000001,204,1,0,128.1791214787081,0,0.0
2.6,0.65,imsa,Daytona 24 2026,splash_and_dash,GTP,5,589246,GTP-01,5,5,734,86327.77746111796,27,2021.7009747607592,785.6,202,-2,-1,65.22565502834914,1,-41.43534043067689
2.6,0.65,imsa,Daytona 24 2026,lap_down,GTP,5,589246,GTP-01,3,3,735,86393.00311614631,26,1980.2656343300823,796.0000000000001,202,0,0,0.0,0,0.0
2.6,0.65,imsa,Daytona 24 2026,agent,GTP,5,589246,GTP-01,11,60,495,86358.33230722867,444,34193.915482582306,2.4000000000000004,203,-8,-240,34.67080891763908,418,-32213.649848252222
2.6,0.65,imsa,Daytona 24 2026,fuel_window,GTP,5,923572,GTP-01,7,7,763,86357.59259675816,26,2265.4851951422784,768.0,156,0,0,0.0,0,0.0
2.6,0.65,imsa,Daytona 24 2026,caution_gambler,GTP,5,923572,GTP-01,7,7,763,86377.69675896748,29,2352.4253784219177,924.0000000000001,155,0,0,-20.10416220931802,3,-86.94018327963931
2.6,0.65,imsa,Daytona 24 2026,track_position,GTP,5,923572,GTP-01,1,1,763,86351.05287990473,24,2054.055777667454,862.4000000000001,154,6,0,6.539716853425489,-2,211.42941747482428
2.6,0.65,imsa,Daytona 24 2026,splash_and_dash,GTP,5,923572,GTP-01,10,10,762,86243.76753776228,27,2324.992176927279,767.2,156,-3,-1,113.82505899587704,1,-59.50698178500079
2.6,0.65,imsa,Daytona 24 2026,lap_down,GTP,5,923572,GTP-01,3,3,764,86310.62847147966,24,2054.055777667454,808.0,157,4,1,46.96412527849316,-2,211.42941747482428
2.6,0.65,imsa,Daytona 24 2026,agent,GTP,5,923572,GTP-01,11,60,492,86292.7527461789,450,36461.024353560075,4.800000000000001,161,-4,-271,64.83985057925747,424,-34195.5391584178
2.6,0.65,imsa,Daytona 24 2026,fuel_window,GTP,5,210692,GTP-04,9,9,717,86389.81147090007,23,1827.7261401136823,630.4000000000001,241,0,0,0.0,0,0.0
2.6,0.65,imsa,Daytona 24 2026,caution_gambler,GTP,5,210692,GTP-04,4,4,718,86400.59744786195,28,2012.2488283916364,654.4000000000001,238,5,1,-10.785976961880806,5,-184.5226882779541
2.6,0.65,imsa,Daytona 24 2026,track_position,GTP,5,210692,GTP-04,4,4,719,86376.05547619252,23,1763.1562059028456,676.8000000000001,241,5,2,13.75599470754969,0,64.56993421083666
2.6,0.65,imsa,Daytona 24 2026,splash_and_dash,GTP,5,210692,GTP-04,9,9,717,86392.05771053737,24,1848.807542214629,626.4000000000001,241,0,0,-2.246239637301187,1,-21.08140210094666
2.6,0.65,imsa,Daytona 24 2026,lap_down,GTP,5,210692,GTP-04,10,10,717,86325.54245507604,23,1791.3383483809275,700.8000000000001,239,-1,0,64.26901582402934,0,36.38779173275475
2.6,0.65,imsa,Daytona 24 2026,agent,GTP,5,210692,GTP-04,11,60,502,86331.04931724837,441,33339.31382860898,3.2,239,-2,-215,58.76215365169628,418,-31511.5876884953
2.6,0.65,imsa,Daytona 24 2026,fuel_window,GTP,5,819051,GTP-02,9,9,743,86283.14080074259,25,2278.7807538052,758.4000000000001,190,0,0,0.0,0,0.0
2.6,0.65,imsa,Daytona 24 2026,caution_gambler,GTP,5,819051,GTP-02,1,1,745,86348.46619955773,29,2341.9023236533963,786.4000000000001,187,8,2,-65.32539881514094,4,-63.12156984819603
2.6,0.65,imsa,Daytona 24 2026,track_position,GTP,5,819051,GTP-02,3,3,744,86344.17671790281,24,2172.679223370028,883.2,193,6,1,-61.03591716021765,-1,106.10153043517221
2.6,0.65,imsa,Daytona 24 2026,splash_and_dash,GTP,5,819051,GTP-02,11,11,742,86259.64185469909,26,2313.4151994982594,759.2,190,-2,-1,23.498946043502656,1,-34.634445693059206
2.6,0.65,imsa,Daytona 24 2026,lap_down,GTP,5,819051,GTP-02,5,5,744,86306.68844462937,24,2172.679223370028,802.4000000000001,192,4,1,-23.547643886777223,-1,106.10153043517221
2.6,0.65,imsa,Daytona 24 2026,agent,GTP,5,819051,GTP-02,11,60,502,86341.57162654154,452,34667.60424715582,9.600000000000001,194,-2,-241,-58.4308257989469,427,-32388.823493350617
2.6,0.65,imsa,Daytona 24 2026,fuel_window,GTP,5,805567,GTP-07,4,4,742,86409.0274406739,25,1942.408974271184,793.6,196,0,0,0.0,0,0.0
2.6,0.65,imsa,Daytona 24 2026,caution_gambler,GTP,5,805567,GTP-07,1,1,742,86341.56654436472,28,2049.385270175937,769.6,197,3,0,67.46089630918868,3,-106.97629590475299
2.6,0.65,imsa,Daytona 24 2026,track_position,GTP,5,805567,GTP-07,1,1,741,86337.6286830585,24,1917.6660135558009,764.0,195,3,-1,71.39875761540316,-1,24.742960715383106
2.6,0.65,imsa,Daytona 24 2026,splash_and_dash,GTP,5,805567,GTP-07,5,5,742,86415.29509506591,25,1939.4801242783647,791.2,196,-1,0,-6.267654392009717,0,2.9288499928193232
2.6,0.65,imsa,Daytona 24 2026,lap_down,GTP,5,805567,GTP-07,1,1,742,86360.57181676617,24,1917.6660135558009,803.2,196,3,0,48.45562390773557,-1,24.742960715383106
2.6,0.65,imsa,Daytona 24 2026,agent,GTP,5,805567,GTP-07,11,60,499,86415.97994797672,410,32562.058055742204,8.0,201,-7,-243,-6.952507302819868,385,-30619.64908147102
2.6,0.65,imsa,Daytona 24 2026,fuel_window,GTP,5,787609,GTP-07,7,7,711,86416.87768672983,24,1971.2704289494868,647.2,253,0,0,0.0,0,0.0
2.6,0.65,imsa,Daytona 24 2026,caution_gambler,GTP,5,787609,GTP-07,4,4,712,86442.01486801276,29,2205.8400584904457,724.8000000000001,255,3,1,-25.137181282931124,5,-234.56962954095889
2.6,0.65,imsa,Daytona 24 2026,track_position,GTP,5,787609,GTP-07,2,2,711,86384.4423957465,23,1880.2088684852038,708.8000000000001,254,5,0,32.4352909833251,-1,91.06156046428305
2.6,0.65,imsa,Daytona 24 2026,splash_and_dash,GTP,5,787609,GTP-07,7,7,711,86416.87759323759,24,1965.1433210961736,647.2,253,0,0,9.349224274046719e-05,0,6.127107853313191
2.6,0.65,imsa,Daytona 24 2026,lap_down,GTP,5,787609,GTP-07,9,9,710,86341.54238453394,24,1971.2704289494868,669.6,257,-2,-1,75.33530219589011,0,0.0
2.6,0.65,imsa,Daytona 24 2026,agent,GTP,5,787609,GTP-07,11,60,498,86291.31951319441,478,35015.295997895926,2.4000000000000004,247,-4,-213,125.55817353542079,454,-33044.02556894644
2.6,0.65,imsa,Daytona 24 2026,fuel_window,GTP,5,150213,GTP-01,10,10,728,86336.48279319033,24,1934.3870004606263,739.2,215,0,0,0.0,0,0.0
2.6,0.65,imsa,Daytona 24 2026,caution_gambler,GTP,5,150213,GTP-01,11,11,728,86321.97599425772,29,2149.2134425628474,757.6,216,-1,0,14.506798932605307,5,-214.8264421022211
2.6,0.65,imsa,Daytona 24 2026,track_position,GTP,5,150213,GTP-01,10,10,727,86314.51177593418,24,1968.1731694489554,740.0,218,0,-1,21.971017256146297,0,-33.78616898832911
2.6,0.65,imsa,Daytona 24 2026,splash_and_dash,GTP,5,150213,GTP-01,10,10,728,86336.48279319033,24,1934.3870004606263,739.2,215,0,0,0.0,0,0.0
2.6,0.65,imsa,Daytona 24 2026,lap_down,GTP,5,150213,GTP-01,5,5,728,86300.25012707262,24,1968.1731694489554,676.8000000000001,217,5,0,36.232666117706685,0,-33.78616898832911
2.6,0.65,imsa,Daytona 24 2026,agent,GTP,5,150213,GTP-01,11,60,500,86297.50331483744,424,33056.417789417734,3.2,220,-1,-228,38.97947835289233,400,-31122.03078895711
2.6,0.65,imsa,Daytona 24 2026,fuel_window,GTP,5,377395,GTP-03,2,2,746,86302.00951435903,25,2259.1780044316083,774.4000000000001,189,0,0,0.0,0,0.0
2.6,0.65,imsa,Daytona 24 2026,caution_gambler,GTP,5,377395,GTP-03,2,2,746,86305.89896619481,26,2159.071942419678,867.2,187,0,0,-3.889451835784712,1,100.10606201193013
2.6,0.65,imsa,Daytona 24 2026,track_position,GTP,5,377395,GTP-03,7,7,745,86315.88067397312,23,2088.8878112986295,826.4000000000001,186,-5,-1,-13.871159614092903,-2,170.29019313297886
2.6,0.65,imsa,Daytona 24 2026,splash_and_dash,GTP,5,377395,GTP-03,1,1,747,86390.89864778591,25,2246.3709169573726,772.8000000000001,189,1,1,-88.88913342688465,0,12.807087474235686
2.6,0.65,imsa,Daytona 24 2026,lap_down,GTP,5,377395,GTP-03,9,9,746,86314.29799877414,25,2259.1780044316083,786.4000000000001,191,-7,0,-12.28848441511218,0,0.0
2.6,0.65,imsa,Daytona 24 2026,agent,GTP,5,377395,GTP-03,11,60,495,86290.78071389394,388,32398.781655359286,4.800000000000001,192,-9,-251,11.228800465090899,363,-30139.60365092768
2.6,0.65,imsa,Daytona 24 2026,fuel_window,GTP,5,591184,GTP-03,11,11,706,86369.56102166386,23,1837.4014363146869,716.0,263,0,0,0.0,0,0.0
2.6,0.65,imsa,Daytona 24 2026,caution_gambler,GTP,5,591184,GTP-03,10,10,706,86343.44209061196,27,2095.98426625185,656.0,265,1,0,26.118931051896652,4,-258.58282993716307
2.6,0.65,imsa,Daytona 24 2026,track_position,GTP,5,591184,GTP-03,9,9,706,86318.55642204049,23,1791.0979535454514,663.2,261,2,0,51.00459962336754,0,46.303482769235416
2.6,0.65,imsa,Daytona 24 2026,splash_and_dash,GTP,5,591184,GTP-03,11,11,706,86369.56102166386,23,1837.4014363146869,716.0,263,0,0,0.0,0,0.0
2.6,0.65,imsa,Daytona 24 2026,lap_down,GTP,5,591184,GTP-03,11,11,706,86387.18897755777,23,1791.0979535454514,732.0,264,0,0,-17.627955893913168,0,46.303482769235416
2.6,0.65,imsa,Daytona 24 2026,agent,GTP,5,591184,GTP-03,11,60,521,86442.76891690685,326,26508.762969045874,4.0,281,0,-185,-73.20789524298743,303,-24671.36153273119
2.6,0.65,imsa,Daytona 24 2026,fuel_window,GTP,5,175200,GTP-09,1,1,791,86323.91787861846,27,2083.568856458571,1009.6,107,0,0,0.0,0,0.0
2.6,0.65,imsa,Daytona 24 2026,caution_gambler,GTP,5,175200,GTP-09,8,8,789,86391.4504487459,30,2366.2744534496856,1000.0000000000001,105,-7,-2,-67.53257012744143,3,-282.70559699111436
2.6,0.65,imsa,Daytona 24 2026,track_position,GTP,5,175200,GTP-09,3,3,789,86357.88913418501,27,2141.32090525345,973.6,105,-2,-2,-33.97125556654646,0,-57.75204879487865
2.6,0.65,imsa,Daytona 24 2026,splash_and_dash,GTP,5,175200,GTP-09,4,4,790,86309.6176270616,28,2153.840866169091,1017.6,107,-3,-1,14.300251556865987,1,-70.2720097105198
2.6,0.65,imsa,Daytona 24 2026,lap_down,GTP,5,175200,GTP-09,6,6,791,86344.47020650422,27,2110.0770965719985,1081.6000000000001,109,-5,0,-20.55232788575813,0,-26.50824011342729
2.6,0.65,imsa,Daytona 24 2026,agent,GTP,5,175200,GTP-09,11,60,484,86249.92870748385,451,37585.818961182864,7.2,108,-10,-307,73.98917113461357,424,-35502.25010472429
2.6,0.65,imsa,Daytona 24 2026,fuel_window,GTP,5,578871,GTP-09,10,10,709,86449.81204600268,24,2108.367828667618,625.6,255,0,0,0.0,0,0.0
2.6,0.65,imsa,Daytona 24 2026,caution_gambler,GTP,5,578871,GTP-09,1,1,710,86451.10514553958,29,2246.526670690087,632.8000000000001,252,9,1,-1.2930995368951699,5,-138.1588420224689
2.6,0.65,imsa,Daytona 24 2026,track_position,GTP,5,578871,GTP-09,4,4,710,86422.76625063867,22,1899.9712907207454,664.0,252,6,1,27.04579536401434,-2,208.39653794687274
2.6,0.65,imsa,Daytona 24 2026,splash_and_dash,GTP,5,578871,GTP-09,7,7,708,86266.7538636973,25,2126.0535505818775,624.8000000000001,254,3,-1,183.0581823053799,1,-17.685721914259375
2.6,0.65,imsa,Daytona 24 2026,lap_down,GTP,5,578871,GTP-09,9,9,709,86310.85299567053,23,2028.8602195258309,666.4000000000001,254,1,0,138.9590503321524,-1,79.50760914178727
2.6,0.65,imsa,Daytona 24 2026,agent,GTP,5,578871,GTP-09,11,60,499,86352.11743993296,472,34277.9049431787,1.6,248,-1,-210,97.6946060697228,448,-32169.53711451108
2.6,0.65,imsa,Daytona 24 2026,fuel_window,GTP,5,325700,GTP-10,1,1,818,86327.00288937488,29,2707.4325896197734,1033.6000000000001,51,0,0,0.0,0,0.0
2.6,0.65,imsa,Daytona 24 2026,caution_gambler,GTP,5,325700,GTP-10,9,9,818,86367.30834721477,32,2886.364760964522,1052.8000000000002,51,-8,0,-40.30545783988782,3,-178.93217134474844
2.6,0.65,imsa,Daytona 24 2026,track_position,GTP,5,325700,GTP-10,5,5,818,86393.05500006246,28,2630.6436437225625,1112.8000000000002,51,-4,0,-66.05211068758217,-1,76.78894589721085
2.6,0.65,imsa,Daytona 24 2026,splash_and_dash,GTP,5,325700,GTP-10,1,1,818,86321.43768311988,29,2693.3867542166445,1037.6000000000001,51,0,0,5.56520625500707,0,14.045835403128876
2.6,0.65,imsa,Daytona 24 2026,lap_down,GTP,5,325700,GTP-10,6,6,818,86388.9709174824,29,2707.4325896197734,1104.8000000000002,52,-5,0,-61.96802810751251,0,0.0
2.6,0.65,imsa,Daytona 24 2026,agent,GTP,5,325700,GTP-10,11,60,471,86317.3560993572,450,39511.03537870389,8.8,53,-10,-347,9.64679001767945,421,-36803.60278908412
2.6,0.65,imsa,Daytona 24 2026,fuel_window,GTP,5,249170,GTP-11,1,1,758,86352.19337172472,25,2078.343364534543,1004.0000000000001,161,0,0,0.0,0,0.0
2.6,0.65,imsa,Daytona 24 2026,caution_gambler,GTP,5,249170,GTP-11,1,1,758,86306.4698098569,31,2449.2017895074637,868.8000000000001,161,0,0,45.72356186780962,6,-370.8584249729206
2.6,0.65,imsa,Daytona 24 2026,track_position,GTP,5,249170,GTP-11,1,1,758,86298.76115317194,25,2078.343364534543,952.0000000000001,159,0,0,53.43221855277079,0,0.0
2.6,0.65,imsa,Daytona 24 2026,splash_and_dash,GTP,5,249170,GTP-11,6,6,757,86301.63771618622,26,2134.982031269235,993.6,161,-5,-1,50.555655538497376,1,-56.638666734691924
2.6,0.65,imsa,Daytona 24 2026,lap_down,GTP,5,249170,GTP-11,1,1,759,86378.47946974318,25,2078.343364534543,958.4000000000001,160,0,1,-26.286098018463235,0,0.0
2.6,0.65,imsa,Daytona 24 2026,agent,GTP,5,249170,GTP-11,11,60,487,86308.38696029589,464,36700.86137657802,4.0,159,-10,-271,43.80641142882814,439,-34622.518012043474
2.6,0.65,imsa,Daytona 24 2026,fuel_window,GTP,5,306604,GTP-03,5,5,704,86390.9221528525,23,1753.0724660346477,563.2,266,0,0,0.0,0,0.0
2.6,0.65,imsa,Daytona 24 2026,caution_gambler,GTP,5,306604,GTP-03,9,9,704,86367.53269398469,30,2118.788769868987,613.6,265,-4,0,23.38945886780857,7,-365.7163038343392
2.6,0.65,imsa,Daytona 24 2026,track_position,GTP,5,306604,GTP-03,2,2,703,86343.39597465238,21,1610.365212487612,605.6,268,3,-1,47.52617820011801,-2,142.70725354703563
2.6,0.65,imsa,Daytona 24 2026,splash_and_dash,GTP,5,306604,GTP-03,5,5,704,86390.9221528525,23,1753.0724660346477,563.2,266,0,0,0.0,0,0.0
2.6,0.65,imsa,Daytona 24 2026,lap_down,GTP,5,306604,GTP-03,5,5,704,86390.9221528525,23,1753.0724660346477,563.2,266,0,0,0.0,0,0.0
2.6,0.65,imsa,Daytona 24 2026,agent,GTP,5,306604,GTP-03,11,60,500,86272.03247733174,475,34167.863858949044,1.6,262,-6,-204,118.88967552075337,452,-32414.791392914398
2.6,0.65,imsa,Daytona 24 2026,fuel_window,GTP,5,483288,GTP-11,10,10,758,86342.61788715907,24,2034.7461450491126,853.6,168,0,0,0.0,0,0.0
2.6,0.65,imsa,Daytona 24 2026,caution_gambler,GTP,5,483288,GTP-11,6,6,760,86378.76391706865,30,2331.2942603911306,821.6,167,4,2,-36.14602990957792,6,-296.54811534201804
2.6,0.65,imsa,Daytona 24 2026,track_position,GTP,5,483288,GTP-11,3,3,759,86367.64744263503,24,2002.9871749062233,870.4000000000001,166,7,1,-25.029555475965026,0,31.75897014288921
2.6,0.65,imsa,Daytona 24 2026,splash_and_dash,GTP,5,483288,GTP-11,10,10,758,86342.61788715907,24,2034.7461450491126,853.6,168,0,0,0.0,0,0.0
2.6,0.65,imsa,Daytona 24 2026,lap_down,GTP,5,483288,GTP-11,9,9,758,86306.79741166922,24,2034.7461450491126,879.2,168,1,0,35.82047548984701,0,0.0
2.6,0.65,imsa,Daytona 24 2026,agent,GTP,5,483288,GTP-11,11,60,488,86276.7400470997,449,35899.815235188325,8.8,165,-1,-270,65.87784005937283,425,-33865.069090139215
2.6,0.65,imsa,Daytona 24 2026,fuel_window,GTP,5,271636,GTP-10,7,7,743,86313.07228806424,25,2050.6665010479533,745.6,194,0,0,0.0,0,0.0
2.6,0.65,imsa,Daytona 24 2026,caution_gambler,GTP,5,271636,GTP-10,6,6,744,86390.81936851636,29,2184.280826880657,799.2,193,1,1,-77.74708045211446,4,-133.6143258327038
2.6,0.65,imsa,Daytona 24 2026,track_position,GTP,5,271636,GTP-10,11,11,743,86334.8298348113,25,2050.6665010479533,839.2,196,-4,0,-21.757546747059678,0,0.0
2.6,0.65,imsa,Daytona 24 2026,splash_and_dash,GTP,5,271636,GTP-10,11,11,742,86254.92485788443,27,2148.650266455237,744.0,194,-4,-1,58.147430179815274,2,-97.98376540728395
2.6,0.65,imsa,Daytona 24 2026,lap_down,GTP,5,271636,GTP-10,8,8,744,86384.39676998762,25,2050.6665010479533,780.8000000000001,195,-1,1,-71.32448192338052,0,0.0
2.6,0.65,imsa,Daytona 24 2026,agent,GTP,5,271636,GTP-10,11,60,498,86255.21044594844,421,33554.028253334014,2.4000000000000004,198,-4,-245,57.861842115802574,396,-31503.361752286062
2.6,0.65,imsa,Daytona 24 2026,fuel_window,GTP,5,7803,GTP-05,1,1,767,86359.19794758192,26,2234.91420421119,943.2,149,0,0,0.0,0,0.0
2.6,0.65,imsa,Daytona 24 2026,caution_gambler,GTP,5,7803,GTP-05,6,6,767,86388.01790796268,27,2197.029402528435,916.8000000000001,148,-5,0,-28.819960380758857,1,37.88480168275464
2.6,0.65,imsa,Daytona 24 2026,track_position,GTP,5,7803,GTP-05,3,3,768,86374.52013095381,25,2146.2948355300755,921.6,147,-2,1,-15.32218337188533,-1,88.61936868111434
2.6,0.65,imsa,Daytona 24 2026,splash_and_dash,GTP,5,7803,GTP-05,1,1,767,86355.60471919995,26,2231.543511618465,937.6,149,0,0,3.59322838197113,0,3.370692592724936
2.6,0.65,imsa,Daytona 24 2026,lap_down,GTP,5,7803,GTP-05,10,10,766,86309.99852514404,26,2237.276299141924,941.6,148,-9,-1,49.199422437886824,0,-2.3620949307342016
2.6,0.65,imsa,Daytona 24 2026,agent,GTP,5,7803,GTP-05,11,60,499,86305.08274731055,381,32896.09751516049,6.4,160,-10,-268,54.11520027137885,355,-30661.183310949298
2.6,0.65,imsa,Daytona 24 2026,fuel_window,GTP,5,772919,GTP-10,3,3,732,86399.59405102303,24,2125.8698224462064,701.6,217,0,0,0.0,0,0.0
2.6,0.65,imsa,Daytona 24 2026,caution_gambler,GTP,5,772919,GTP-10,4,4,732,86390.83774818126,28,2294.8587087352994,728.0,215,-1,0,8.756302841764409,4,-168.988886289093
2.6,0.65,imsa,Daytona 24 2026,track_position,GTP,5,772919,GTP-10,3,3,732,86399.91796912519,24,2085.483920763466,736.8000000000001,215,0,0,-0.32391810216358863,0,40.385901682740496
2.6,0.65,imsa,Daytona 24 2026,splash_and_dash,GTP,5,772919,GTP-10,2,2,732,86396.79385785136,24,2124.7185099344165,701.6,217,1,0,2.800193171671708,0,1.1513125117899108
2.6,0.65,imsa,Daytona 24 2026,lap_down,GTP,5,772919,GTP-10,2,2,732,86398.5576337662,24,2085.483920763466,712.8000000000001,217,1,0,1.0364172568224603,0,40.385901682740496
2.6,0.65,imsa,Daytona 24 2026,agent,GTP,5,772919,GTP-10,11,60,499,86323.54555435498,385,31644.563874083033,5.6000000000000005,218,-8,-233,76.0484966680524,361,-29518.694051636827
2.6,0.65,imsa,Daytona 24 2026,fuel_window,GTP,5,702733,GTP-01,4,4,698,86309.08914030172,22,1711.736623336933,692.0,275,0,0,0.0,0,0.0
2.6,0.65,imsa,Daytona 24 2026,caution_gambler,GTP,5,702733,GTP-01,2,2,700,86313.74006750464,26,1835.7747850962328,588.8000000000001,273,2,2,-4.650927202921594,4,-124.03816175929978
2.6,0.65,imsa,Daytona 24 2026,track_position,GTP,5,702733,GTP-01,9,9,698,86338.31962484581,22,1673.7471068887746,624.0,277,-5,0,-29.230484544095816,0,37.98951644815838
2.6,0.65,imsa,Daytona 24 2026,splash_and_dash,GTP,5,702733,GTP-01,4,4,698,86309.36438014,22,1710.982223536933,692.0,275,0,0,-0.2752398382872343,0,0.7543998000001011
2.6,0.65,imsa,Daytona 24 2026,lap_down,GTP,5,702733,GTP-01,3,3,698,86307.29911445327,22,1673.7471068887746,617.6,278,1,0,1.790025848444202,0,37.98951644815838
2.6,0.65,imsa,Daytona 24 2026,agent,GTP,5,702733,GTP-01,11,60,516,86276.6214566287,398,29582.33907872704,4.800000000000001,283,-7,-182,32.467683673021384,376,-27870.602455390108
2.6,0.65,imsa,Daytona 24 2026,fuel_window,GTP,5,296252,GTP-09,9,9,748,86358.77811305001,24,2123.0035436779685,784.0000000000001,189,0,0,0.0,0,0.0
2.6,0.65,imsa,Daytona 24 2026,caution_gambler,GTP,5,296252,GTP-09,6,6,748,86372.0826955599,31,2434.229914677978,815.2,189,3,0,-13.304582509896136,7,-311.2263710000093
2.6,0.65,imsa,Daytona 24 2026,track_position,GTP,5,296252,GTP-09,9,9,747,86365.15008446011,24,2168.3278090703866,830.4000000000001,189,0,-1,-6.37197141010256,0,-45.324265392418056
2.6,0.65,imsa,Daytona 24 2026,splash_and_dash,GTP,5,296252,GTP-09,9,9,748,86358.77811305001,24,2123.0035436779685,784.0000000000001,189,0,0,0.0,0,0.0
2.6,0.65,imsa,Daytona 24 2026,lap_down,GTP,5,296252,GTP-09,7,7,748,86377.3877533902,24,2123.0035436779685,779.2,189,2,0,-18.6096403401898,0,0.0
2.6,0.65,imsa,Daytona 24 2026,agent,GTP,5,296252,GTP-09,11,60,485,86250.68283264978,470,36666.433881577854,6.4,182,-2,-263,108.09528040022997,446,-34543.43033789989
2.6,0.65,imsa,Daytona 24 2026,fuel_window,GTP,5,595345,GTP-05,1,1,783,86343.97514334023,27,2305.0403108647297,946.4000000000001,122,0,0,0.0,0,0.0
2.6,0.65,imsa,Daytona 24 2026,caution_gambler,GTP,5,595345,GTP-05,1,1,783,86357.21340715082,30,2309.8275601810733,1005.6,117,0,0,-13.238263810591889,3,-4.787249316343605
2.6,0.65,imsa,Daytona 24 2026,track_position,GTP,5,595345,GTP-05,8,8,783,86431.2950930314,27,2274.1940224147197,975.2,122,-7,0,-87.31994969116931,0,30.84628845000998
2.6,0.65,imsa,Daytona 24 2026,splash_and_dash,GTP,5,595345,GTP-05,1,1,783,86342.2787753869,27,2291.4693672381904,946.4000000000001,122,0,0,1.6963679533218965,0,13.570943626539247
2.6,0.65,imsa,Daytona 24 2026,lap_down,GTP,5,595345,GTP-05,7,7,783,86377.58198071443,27,2274.1940224147197,940.8000000000001,117,-6,0,-33.60683737420186,0,30.84628845000998
2.6,0.65,imsa,Daytona 24 2026,agent,GTP,5,595345,GTP-05,11,60,484,86238.30851690663,433,36573.45189030665,5.6000000000000005,123,-10,-299,105.6666264335945,406,-34268.41157944192
2.6,0.65,imsa,Daytona 24 2026,fuel_window,GTP,5,742968,GTP-03,9,9,733,86393.32852774602,25,2014.8598917384827,738.4000000000001,212,0,0,0.0,0,0.0
2.6,0.65,imsa,Daytona 24 2026,caution_gambler,GTP,5,742968,GTP-03,1,1,734,86309.91669128415,28,2052.6137615843363,821.6,209,8,1,83.4118364618771,3,-37.753869845853615
2.6,0.65,imsa,Daytona 24 2026,track_position,GTP,5,742968,GTP-03,1,1,734,86264.11875020056,25,2046.6170796105882,786.4000000000001,211,8,1,129.20977754546038,0,-31.757187872105533
2.6,0.65,imsa,Daytona 24 2026,splash_and_dash,GTP,5,742968,GTP-03,3,3,733,86360.96645385645,25,1984.370754902818,736.0,212,6,0,32.36207388956973,0,30.489136835664794
2.6,0.65,imsa,Daytona 24 2026,lap_down,GTP,5,742968,GTP-03,6,6,732,86223.25111930569,25,2046.6170796105882,764.8000000000001,216,3,-1,170.07740844033833,0,-31.757187872105533
2.6,0.65,imsa,Daytona 24 2026,agent,GTP,5,742968,GTP-03,11,60,498,86263.07525994664,441,34163.2256817428,1.6,211,-2,-235,130.2532677993877,416,-32148.365790004314
2.6,0.65,imsa,Daytona 24 2026,fuel_window,GTP,5,789492,GTP-02,6,6,694,86304.51676771097,22,1618.478275716038,648.0,279,0,0,0.0,0,0.0
2.6,0.65,imsa,Daytona 24 2026,caution_gambler,GTP,5,789492,GTP-02,11,11,693,86332.13873707176,28,1970.1493532719678,632.0,279,-5,-1,-27.621969360785442,6,-351.67107755592974
2.6,0.65,imsa,Daytona 24 2026,track_position,GTP,5,789492,GTP-02,8,8,694,86338.58425982977,22,1618.478275716038,644.8000000000001,280,-2,0,-34.067492118803784,0,0.0
2.6,0.65,imsa,Daytona 24 2026,splash_and_dash,GTP,5,789492,GTP-02,6,6,694,86280.40165669013,23,1640.133230066305,649.6,279,0,0,24.11511102084478,1,-21.654954350266962
2.6,0.65,imsa,Daytona 24 2026,lap_down,GTP,5,789492,GTP-02,3,3,694,86363.81857744014,22,1618.478275716038,657.6,279,3,0,-59.30180972916423,0,0.0
2.6,0.65,imsa,Daytona 24 2026,agent,GTP,5,789492,GTP-02,11,60,508,86380.43769879501,445,31921.95276152285,4.800000000000001,280,-5,-186,-75.92093108403787,423,-30303.47448580681
2.6,0.65,imsa,Daytona 24 2026,fuel_window,GTP,5,849953,GTP-11,8,8,759,86438.93860434128,26,2231.512824859953,871.2,162,0,0,0.0,0,0.0
2.6,0.65,imsa,Daytona 24 2026,caution_gambler,GTP,5,849953,GTP-11,6,6,759,86433.9390891516,30,2311.2708242210488,878.4000000000001,158,2,0,4.999515189687372,4,-79.7579993610957
2.6,0.65,imsa,Daytona 24 2026,track_position,GTP,5,849953,GTP-11,3,3,759,86344.93364306237,25,2154.699832955136,847.2,162,5,0,94.00496127891529,-1,76.81299190481695
2.6,0.65,imsa,Daytona 24 2026,splash_and_dash,GTP,5,849953,GTP-11,8,8,759,86438.93860434128,26,2231.512824859953,871.2,162,0,0,0.0,0,0.0
2.6,0.65,imsa,Daytona 24 2026,lap_down,GTP,5,849953,GTP-11,3,3,759,86438.53201898962,26,2231.512824859953,801.6,162,5,0,0.4065853516658535,0,0.0
2.6,0.65,imsa,Daytona 24 2026,agent,GTP,5,849953,GTP-11,11,60,482,86251.57972712492,470,36994.050497613935,5.6000000000000005,153,-3,-277,187.3588772163639,444,-34762.537672753984
2.6,0.65,imsa,Daytona 24 2026,fuel_window,GTP,5,631374,GTP-06,2,2,755,86319.99068049592,25,2176.286453042382,844.0000000000001,164,0,0,0.0,0,0.0
2.6,0.65,imsa,Daytona 24 2026,caution_gambler,GTP,5,631374,GTP-06,1,1,757,86422.1366334866,28,2338.8862192898896,800.8000000000001,162,1,2,-102.14595299068606,3,-162.59976624750743
2.6,0.65,imsa,Daytona 24 2026,track_position,GTP,5,631374,GTP-06,3,3,756,86420.78892971895,25,2176.286453042382,918.4000000000001,166,-1,1,-100.79824922303669,0,0.0
2.6,0.65,imsa,Daytona 24 2026,splash_and_dash,GTP,5,631374,GTP-06,5,5,755,86400.26191028582,26,2217.605810202815,840.8000000000001,164,-3,0,-80.27122978989792,1,-41.3193571604329
2.6,0.65,imsa,Daytona 24 2026,lap_down,GTP,5,631374,GTP-06,1,1,756,86452.64722597804,25,2176.286453042382,843.2,164,1,1,-132.65654548212478,0,0.0
2.6,0.65,imsa,Daytona 24 2026,agent,GTP,5,631374,GTP-06,11,60,492,86332.8395840882,401,33205.2172263043,8.0,168,-9,-263,-12.848903592283023,376,-31028.93077326192
2.6,0.65,imsa,Daytona 24 2026,fuel_window,GTP,5,137229,GTP-07,4,4,772,86335.65304032908,27,2339.4879163427545,896.0000000000001,137,0,0,0.0,0,0.0
2.6,0.65,imsa,Daytona 24 2026,caution_gambler,GTP,5,137229,GTP-07,4,4,773,86342.69527907038,33,2613.7478630265996,905.6,137,0,1,-7.042238741298206,6,-274.2599466838451
2.6,0.65,imsa,Daytona 24 2026,track_position,GTP,5,137229,GTP-07,8,8,772,86386.81653887167,26,2289.624963296763,970.4000000000001,136,-4,0,-51.1634985425917,-1,49.86295304599162
2.6,0.65,imsa,Daytona 24 2026,splash_and_dash,GTP,5,137229,GTP-07,9,9,771,86292.82671220196,29,2461.4647488471837,912.0000000000001,137,-5,-1,42.82632812712109,2,-121.97683250442924
2.6,0.65,imsa,Daytona 24 2026,lap_down,GTP,5,137229,GTP-07,6,6,772,86369.2403500215,27,2339.4879163427545,948.8000000000001,138,-2,0,-33.587309692418785,0,0.0
2.6,0.65,imsa,Daytona 24 2026,agent,GTP,5,137229,GTP-07,11,60,482,86281.93152574047,464,37674.682497671594,8.8,134,-7,-290,53.72151458861481,437,-35335.19458132884
2.6,0.65,imsa,Daytona 24 2026,fuel_window,GTP,5,971340,GTP-01,3,3,776,86408.30486474656,27,2368.968023693605,938.4000000000001,134,0,0,0.0,0,0.0
2.6,0.65,imsa,Daytona 24 2026,caution_gambler,GTP,5,971340,GTP-01,5,5,775,86304.63026631493,31,2586.8290116850967,922.4000000000001,132,-2,-1,103.6745984316367,4,-217.86098799149158
2.6,0.65,imsa,Daytona 24 2026,track_position,GTP,5,971340,GTP-01,7,7,774,86320.5743574154,27,2322.029028366514,925.6,133,-4,-2,87.73050733115815,0,46.938995327091106
2.6,0.65,imsa,Daytona 24 2026,splash_and_dash,GTP,5,971340,GTP-01,2,2,776,86394.34322414901,27,2351.0054104851297,938.4000000000001,134,1,0,13.961640597553924,0,17.96261320847543
2.6,0.65,imsa,Daytona 24 2026,lap_down,GTP,5,971340,GTP-01,5,5,776,86430.3647234687,27,2368.968023693605,1016.8000000000001,133,-2,0,-22.05985872213205,0,0.0
2.6,0.65,imsa,Daytona 24 2026,agent,GTP,5,971340,GTP-01,11,60,483,86371.23367847869,450,36686.58129294687,7.2,129,-8,-293,37.07118626787269,423,-34317.61326925326
2.6,0.65,imsa,Daytona 24 2026,fuel_window,GTP,5,821139,GTP-09,2,2,756,86330.27455586084,27,2216.0103168799715,771.2,165,0,0,0.0,0,0.0
2.6,0.65,imsa,Daytona 24 2026,caution_gambler,GTP,5,821139,GTP-09,2,2,756,86313.50814180549,31,2332.5017435786995,794.4000000000001,161,0,0,16.76641405535338,4,-116.49142669872799
2.6,0.65,imsa,Daytona 24 2026,track_position,GTP,5,821139,GTP-09,1,1,756,86321.7430596296,26,2104.2123095023017,856.8000000000001,166,1,0,8.531496231240453,-1,111.79800737766982
2.6,0.65,imsa,Daytona 24 2026,splash_and_dash,GTP,5,821139,GTP-09,6,6,756,86380.38525612133,28,2269.925980369759,766.4000000000001,165,-4,0,-50.11070026048401,1,-53.915663489787676
2.6,0.65,imsa,Daytona 24 2026,lap_down,GTP,5,821139,GTP-09,3,3,755,86304.53580101121,27,2173.7442271045124,813.6,164,-1,-1,25.73875484963355,0,42.26608977545902
2.6,0.65,imsa,Daytona 24 2026,agent,GTP,5,821139,GTP-09,11,60,486,86265.7717131988,471,36988.15581070618,5.6000000000000005,161,-9,-270,64.50284266204108,444,-34772.14549382621
2.6,0.65,imsa,Daytona 24 2026,fuel_window,GTP,5,717617,GTP-05,1,1,769,86357.61563253083,27,2212.281545121087,884.0000000000001,145,0,0,0.0,0,0.0
2.6,0.65,imsa,Daytona 24 2026,caution_gambler,GTP,5,717617,GTP-05,1,1,769,86318.78194885016,29,2190.5428532700735,880.0000000000001,146,0,0,38.83368368067022,2,21.738691851013755
2.6,0.65,imsa,Daytona 24 2026,track_position,GTP,5,717617,GTP-05,4,4,769,86311.7060887906,25,2000.0778949997296,921.6,145,-3,0,45.9095437402284,-2,212.20365012135767
2.6,0.65,imsa,Daytona 24 2026,splash_and_dash,GTP,5,717617,GTP-05,5,5,768,86283.40587444321,29,2307.0923269636564,868.8000000000001,145,-4,-1,74.20975808761432,2,-94.81078184256921
2.6,0.65,imsa,Daytona 24 2026,lap_down,GTP,5,717617,GTP-05,1,1,769,86352.81302852446,27,2212.281545121087,876.8000000000001,145,0,0,4.8026040063705295,0,0.0
2.6,0.65,imsa,Daytona 24 2026,agent,GTP,5,717617,GTP-05,11,60,486,86298.94064002889,467,37291.89128551228,2.4000000000000004,144,-10,-283,58.674992501939414,440,-35079.6097403912
2.6,0.65,imsa,Daytona 24 2026,fuel_window,GTP,5,598074,GTP-02,8,8,751,86322.23763693102,25,2121.604692481028,856.8000000000001,175,0,0,0.0,0,0.0
2.6,0.65,imsa,Daytona 24 2026,caution_gambler,GTP,5,598074,GTP-02,2,2,751,86308.27587952265,29,2284.5392636468464,928.8000000000001,175,6,0,13.961757408367703,4,-162.9345711658184
2.6,0.65,imsa,Daytona 24 2026,track_position,GTP,5,598074,GTP-02,11,11,752,86357.39779582222,25,2121.604692481028,793.6,175,-3,1,-35.16015889120172,0,0.0
2.6,0.65,imsa,Daytona 24 2026,splash_and_dash,GTP,5,598074,GTP-02,5,5,751,86299.39263056933,25,2094.6084729330346,860.8000000000001,175,3,0,22.84500636169105,0,26.996219547993405
2.6,0.65,imsa,Daytona 24 2026,lap_down,GTP,5,598074,GTP-02,10,10,751,86354.13433290651,25,2121.604692481028,834.4000000000001,173,-2,0,-31.89669597549073,0,0.0
2.6,0.65,imsa,Daytona 24 2026,agent,GTP,5,598074,GTP-02,11,60,487,86231.00877642159,450,35816.330534340384,4.800000000000001,174,-3,-264,91.22886050943634,425,-33694.725841859356
2.6,0.65,imsa,Daytona 24 2026,fuel_window,GTP,5,66622,GTP-05,3,3,750,86358.09422990073,26,2106.8258513557084,804.8000000000001,177,0,0,0.0,0,0.0
2.6,0.65,imsa,Daytona 24 2026,caution_gambler,GTP,5,66622,GTP-05,1,1,752,86297.3823095583,28,2084.876000841635,790.4000000000001,176,2,2,60.71192034242267,2,21.94985051407366
2.6,0.65,imsa,Daytona 24 2026,track_position,GTP,5,66622,GTP-05,2,2,751,86329.98514841081,24,1967.5098491717213,800.0,180,1,1,28.109081489921664,-2,139.31600218398717
2.6,0.65,imsa,Daytona 24 2026,splash_and_dash,GTP,5,66622,GTP-05,1,1,750,86335.10623924855,26,2079.542698866515,808.8000000000001,177,2,0,22.987990652181907,0,27.283152489193526
2.6,0.65,imsa,Daytona 24 2026,lap_down,GTP,5,66622,GTP-05,3,3,751,86379.99333239303,25,2068.3469671795065,756.8000000000001,178,0,1,-21.89910249230161,-1,38.47888417620197
2.6,0.65,imsa,Daytona 24 2026,agent,GTP,5,66622,GTP-05,11,60,490,86354.02933242857,442,35293.98863138255,7.2,178,-8,-260,4.06489747215528,416,-33187.16278002684
2.6,0.65,imsa,Daytona 24 2026,fuel_window,GTP,5,661064,GTP-10,2,2,713,86385.26875176092,23,1869.8345443532814,601.6,250,0,0,0.0,0,0.0
2.6,0.65,imsa,Daytona 24 2026,caution_gambler,GTP,5,661064,GTP-10,11,11,713,86317.77251851402,30,2218.7685794407507,636.8000000000001,252,-9,0,67.49623324690037,7,-348.9340350874693
2.6,0.65,imsa,Daytona 24 2026,track_position,GTP,5,661064,GTP-10,9,9,714,86403.08769214727,22,1757.9034427246847,624.0,250,-7,1,-17.818940386350732,-1,111.9311016285967
2.6,0.65,imsa,Daytona 24 2026,splash_and_dash,GTP,5,661064,GTP-10,2,2,713,86385.26875290672,23,1869.0801445532813,606.4000000000001,250,0,0,-1.1458032531663775e-06,0,0.7543998000001011
2.6,0.65,imsa,Daytona 24 2026,lap_down,GTP,5,661064,GTP-10,8,8,713,86419.29255834718,23,1840.6442247936318,628.8000000000001,252,-6,0,-34.02380658626498,0,29.19031955964965
2.6,0.65,imsa,Daytona 24 2026,agent,GTP,5,661064,GTP-10,11,60,503,86342.22726787932,437,32599.035039206403,2.4000000000000004,250,-9,-210,43.041483881592285,414,-30729.20049485312
2.6,0.65,imsa,Daytona 24 2026,fuel_window,GTP,5,134497,GTP-03,8,8,713,86412.70122833608,22,1859.6400139317323,659.2,253,0,0,0.0,0,0.0
2.6,0.65,imsa,Daytona 24 2026,caution_gambler,GTP,5,134497,GTP-03,4,4,713,86438.56433363863,30,2237.5470800878484,666.4000000000001,251,4,0,-25.86310530254559,8,-377.9070661561161
2.6,0.65,imsa,Daytona 24 2026,track_position,GTP,5,134497,GTP-03,4,4,712,86447.84536371754,22,1799.977706258907,685.6,253,4,-1,-35.14413538145891,0,59.662307672825364
2.6,0.65,imsa,Daytona 24 2026,splash_and_dash,GTP,5,134497,GTP-03,6,6,713,86405.02449810941,22,1851.607489316255,660.0,253,2,0,7.676730226667132,0,8.032524615477314
2.6,0.65,imsa,Daytona 24 2026,lap_down,GTP,5,134497,GTP-03,11,11,712,86447.97044858713,22,1859.6400139317323,674.4000000000001,252,-3,-1,-35.26922025105159,0,0.0
2.6,0.65,imsa,Daytona 24 2026,agent,GTP,5,134497,GTP-03,11,60,507,86342.97112666904,439,33002.494437673515,1.6,253,-3,-206,69.73010166703898,417,-31142.85442374178
2.6,0.65,imsa,Daytona 24 2026,fuel_window,GTP,5,310782,GTP-02,8,8,713,86305.91255011811,22,1665.7374307556745,708.8000000000001,246,0,0,0.0,0,0.0
2.6,0.65,imsa,Daytona 24 2026,caution_gambler,GTP,5,310782,GTP-02,7,7,714,86317.59334315747,26,1912.4033910592539,668.8000000000001,243,1,1,-11.680793039355194,4,-246.66596030357937
2.6,0.65,imsa,Daytona 24 2026,track_position,GTP,5,310782,GTP-02,7,7,714,86314.73949991046,22,1665.7374307556745,644.8000000000001,243,1,1,-8.826949792346568,0,0.0
2.6,0.65,imsa,Daytona 24 2026,splash_and_dash,GTP,5,310782,GTP-02,9,9,713,86350.88863705288,23,1707.2002903759217,712.0,246,-1,0,-44.9760869347665,1,-41.46285962024717
2.6,0.65,imsa,Daytona 24 2026,lap_down,GTP,5,310782,GTP-02,9,9,713,86320.84917086846,23,1761.8165938302463,711.2,246,-1,0,-14.936620750348084,1,-96.07916307457185
2.6,0.65,imsa,Daytona 24 2026,agent,GTP,5,310782,GTP-02,11,60,514,86259.91108245541,408,30947.711983083023,4.0,254,-3,-199,46.00146766270336,386,-29281.97455232735
2.6,0.65,imsa,Daytona 24 2026,fuel_window,GTP,5,116623,GTP-03,2,2,738,86330.23574211923,25,1919.226912496254,724.8000000000001,201,0,0,0.0,0,0.0
2.6,0.65,imsa,Daytona 24 2026,caution_gambler,GTP,5,116623,GTP-03,1,1,738,86431.43110583206,30,2142.821495086498,841.6,203,1,0,-101.19536371283175,5,-223.59458259024404
2.6,0.65,imsa,Daytona 24 2026,track_position,GTP,5,116623,GTP-03,2,2,739,86439.09468127805,25,1937.2402784890312,744.8000000000001,202,0,1,-108.85893915881752,0,-18.013365992777153
2.6,0.65,imsa,Daytona 24 2026,splash_and_dash,GTP,5,116623,GTP-03,2,2,738,86329.35717402119,25,1899.0829220673318,730.4000000000001,200,0,0,0.8785680980363395,0,20.14399042892228
2.6,0.65,imsa,Daytona 24 2026,lap_down,GTP,5,116623,GTP-03,2,2,738,86327.14937726565,25,1919.226912496254,742.4000000000001,202,0,0,3.086364853574196,0,0.0
2.6,0.65,imsa,Daytona 24 2026,agent,GTP,5,116623,GTP-03,11,60,490,86377.87101520228,455,35670.27471750447,4.800000000000001,197,-9,-248,-47.635273083054926,430,-33751.04780500822
2.6,0.65,imsa,Daytona 24 2026,fuel_window,GTP,5,786779,GTP-07,2,2,758,86401.9334944824,27,2249.242127100612,824.8000000000001,164,0,0,0.0,0,0.0
2.6,0.65,imsa,Daytona 24 2026,caution_gambler,GTP,5,786779,GTP-07,2,2,757,86375.58966050601,32,2437.8967840339997,798.4000000000001,163,0,-1,26.343833976381575,5,-188.65465693338774
2.6,0.65,imsa,Daytona 24 2026,track_position,GTP,5,786779,GTP-07,1,1,758,86397.88988342146,26,2154.3264866065424,849.6,162,1,0,4.043611060929834,-1,94.91564049406952
2.6,0.65,imsa,Daytona 24 2026,splash_and_dash,GTP,5,786779,GTP-07,9,9,758,86443.72962614644,28,2266.026317395567,831.2,163,-7,0,-41.79613166404306,1,-16.784190294954897
2.6,0.65,imsa,Daytona 24 2026,lap_down,GTP,5,786779,GTP-07,1,1,758,86434.92849857965,26,2154.3264866065424,864.0000000000001,163,1,0,-32.9950040972617,-1,94.91564049406952
2.6,0.65,imsa,Daytona 24 2026,agent,GTP,5,786779,GTP-07,11,60,490,86374.73200221146,419,34362.635743285726,6.4,166,-9,-268,27.201492270934978,392,-32113.393616185112
2.6,0.65,imsa,Daytona 24 2026,fuel_window,GTP,5,491031,GTP-03,1,1,791,86298.96404573052,27,2409.205755318918,993.6,102,0,0,0.0,0,0.0
2.6,0.65,imsa,Daytona 24 2026,caution_gambler,GTP,5,491031,GTP-03,6,6,793,86383.24970633983,31,2614.137876763795,961.6,101,-5,2,-84.28566060931189,4,-204.93212144487688
2.6,0.65,imsa,Daytona 24 2026,track_position,GTP,5,491031,GTP-03,5,5,792,86335.39240903803,27,2455.48927371686,949.6,102,-4,1,-36.42836330751015,0,-46.283518397942316
2.6,0.65,imsa,Daytona 24 2026,splash_and_dash,GTP,5,491031,GTP-03,1,1,791,86321.4371978021,28,2437.53886029649,987.2,102,0,0,-22.473152071572258,1,-28.33310497757202
2.6,0.65,imsa,Daytona 24 2026,lap_down,GTP,5,491031,GTP-03,4,4,791,86323.75083498738,27,2409.205755318918,953.6,100,-3,0,-24.786789256861084,0,0.0
2.6,0.65,imsa,Daytona 24 2026,agent,GTP,5,491031,GTP-03,11,60,483,86344.76021090464,452,37546.61784078798,4.800000000000001,103,-10,-308,-45.79616517412069,425,-35137.41208546906
2.6,0.65,imsa,Daytona 24 2026,fuel_window,GTP,5,847442,GTP-02,4,4,738,86373.77159986919,25,1956.624891818719,840.0,201,0,0,0.0,0,0.0
2.6,0.65,imsa,Daytona 24 2026,caution_gambler,GTP,5,847442,GTP-02,2,2,739,86302.80455972008,29,2078.6707134558314,777.6,202,2,1,70.9670401491021,4,-122.04582163711234
2.6,0.65,imsa,Daytona 24 2026,track_position,GTP,5,847442,GTP-02,1,1,740,86373.72132058408,24,1912.9120672800973,766.4000000000001,201,3,2,0.050279285103897564,-1,43.71282453862182
2.6,0.65,imsa,Daytona 24 2026,splash_and_dash,GTP,5,847442,GTP-02,5,5,737,86264.27561890798,26,1994.719992069287,831.2,201,-1,-1,109.49598096120462,1,-38.09510025056784
2.6,0.65,imsa,Daytona 24 2026,lap_down,GTP,5,847442,GTP-02,3,3,738,86336.99668849858,25,1956.624891818719,803.2,203,1,0,36.774911370608606,0,0.0
2.6,0.65,imsa,Daytona 24 2026,agent,GTP,5,847442,GTP-02,11,60,502,86299.82504768248,434,33889.42983917885,4.0,207,-7,-236,73.9465521867096,409,-31932.804947360128
2.6,0.65,imsa,Daytona 24 2026,fuel_window,GTP,5,963960,GTP-09,9,9,746,86366.60719340027,25,2157.3065915904244,864.8000000000001,187,0,0,0.0,0,0.0
2.6,0.65,imsa,Daytona 24 2026,caution_gambler,GTP,5,963960,GTP-09,2,2,747,86358.85721650564,29,2270.1255685543533,806.4000000000001,182,7,1,7.7499768946290715,4,-112.81897696392889
2.6,0.65,imsa,Daytona 24 2026,track_position,GTP,5,963960,GTP-09,9,9,746,86337.74466904895,25,2157.3065915904244,800.8000000000001,188,0,0,28.862524351323373,0,0.0
2.6,0.65,imsa,Daytona 24 2026,splash_and_dash,GTP,5,963960,GTP-09,9,9,746,86366.60719340027,25,2157.3065915904244,864.8000000000001,187,0,0,0.0,0,0.0
2.6,0.65,imsa,Daytona 24 2026,lap_down,GTP,5,963960,GTP-09,10,10,746,86348.10126113864,25,2157.3065915904244,823.2,189,-1,0,18.505932261628914,0,0.0
2.6,0.65,imsa,Daytona 24 2026,agent,GTP,5,963960,GTP-09,11,60,488,86301.30633352717,460,35793.54452790064,4.0,181,-2,-258,65.30085987309576,435,-33636.237936310215
2.6,0.65,imsa,Daytona 24 2026,fuel_window,GTP,5,703828,GTP-11,10,10,719,86367.79887991869,24,1924.2664254914841,716.0,234,0,0,0.0,0,0.0
2.6,0.65,imsa,Daytona 24 2026,caution_gambler,GTP,5,703828,GTP-11,7,7,719,86364.17352358623,29,2211.3720735689876,712.0000000000001,234,3,0,3.6253563324571587,5,-287.1056480775035
2.6,0.65,imsa,Daytona 24 2026,track_position,GTP,5,703828,GTP-11,5,5,719,86365.36448069832,24,1924.2664254914841,720.8000000000001,234,5,0,2.434399220364867,0,0.0
2.6,0.65,imsa,Daytona 24 2026,splash_and_dash,GTP,5,703828,GTP-11,11,11,718,86342.27148779496,25,1981.215050493769,730.4000000000001,234,-1,-1,25.527392123723985,1,-56.94862500228487
2.6,0.65,imsa,Daytona 24 2026,lap_down,GTP,5,703828,GTP-11,6,6,718,86344.61948886985,24,1924.2664254914841,710.4000000000001,234,4,-1,23.179391048834077,0,0.0
2.6,0.65,imsa,Daytona 24 2026,agent,GTP,5,703828,GTP-11,11,60,498,86276.90292118458,435,32744.839804230774,4.0,231,-1,-221,90.89595873410872,411,-30820.57337873929
2.6,0.65,imsa,Daytona 24 2026,fuel_window,GTP,5,160041,GTP-02,5,5,774,86339.72173180514,26,2158.8985279330263,933.6,132,0,0,0.0,0,0.0
2.6,0.65,imsa,Daytona 24 2026,caution_gambler,GTP,5,160041,GTP-02,10,10,774,86426.98347985446,29,2369.858456973659,947.2,132,-5,0,-87.26174804932089,3,-210.9599290406327
2.6,0.65,imsa,Daytona 24 2026,track_position,GTP,5,160041,GTP-02,9,9,774,86409.97264722722,26,2158.8985279330263,917.6,132,-4,0,-70.2509154220752,0,0.0
2.6,0.65,imsa,Daytona 24 2026,splash_and_dash,GTP,5,160041,GTP-02,11,11,773,86257.20455537325,27,2199.0014155456115,941.6,131,-6,-1,82.51717643189477,1,-40.102887612585164
2.6,0.65,imsa,Daytona 24 2026,lap_down,GTP,5,160041,GTP-02,9,9,774,86447.93707188091,26,2158.8985279330263,887.2,132,-4,0,-108.21534007576702,0,0.0
2.6,0.65,imsa,Daytona 24 2026,agent,GTP,5,160041,GTP-02,11,60,483,86387.85285447695,464,37841.651785193266,4.0,134,-6,-291,-48.13112267180986,438,-35682.753257260236
2.6,0.65,imsa,Daytona 24 2026,fuel_window,GTP,5,338149,GTP-06,4,4,732,86329.89838364386,24,1788.915738184919,755.2,213,0,0,0.0,0,0.0
2.6,0.65,imsa,Daytona 24 2026,caution_gambler,GTP,5,338149,GTP-06,2,2,732,86315.51040114443,30,2148.5760568861415,706.4000000000001,213,2,0,14.387982499421923,6,-359.6603187012224
2.6,0.65,imsa,Daytona 24 2026,track_position,GTP,5,338149,GTP-06,2,2,732,86319.53182537486,24,1788.915738184919,710.4000000000001,213,2,0,10.366558269000961,0,0.0
2.6,0.65,imsa,Daytona 24 2026,splash_and_dash,GTP,5,338149,GTP-06,4,4,732,86329.89838364386,24,1788.915738184919,755.2,213,0,0,0.0,0,0.0
2.6,0.65,imsa,Daytona 24 2026,lap_down,GTP,5,338149,GTP-06,4,4,731,86301.28159947417,24,1788.915738184919,729.6,213,0,-1,28.61678416968789,0,0.0
2.6,0.65,imsa,Daytona 24 2026,agent,GTP,5,338149,GTP-06,11,60,494,86272.95741276884,474,35966.10442054113,4.0,211,-7,-238,56.94097087501723,450,-34177.18868235621
2.6,0.65,imsa,Daytona 24 2026,fuel_window,GTP,5,649918,GTP-06,6,6,690,86355.86472010113,22,1587.8073640485618,545.6,292,0,0,0.0,0,0.0
2.6,0.65,imsa,Daytona 24 2026,caution_gambler,GTP,5,649918,GTP-06,2,2,692,86340.92334747012,28,1853.0734337249912,575.2,291,4,2,14.941372631015838,6,-265.2660696764294
2.6,0.65,imsa,Daytona 24 2026,track_position,GTP,5,649918,GTP-06,11,11,690,86310.8400490088,21,1469.5776215582728,588.0,291,-5,0,45.024671092338394,-1,118.22974249028903
2.6,0.65,imsa,Daytona 24 2026,splash_and_dash,GTP,5,649918,GTP-06,2,2,690,86327.67486257052,22,1579.326408545934,538.4,292,4,0,28.189857530611334,0,8.480955502627694
2.6,0.65,imsa,Daytona 24 2026,lap_down,GTP,5,649918,GTP-06,10,10,689,86306.57166427831,22,1551.5320544366637,656.8000000000001,290,-4,-1,49.29305582282541,0,36.27530961189814
2.6,0.65,imsa,Daytona 24 2026,agent,GTP,5,649918,GTP-06,11,60,510,86339.53643223539,416,30200.08874259639,4.0,289,-5,-180,16.32828786574828,394,-28612.28137854783
2.6,0.65,imsa,Daytona 24 2026,fuel_window,GTP,5,72475,GTP-09,2,2,724,86373.50245713368,23,1857.155073088042,695.2,232,0,0,0.0,0,0.0
2.6,0.65,imsa,Daytona 24 2026,caution_gambler,GTP,5,72475,GTP-09,5,5,725,86440.90468720341,32,2318.6872525078293,704.0,233,-3,1,-67.40223006972519,9,-461.5321794197873
2.6,0.65,imsa,Daytona 24 2026,track_position,GTP,5,72475,GTP-09,8,8,723,86390.34070725543,23,1857.155073088042,713.6,232,-6,-1,-16.83825012174202,0,0.0
2.6,0.65,imsa,Daytona 24 2026,splash_and_dash,GTP,5,72475,GTP-09,2,2,724,86373.50245713368,23,1857.155073088042,695.2,232,0,0,0.0,0,0.0
2.6,0.65,imsa,Daytona 24 2026,lap_down,GTP,5,72475,GTP-09,5,5,724,86413.91675150211,23,1857.155073088042,696.8000000000001,231,-3,0,-40.41429436842736,0,0.0
2.6,0.65,imsa,Daytona 24 2026,agent,GTP,5,72475,GTP-09,11,60,498,86269.91644734843,451,33652.40561233752,6.4,227,-9,-226,103.58600978525646,428,-31795.25053924948
2.6,0.65,imsa,Daytona 24 2026,fuel_window,GTP,5,41913,GTP-10,8,8,764,86325.63876327069,25,2238.4474114631057,867.2,150,0,0,0.0,0,0.0
2.6,0.65,imsa,Daytona 24 2026,caution_gambler,GTP,5,41913,GTP-10,5,5,765,86390.3797721658,32,2552.7379552481857,897.6,147,3,1,-64.74100889511465,7,-314.29054378508
2.6,0.65,imsa,Daytona 24 2026,track_position,GTP,5,41913,GTP-10,7,7,764,86230.91249704575,25,2208.3873522142676,924.0000000000001,150,1,0,94.72626622494136,0,30.060059248838115
2.6,0.65,imsa,Daytona 24 2026,splash_and_dash,GTP,5,41913,GTP-10,8,8,764,86361.41692608151,26,2274.90074362544,865.6,150,0,0,-35.778162810820504,1,-36.45333216233439
2.6,0.65,imsa,Daytona 24 2026,lap_down,GTP,5,41913,GTP-10,7,7,764,86354.08880685955,24,2149.412292584395,874.4000000000001,153,1,0,-28.450043588862172,-1,89.03511887871082
2.6,0.65,imsa,Daytona 24 2026,agent,GTP,5,41913,GTP-10,11,60,485,86385.95925893144,438,36039.134911244684,5.6000000000000005,150,-3,-279,-60.320495660751476,413,-33800.687499781576
2.6,0.65,imsa,Daytona 24 2026,fuel_window,GTP,5,738847,GTP-06,7,7,776,86362.54344486726,28,2358.301868802086,869.6,126,0,0,0.0,0,0.0
2.6,0.65,imsa,Daytona 24 2026,caution_gambler,GTP,5,738847,GTP-06,2,2,777,86381.25388957471,31,2407.3789711408444,874.4000000000001,128,5,1,-18.710444707452552,3,-49.07710233875832
2.6,0.65,imsa,Daytona 24 2026,track_position,GTP,5,738847,GTP-06,1,1,777,86215.5521433591,26,2254.932511464527,882.4000000000001,127,6,1,146.99130150815472,-2,103.369357337559
2.6,0.65,imsa,Daytona 24 2026,splash_and_dash,GTP,5,738847,GTP-06,8,8,776,86370.45925605405,29,2372.1256173164993,862.4000000000001,126,-1,0,-7.915811186787323,1,-13.823748514413182
2.6,0.65,imsa,Daytona 24 2026,lap_down,GTP,5,738847,GTP-06,2,2,777,86324.48949843603,27,2330.776045211265,836.0,126,5,1,38.05394643123145,-1,27.525823590821346
2.6,0.65,imsa,Daytona 24 2026,agent,GTP,5,738847,GTP-06,11,60,483,86266.88196969374,466,37488.13230853922,7.2,125,-4,-293,95.66147517351783,438,-35129.83043973713
2.6,0.65,imsa,Daytona 24 2026,fuel_window,GTP,5,156414,GTP-02,7,7,676,86399.4871992886,21,1669.4764979942167,502.40000000000003,312,0,0,0.0,0,0.0
2.6,0.65,imsa,Daytona 24 2026,caution_gambler,GTP,5,156414,GTP-02,9,9,677,86383.60817317088,28,1922.0553068801087,528.0,312,-2,1,15.87902611772006,7,-252.57880888589193
2.6,0.65,imsa,Daytona 24 2026,track_position,GTP,5,156414,GTP-02,5,5,677,86394.01340444523,21,1632.7261989383658,551.2,314,2,1,5.473794843375799,0,36.750299055850974
2.6,0.65,imsa,Daytona 24 2026,splash_and_dash,GTP,5,156414,GTP-02,7,7,676,86399.4871992886,21,1669.4764979942167,502.40000000000003,312,0,0,0.0,0,0.0
2.6,0.65,imsa,Daytona 24 2026,lap_down,GTP,5,156414,GTP-02,6,6,676,86397.48709709635,21,1669.4764979942167,496.00000000000006,312,1,0,2.000102192250779,0,0.0
2.6,0.65,imsa,Daytona 24 2026,agent,GTP,5,156414,GTP-02,11,60,511,86298.9406194011,469,32532.082514969636,2.4000000000000004,315,-4,-165,100.54657988750841,448,-30862.60601697542
2.6,0.65,imsa,Daytona 24 2026,fuel_window,GTP,5,268038,GTP-06,5,5,758,86353.21544337856,25,2112.6734660108227,892.0000000000001,160,0,0,0.0,0,0.0
2.6,0.65,imsa,Daytona 24 2026,caution_gambler,GTP,5,268038,GTP-06,5,5,758,86370.00200793138,29,2302.6986380043745,805.6,162,0,0,-16.7865645528218,4,-190.0251719935518
2.6,0.65,imsa,Daytona 24 2026,track_position,GTP,5,268038,GTP-06,6,6,758,86363.83170211584,25,2070.284400436707,804.8000000000001,161,-1,0,-10.616258737281896,0,42.38906557411565
2.6,0.65,imsa,Daytona 24 2026,splash_and_dash,GTP,5,268038,GTP-06,8,8,757,86378.09634743263,27,2236.623948842428,890.4000000000001,160,-3,-1,-24.880904054065468,2,-123.95048283160531
2.6,0.65,imsa,Daytona 24 2026,lap_down,GTP,5,268038,GTP-06,4,4,758,86362.83303959631,25,2112.6734660108227,841.6,160,1,0,-9.61759621775127,0,0.0
2.6,0.65,imsa,Daytona 24 2026,agent,GTP,5,268038,GTP-06,11,60,496,86363.67071530923,428,34859.17566217275,8.8,169,-6,-262,-10.45527193066664,403,-32746.502196161924
