multiplier,pit_transit_frac,series,race,strategy,class,pace_rank,seed,focal,class_pos,overall_pos,laps,race_time_s,stops,pit_time_s,traffic_time_s,caution_laps,d_class_pos,d_laps,d_race_time_s,d_stops,d_pit_time_s
1.0,0.25,wec,Le Mans 24 2026,fuel_window,HYPERCAR,5,639431,HYPERCAR-03,4,4,391,86191.58929120861,38,2568.932804796597,530.4,18,0,0,0.0,0,0.0
1.0,0.25,wec,Le Mans 24 2026,caution_gambler,HYPERCAR,5,639431,HYPERCAR-03,4,4,391,86191.58929120861,38,2568.932804796597,530.4,18,0,0,0.0,0,0.0
1.0,0.25,wec,Le Mans 24 2026,track_position,HYPERCAR,5,639431,HYPERCAR-03,6,6,391,86266.76161211361,38,2601.2397438565063,554.4000000000001,17,-2,0,-75.17232090499601,0,-32.30693905990938
1.0,0.25,wec,Le Mans 24 2026,splash_and_dash,HYPERCAR,5,639431,HYPERCAR-03,4,4,392,86369.06380193113,39,2539.670479376918,533.6,18,0,1,-177.47451072251715,1,29.262325419678746
1.0,0.25,wec,Le Mans 24 2026,lap_down,HYPERCAR,5,639431,HYPERCAR-03,4,4,392,86369.77959968788,37,2512.932686025591,582.4000000000001,18,0,1,-178.19030847927206,-1,56.00011877100587
1.0,0.25,wec,Le Mans 24 2026,agent,HYPERCAR,5,639431,HYPERCAR-03,18,18,388,86340.69165270867,102,3276.653655420011,444.8,18,-14,-3,-149.1023615000595,64,-707.7208506234142
1.0,0.25,wec,Le Mans 24 2026,fuel_window,HYPERCAR,5,497127,HYPERCAR-17,5,5,396,86456.44239830981,38,2789.010690003233,546.4000000000001,6,0,0,0.0,0,0.0
1.0,0.25,wec,Le Mans 24 2026,caution_gambler,HYPERCAR,5,497127,HYPERCAR-17,5,5,396,86456.44239830981,38,2789.010690003233,546.4000000000001,6,0,0,0.0,0,0.0
1.0,0.25,wec,Le Mans 24 2026,track_position,HYPERCAR,5,497127,HYPERCAR-17,6,6,395,86284.09028427512,38,2820.617333351214,545.6,6,-1,-1,172.35211403468566,0,-31.606643347980935
1.0,0.25,wec,Le Mans 24 2026,splash_and_dash,HYPERCAR,5,497127,HYPERCAR-17,3,3,396,86415.90109557251,38,2755.023115688897,538.4000000000001,6,2,0,40.5413027372997,0,33.98757431433569
1.0,0.25,wec,Le Mans 24 2026,lap_down,HYPERCAR,5,497127,HYPERCAR-17,5,5,396,86456.44239830981,38,2789.010690003233,546.4000000000001,6,0,0,0.0,0,0.0
1.0,0.25,wec,Le Mans 24 2026,agent,HYPERCAR,5,497127,HYPERCAR-17,17,17,392,86248.20946685853,107,3611.08439500456,492.00000000000006,6,-12,-4,208.23293145127536,69,-822.0737050013272
1.0,0.25,wec,Le Mans 24 2026,fuel_window,HYPERCAR,5,737684,HYPERCAR-04,6,6,380,86307.5089344363,35,2508.212370658249,528.8000000000001,38,0,0,0.0,0,0.0
1.0,0.25,wec,Le Mans 24 2026,caution_gambler,HYPERCAR,5,737684,HYPERCAR-04,4,4,381,86160.83861875183,37,2585.2444583502506,513.6,36,2,1,146.67031568445964,2,-77.03208769200182
1.0,0.25,wec,Le Mans 24 2026,track_position,HYPERCAR,5,737684,HYPERCAR-04,7,7,380,86330.20736474564,35,2476.0916693141335,519.2,35,-1,0,-22.698430309348623,0,32.12070134411533
1.0,0.25,wec,Le Mans 24 2026,splash_and_dash,HYPERCAR,5,737684,HYPERCAR-04,6,6,380,86294.52904353518,36,2494.155809400891,532.0,38,0,0,12.97989090111514,1,14.056561257357771
1.0,0.25,wec,Le Mans 24 2026,lap_down,HYPERCAR,5,737684,HYPERCAR-04,8,8,380,86362.0408499332,35,2511.805260658249,543.2,38,-2,0,-54.53191549690382,0,-3.5928900000003523
1.0,0.25,wec,Le Mans 24 2026,agent,HYPERCAR,5,737684,HYPERCAR-04,18,18,378,86226.32399658559,98,3341.2863747277906,466.40000000000003,36,-12,-2,81.18493785070314,63,-833.0740040695418
1.0,0.25,wec,Le Mans 24 2026,fuel_window,HYPERCAR,5,279327,HYPERCAR-12,8,8,388,86245.71702853711,37,2656.1023099288927,520.0,21,0,0,0.0,0,0.0
1.0,0.25,wec,Le Mans 24 2026,caution_gambler,HYPERCAR,5,279327,HYPERCAR-12,4,4,389,86261.1841011375,37,2629.6190828000213,500.00000000000006,19,4,1,-15.467072600396932,0,26.483227128871476
1.0,0.25,wec,Le Mans 24 2026,track_position,HYPERCAR,5,279327,HYPERCAR-12,8,8,388,86245.11352179619,37,2657.128849928893,536.8000000000001,20,0,0,0.6035067409247858,0,-1.0265400000002955
1.0,0.25,wec,Le Mans 24 2026,splash_and_dash,HYPERCAR,5,279327,HYPERCAR-12,6,6,388,86206.86819088232,37,2622.838466739803,517.6,21,2,0,38.84883765479026,0,33.263843189089584
1.0,0.25,wec,Le Mans 24 2026,lap_down,HYPERCAR,5,279327,HYPERCAR-12,8,8,388,86245.71702853711,37,2656.1023099288927,520.0,21,0,0,0.0,0,0.0
1.0,0.25,wec,Le Mans 24 2026,agent,HYPERCAR,5,279327,HYPERCAR-12,17,17,385,86178.02114883368,112,3481.7236999031325,436.0,21,-9,-3,67.69587970343127,75,-825.6213899742397
1.0,0.25,wec,Le Mans 24 2026,fuel_window,HYPERCAR,5,22699,HYPERCAR-09,2,2,375,86218.29575254391,35,2429.643489095455,503.20000000000005,46,0,0,0.0,0,0.0
1.0,0.25,wec,Le Mans 24 2026,caution_gambler,HYPERCAR,5,22699,HYPERCAR-09,12,12,375,86347.83127047925,36,2470.6243596582344,476.8,50,-10,0,-129.53551793533552,1,-40.98087056277927
1.0,0.25,wec,Le Mans 24 2026,track_position,HYPERCAR,5,22699,HYPERCAR-09,10,10,375,86299.79412478064,35,2430.567375095455,475.20000000000005,47,-8,0,-81.4983722367324,0,-0.9238860000000386
1.0,0.25,wec,Le Mans 24 2026,splash_and_dash,HYPERCAR,5,22699,HYPERCAR-09,1,1,375,86166.652548259,36,2417.3210464519007,500.00000000000006,46,1,0,51.64320428491919,1,12.322442643554496
1.0,0.25,wec,Le Mans 24 2026,lap_down,HYPERCAR,5,22699,HYPERCAR-09,2,2,375,86218.29575254391,35,2429.643489095455,503.20000000000005,46,0,0,0.0,0,0.0
1.0,0.25,wec,Le Mans 24 2026,agent,HYPERCAR,5,22699,HYPERCAR-09,17,17,374,86321.37570019996,112,3505.42815820419,416.8,50,-15,-1,-103.07994765604963,77,-1075.7846691087348
1.0,0.25,wec,Le Mans 24 2026,fuel_window,HYPERCAR,5,604281,HYPERCAR-17,4,4,369,86274.51278201824,34,2218.227468508022,479.20000000000005,59,0,0,0.0,0,0.0
1.0,0.25,wec,Le Mans 24 2026,caution_gambler,HYPERCAR,5,604281,HYPERCAR-17,10,10,369,86258.97093884365,36,2197.1574156667316,537.6,57,-6,0,15.541843174592941,2,21.070052841290362
1.0,0.25,wec,Le Mans 24 2026,track_position,HYPERCAR,5,604281,HYPERCAR-17,5,5,369,86345.90873651643,34,2194.381408134921,484.00000000000006,58,-1,0,-71.39595449819171,0,23.846060373100954
1.0,0.25,wec,Le Mans 24 2026,splash_and_dash,HYPERCAR,5,604281,HYPERCAR-17,2,2,369,86227.412861659,34,2172.699668019238,478.40000000000003,59,2,0,47.09992035923642,0,45.52780048878412
1.0,0.25,wec,Le Mans 24 2026,lap_down,HYPERCAR,5,604281,HYPERCAR-17,6,6,369,86325.55315851745,34,2221.820358508022,493.6,58,-2,0,-51.04037649920792,0,-3.5928899999998976
1.0,0.25,wec,Le Mans 24 2026,agent,HYPERCAR,5,604281,HYPERCAR-17,14,14,369,86323.88607889731,121,3292.9922459317963,425.6,57,-10,0,-49.37329687907186,87,-1074.7647774237744
1.0,0.25,wec,Le Mans 24 2026,fuel_window,HYPERCAR,5,871382,HYPERCAR-17,9,9,390,86279.63114137117,37,2623.9881189653815,546.4000000000001,16,0,0,0.0,0,0.0
1.0,0.25,wec,Le Mans 24 2026,caution_gambler,HYPERCAR,5,871382,HYPERCAR-17,7,7,390,86228.80315276589,38,2673.6827065913744,518.4000000000001,15,2,0,50.827988605276914,1,-49.69458762599288
1.0,0.25,wec,Le Mans 24 2026,track_position,HYPERCAR,5,871382,HYPERCAR-17,9,9,390,86279.56679804863,37,2623.9881189653815,544.0,16,0,0,0.06434332253411412,0,0.0
1.0,0.25,wec,Le Mans 24 2026,splash_and_dash,HYPERCAR,5,871382,HYPERCAR-17,9,9,390,86242.18850258771,37,2583.068809825683,552.0,16,0,0,37.44263878345373,0,40.919309139698726
1.0,0.25,wec,Le Mans 24 2026,lap_down,HYPERCAR,5,871382,HYPERCAR-17,9,9,390,86279.63114137117,37,2623.9881189653815,546.4000000000001,16,0,0,0.0,0,0.0
1.0,0.25,wec,Le Mans 24 2026,agent,HYPERCAR,5,871382,HYPERCAR-17,18,18,388,86286.64099850283,117,3579.389251440376,444.00000000000006,16,-9,-2,-7.009857131663011,80,-955.4011324749945
1.0,0.25,wec,Le Mans 24 2026,fuel_window,HYPERCAR,5,967710,HYPERCAR-18,3,3,392,86287.66082973605,37,2619.3094284179792,452.00000000000006,16,0,0,0.0,0,0.0
1.0,0.25,wec,Le Mans 24 2026,caution_gambler,HYPERCAR,5,967710,HYPERCAR-18,3,3,392,86287.66082973605,37,2619.3094284179792,452.00000000000006,16,0,0,0.0,0,0.0
1.0,0.25,wec,Le Mans 24 2026,track_position,HYPERCAR,5,967710,HYPERCAR-18,4,4,392,86307.72270660472,37,2619.3094284179792,496.00000000000006,16,-1,0,-20.06187686866906,0,0.0
1.0,0.25,wec,Le Mans 24 2026,splash_and_dash,HYPERCAR,5,967710,HYPERCAR-18,3,3,392,86277.31302255979,38,2611.346615707364,452.8,16,0,0,10.347807176265633,1,7.962812710615253
1.0,0.25,wec,Le Mans 24 2026,lap_down,HYPERCAR,5,967710,HYPERCAR-18,3,3,392,86287.66082973605,37,2619.3094284179792,452.00000000000006,16,0,0,0.0,0,0.0
1.0,0.25,wec,Le Mans 24 2026,agent,HYPERCAR,5,967710,HYPERCAR-18,18,18,388,86309.16185490957,120,3702.863885648515,417.6,18,-15,-4,-21.501025173522066,83,-1083.5544572305357
1.0,0.25,wec,Le Mans 24 2026,fuel_window,HYPERCAR,5,596591,HYPERCAR-07,4,4,389,86285.6227795914,36,2599.6574163759497,520.8000000000001,20,0,0,0.0,0,0.0
1.0,0.25,wec,Le Mans 24 2026,caution_gambler,HYPERCAR,5,596591,HYPERCAR-07,3,3,389,86246.29369568685,36,2577.880312880266,551.2,20,1,0,39.329083904551226,0,21.777103495683605
1.0,0.25,wec,Le Mans 24 2026,track_position,HYPERCAR,5,596591,HYPERCAR-07,14,14,387,86360.23319133212,36,2671.3752488069445,524.8000000000001,24,-10,-2,-74.61041174072307,0,-71.7178324309948
1.0,0.25,wec,Le Mans 24 2026,splash_and_dash,HYPERCAR,5,596591,HYPERCAR-07,2,2,389,86244.40346957404,36,2556.2075477284147,524.8000000000001,20,2,0,41.21931001736084,0,43.44986864753491
1.0,0.25,wec,Le Mans 24 2026,lap_down,HYPERCAR,5,596591,HYPERCAR-07,6,6,389,86355.12327006734,36,2623.6091103175263,518.4000000000001,23,-2,0,-69.50049047594075,0,-23.95169394157665
1.0,0.25,wec,Le Mans 24 2026,agent,HYPERCAR,5,596591,HYPERCAR-07,18,18,385,86175.03841967297,106,3550.78405007548,505.6,23,-14,-4,110.58435991842998,70,-951.1266336995304
1.0,0.25,wec,Le Mans 24 2026,fuel_window,HYPERCAR,5,154210,HYPERCAR-06,5,5,389,86190.03940112003,37,2762.7941826019046,457.6,23,0,0,0.0,0,0.0
1.0,0.25,wec,Le Mans 24 2026,caution_gambler,HYPERCAR,5,154210,HYPERCAR-06,3,3,389,86178.62636485751,39,2779.414291403457,464.00000000000006,23,2,0,11.413036262514652,2,-16.620108801552306
1.0,0.25,wec,Le Mans 24 2026,track_position,HYPERCAR,5,154210,HYPERCAR-06,7,7,389,86333.06797490914,37,2763.8207226019044,470.40000000000003,23,-2,0,-143.02857378910994,0,-1.0265399999998408
1.0,0.25,wec,Le Mans 24 2026,splash_and_dash,HYPERCAR,5,154210,HYPERCAR-06,3,3,390,86497.18888324586,37,2735.8475076019045,448.00000000000006,24,2,1,-307.1494821258384,0,26.94667500000014
1.0,0.25,wec,Le Mans 24 2026,lap_down,HYPERCAR,5,154210,HYPERCAR-06,5,5,389,86190.03940112003,37,2762.7941826019046,457.6,23,0,0,0.0,0,0.0
1.0,0.25,wec,Le Mans 24 2026,agent,HYPERCAR,5,154210,HYPERCAR-06,18,18,386,86369.04133597156,112,3568.572729850446,435.20000000000005,23,-13,-3,-179.00193485153432,75,-805.7785472485416
1.0,0.25,wec,Le Mans 24 2026,fuel_window,HYPERCAR,5,838952,HYPERCAR-15,10,10,388,86349.03824342632,37,2568.384173843402,545.6,21,0,0,0.0,0,0.0
1.0,0.25,wec,Le Mans 24 2026,caution_gambler,HYPERCAR,5,838952,HYPERCAR-15,10,10,388,86333.60989886381,38,2554.4493027690437,540.8000000000001,21,0,0,15.428344562504208,1,13.934871074358398
1.0,0.25,wec,Le Mans 24 2026,track_position,HYPERCAR,5,838952,HYPERCAR-15,10,10,388,86348.17318666287,37,2569.410713843402,537.6,21,0,0,0.8650567634467734,0,-1.0265399999998408
1.0,0.25,wec,Le Mans 24 2026,splash_and_dash,HYPERCAR,5,838952,HYPERCAR-15,9,9,388,86322.9964443163,38,2545.081257473035,546.4000000000001,21,1,0,26.041799110011198,1,23.302916370367257
1.0,0.25,wec,Le Mans 24 2026,lap_down,HYPERCAR,5,838952,HYPERCAR-15,7,7,388,86288.50373340571,36,2522.2142234798966,533.6,21,3,0,60.53451002060319,-1,46.16995036350545
1.0,0.25,wec,Le Mans 24 2026,agent,HYPERCAR,5,838952,HYPERCAR-15,18,18,385,86340.1585655331,125,3608.3287193107035,444.00000000000006,19,-8,-3,8.879677893215558,88,-1039.9445454673014
1.0,0.25,wec,Le Mans 24 2026,fuel_window,HYPERCAR,5,486540,HYPERCAR-16,6,6,381,86350.52922525519,35,2377.841585245491,512.8000000000001,36,0,0,0.0,0,0.0
1.0,0.25,wec,Le Mans 24 2026,caution_gambler,HYPERCAR,5,486540,HYPERCAR-16,7,7,381,86343.26782776075,36,2407.5121517998305,536.8000000000001,35,-1,0,7.261397494439734,1,-29.67056655433953
1.0,0.25,wec,Le Mans 24 2026,track_position,HYPERCAR,5,486540,HYPERCAR-16,9,9,381,86282.76318779225,35,2377.841585245491,488.8,35,-3,0,67.76603746293404,0,0.0
1.0,0.25,wec,Le Mans 24 2026,splash_and_dash,HYPERCAR,5,486540,HYPERCAR-16,6,6,381,86348.6994374808,35,2345.8082978552775,512.8000000000001,35,0,0,1.8297877743898425,0,32.033287390213445
1.0,0.25,wec,Le Mans 24 2026,lap_down,HYPERCAR,5,486540,HYPERCAR-16,6,6,381,86350.52922525519,35,2377.841585245491,512.8000000000001,36,0,0,0.0,0,0.0
1.0,0.25,wec,Le Mans 24 2026,agent,HYPERCAR,5,486540,HYPERCAR-16,18,18,379,86295.89650663242,105,3339.1448638469114,475.20000000000005,39,-12,-2,54.63271862277179,70,-961.3032786014205
1.0,0.25,wec,Le Mans 24 2026,fuel_window,HYPERCAR,5,432241,HYPERCAR-14,8,8,388,86335.65309330322,37,2660.110751876846,527.2,24,0,0,0.0,0,0.0
1.0,0.25,wec,Le Mans 24 2026,caution_gambler,HYPERCAR,5,432241,HYPERCAR-14,12,12,388,86376.09280235524,38,2690.0106574279653,553.6,24,-4,0,-40.4397090520215,1,-29.899905551119446
1.0,0.25,wec,Le Mans 24 2026,track_position,HYPERCAR,5,432241,HYPERCAR-14,9,9,387,86178.13201122808,36,2632.635868809069,580.0,23,-1,-1,157.5210820751381,-1,27.474883067776773
1.0,0.25,wec,Le Mans 24 2026,splash_and_dash,HYPERCAR,5,432241,HYPERCAR-14,6,6,388,86315.3381619286,38,2637.5652618720555,531.2,24,2,0,20.314931374625303,1,22.54549000479028
1.0,0.25,wec,Le Mans 24 2026,lap_down,HYPERCAR,5,432241,HYPERCAR-14,8,8,388,86335.65309330322,37,2660.110751876846,527.2,24,0,0,0.0,0,0.0
1.0,0.25,wec,Le Mans 24 2026,agent,HYPERCAR,5,432241,HYPERCAR-14,16,16,386,86321.40673245852,118,3503.5679508548637,443.20000000000005,24,-8,-2,14.246360844699666,81,-843.4571989780179
1.0,0.25,wec,Le Mans 24 2026,fuel_window,HYPERCAR,5,552122,HYPERCAR-07,12,12,382,86333.64512284893,35,2601.8175509641196,470.40000000000003,35,0,0,0.0,0,0.0
1.0,0.25,wec,Le Mans 24 2026,caution_gambler,HYPERCAR,5,552122,HYPERCAR-07,9,9,382,86329.22038669471,36,2583.1848068817962,482.40000000000003,34,3,0,4.424736154222046,1,18.63274408232337
1.0,0.25,wec,Le Mans 24 2026,track_position,HYPERCAR,5,552122,HYPERCAR-07,10,10,381,86202.15122177788,35,2600.8936649641196,440.8,33,2,-1,131.49390107105137,0,0.9238860000000386
1.0,0.25,wec,Le Mans 24 2026,splash_and_dash,HYPERCAR,5,552122,HYPERCAR-07,8,8,382,86257.12893864111,35,2537.402803773822,472.00000000000006,35,4,0,76.51618420782324,0,64.41474719029748
1.0,0.25,wec,Le Mans 24 2026,lap_down,HYPERCAR,5,552122,HYPERCAR-07,12,12,382,86340.83094854892,35,2630.8010757169413,508.8,35,0,0,-7.18582569998398,0,-28.983524752821722
1.0,0.25,wec,Le Mans 24 2026,agent,HYPERCAR,5,552122,HYPERCAR-07,15,15,381,86225.96959496486,93,3098.824983237815,453.6,37,-3,-1,107.67552788407193,58,-497.0074322736955
1.0,0.25,wec,Le Mans 24 2026,fuel_window,HYPERCAR,5,999870,HYPERCAR-11,14,14,392,86220.1084337171,38,2743.570163672895,560.8000000000001,12,0,0,0.0,0,0.0
1.0,0.25,wec,Le Mans 24 2026,caution_gambler,HYPERCAR,5,999870,HYPERCAR-11,14,14,392,86220.1084337171,38,2743.570163672895,560.8000000000001,12,0,0,0.0,0,0.0
1.0,0.25,wec,Le Mans 24 2026,track_position,HYPERCAR,5,999870,HYPERCAR-11,11,11,393,86308.42574566808,38,2741.517083672895,543.2,14,3,1,-88.31731195097382,0,2.0530800000001364
1.0,0.25,wec,Le Mans 24 2026,splash_and_dash,HYPERCAR,5,999870,HYPERCAR-11,11,11,392,86173.08204827191,39,2739.1266237495797,560.0,12,3,0,47.02638544519141,1,4.443539923315257
1.0,0.25,wec,Le Mans 24 2026,lap_down,HYPERCAR,5,999870,HYPERCAR-11,13,13,392,86193.88077842748,38,2739.9772736728946,575.2,13,1,0,26.227655289621907,0,3.5928900000003523
1.0,0.25,wec,Le Mans 24 2026,agent,HYPERCAR,5,999870,HYPERCAR-11,18,18,391,86243.08875427165,97,3367.9976813209164,546.4000000000001,12,-4,-1,-22.98032055454678,59,-624.4275176480214
1.0,0.25,wec,Le Mans 24 2026,fuel_window,HYPERCAR,5,22006,HYPERCAR-09,5,5,382,86348.97534317583,35,2566.910806587064,557.6,36,0,0,0.0,0,0.0
1.0,0.25,wec,Le Mans 24 2026,caution_gambler,HYPERCAR,5,22006,HYPERCAR-09,7,7,382,86381.92794377066,36,2599.0218807889937,572.0,36,-2,0,-32.952600594828255,1,-32.11107420192957
1.0,0.25,wec,Le Mans 24 2026,track_position,HYPERCAR,5,22006,HYPERCAR-09,5,5,382,86347.590260826,34,2502.7503319626658,552.0,35,0,0,1.3850823498360114,-1,64.16047462439838
1.0,0.25,wec,Le Mans 24 2026,splash_and_dash,HYPERCAR,5,22006,HYPERCAR-09,3,3,382,86322.89966052484,36,2543.4045653059,556.8000000000001,36,2,0,26.07568265098962,1,23.506241281163966
1.0,0.25,wec,Le Mans 24 2026,lap_down,HYPERCAR,5,22006,HYPERCAR-09,7,7,382,86348.63885604279,34,2502.7503319626658,585.6,35,-2,0,0.33648713304137345,-1,64.16047462439838
1.0,0.25,wec,Le Mans 24 2026,agent,HYPERCAR,5,22006,HYPERCAR-09,18,18,379,86170.81134951016,115,3304.1996494964483,391.20000000000005,40,-13,-3,178.16399366567202,80,-737.2888429093841
1.0,0.25,wec,Le Mans 24 2026,fuel_window,HYPERCAR,5,654215,HYPERCAR-12,5,5,356,86357.45071660126,30,2002.4725991466423,348.8,83,0,0,0.0,0,0.0
1.0,0.25,wec,Le Mans 24 2026,caution_gambler,HYPERCAR,5,654215,HYPERCAR-12,10,10,356,86380.66672223691,34,2093.012675362011,387.20000000000005,83,-5,0,-23.216005635651527,4,-90.5400762153688
1.0,0.25,wec,Le Mans 24 2026,track_position,HYPERCAR,5,654215,HYPERCAR-12,7,7,356,86342.28399240592,29,1892.0908462132877,398.40000000000003,86,-2,0,15.166724195340066,-1,110.38175293335462
1.0,0.25,wec,Le Mans 24 2026,splash_and_dash,HYPERCAR,5,654215,HYPERCAR-12,5,5,356,86357.45071660126,30,2002.4725991466423,348.8,83,0,0,0.0,0,0.0
1.0,0.25,wec,Le Mans 24 2026,lap_down,HYPERCAR,5,654215,HYPERCAR-12,5,5,356,86357.45071660126,30,2002.4725991466423,348.8,83,0,0,0.0,0,0.0
1.0,0.25,wec,Le Mans 24 2026,agent,HYPERCAR,5,654215,HYPERCAR-12,16,16,354,86220.070851951,122,3215.5557784675734,331.20000000000005,87,-11,-2,137.37986465026916,92,-1213.083179320931
1.0,0.25,wec,Le Mans 24 2026,fuel_window,HYPERCAR,5,541577,HYPERCAR-05,9,9,378,86251.91485210034,35,2347.3377428690305,497.6,40,0,0,0.0,0,0.0
1.0,0.25,wec,Le Mans 24 2026,caution_gambler,HYPERCAR,5,541577,HYPERCAR-05,8,8,378,86235.42382526227,38,2408.2578382175907,473.6,40,1,0,16.49102683806268,3,-60.92009534856015
1.0,0.25,wec,Le Mans 24 2026,track_position,HYPERCAR,5,541577,HYPERCAR-05,2,2,378,86223.23247241999,33,2204.6737315130154,438.40000000000003,40,7,0,28.682379680351005,-2,142.66401135601518
1.0,0.25,wec,Le Mans 24 2026,splash_and_dash,HYPERCAR,5,541577,HYPERCAR-05,8,8,378,86227.21091653321,35,2313.064738889717,497.6,40,1,0,24.70393556712952,0,34.27300397931367
1.0,0.25,wec,Le Mans 24 2026,lap_down,HYPERCAR,5,541577,HYPERCAR-05,9,9,378,86251.91485210034,35,2347.3377428690305,497.6,40,0,0,0.0,0,0.0
1.0,0.25,wec,Le Mans 24 2026,agent,HYPERCAR,5,541577,HYPERCAR-05,18,18,375,86213.84832888287,123,3585.831887640963,396.8,41,-9,-3,38.066523217465146,88,-1238.4941447719325
1.0,0.25,wec,Le Mans 24 2026,fuel_window,HYPERCAR,5,436123,HYPERCAR-13,7,7,385,86208.61319891477,36,2425.091139052715,556.0,28,0,0,0.0,0,0.0
1.0,0.25,wec,Le Mans 24 2026,caution_gambler,HYPERCAR,5,436123,HYPERCAR-13,7,7,385,86197.2517362026,36,2423.354604288218,565.6,28,0,0,11.361462712171488,0,1.7365347644968097
1.0,0.25,wec,Le Mans 24 2026,track_position,HYPERCAR,5,436123,HYPERCAR-13,3,3,386,86300.84839308125,36,2483.939007845488,519.2,27,4,1,-92.23519416648196,0,-58.84786879277317
1.0,0.25,wec,Le Mans 24 2026,splash_and_dash,HYPERCAR,5,436123,HYPERCAR-13,6,6,385,86188.21847133241,36,2392.6814059360427,571.2,28,1,0,20.394727582359337,0,32.409733116672214
1.0,0.25,wec,Le Mans 24 2026,lap_down,HYPERCAR,5,436123,HYPERCAR-13,7,7,385,86208.61319891477,36,2425.091139052715,556.0,28,0,0,0.0,0,0.0
1.0,0.25,wec,Le Mans 24 2026,agent,HYPERCAR,5,436123,HYPERCAR-13,18,18,383,86362.98329221056,115,3532.0798408370497,479.20000000000005,28,-11,-2,-154.37009329578723,79,-1106.9887017843348
1.0,0.25,wec,Le Mans 24 2026,fuel_window,HYPERCAR,5,359372,HYPERCAR-16,3,3,378,86293.97896998496,36,2516.041298822388,455.20000000000005,40,0,0,0.0,0,0.0
1.0,0.25,wec,Le Mans 24 2026,caution_gambler,HYPERCAR,5,359372,HYPERCAR-16,2,2,378,86227.25388168104,37,2493.0873163033416,451.20000000000005,40,1,0,66.72508830392326,1,22.95398251904635
1.0,0.25,wec,Le Mans 24 2026,track_position,HYPERCAR,5,359372,HYPERCAR-16,4,4,378,86451.14901553825,35,2482.6815261541237,401.6,42,-1,0,-157.17004555328458,-1,33.35977266826421
1.0,0.25,wec,Le Mans 24 2026,splash_and_dash,HYPERCAR,5,359372,HYPERCAR-16,3,3,378,86279.70660505288,37,2506.9078166299364,453.6,40,0,0,14.272364932083292,1,9.133482192451538
1.0,0.25,wec,Le Mans 24 2026,lap_down,HYPERCAR,5,359372,HYPERCAR-16,3,3,378,86293.97896998496,36,2516.041298822388,455.20000000000005,40,0,0,0.0,0,0.0
1.0,0.25,wec,Le Mans 24 2026,agent,HYPERCAR,5,359372,HYPERCAR-16,18,18,374,86297.75501834702,118,3487.919766783961,368.0,40,-15,-4,-3.7760483620513696,82,-971.8784679615733
1.0,0.25,wec,Le Mans 24 2026,fuel_window,HYPERCAR,5,340792,HYPERCAR-04,4,4,380,86206.42821775371,34,2443.9684218536786,428.00000000000006,39,0,0,0.0,0,0.0
1.0,0.25,wec,Le Mans 24 2026,caution_gambler,HYPERCAR,5,340792,HYPERCAR-04,2,2,380,86188.70309219687,35,2444.923014109791,443.20000000000005,38,2,0,17.725125556840794,1,-0.9545922561123916
1.0,0.25,wec,Le Mans 24 2026,track_position,HYPERCAR,5,340792,HYPERCAR-04,4,4,380,86206.39604609244,34,2443.9684218536786,428.00000000000006,39,0,0,0.03217166126705706,0,0.0
1.0,0.25,wec,Le Mans 24 2026,splash_and_dash,HYPERCAR,5,340792,HYPERCAR-04,4,4,380,86177.55442416485,34,2413.8335110044786,432.8,39,0,0,28.87379358886392,0,30.13491084919997
1.0,0.25,wec,Le Mans 24 2026,lap_down,HYPERCAR,5,340792,HYPERCAR-04,4,4,380,86206.42821775371,34,2443.9684218536786,428.00000000000006,39,0,0,0.0,0,0.0
1.0,0.25,wec,Le Mans 24 2026,agent,HYPERCAR,5,340792,HYPERCAR-04,18,18,376,86348.63967993295,113,3403.534695809274,438.40000000000003,39,-14,-4,-142.21146217924252,79,-959.5662739555955
1.0,0.25,wec,Le Mans 24 2026,fuel_window,HYPERCAR,5,594289,HYPERCAR-08,4,4,385,86279.54958551472,36,2522.0033433147023,491.20000000000005,32,0,0,0.0,0,0.0
1.0,0.25,wec,Le Mans 24 2026,caution_gambler,HYPERCAR,5,594289,HYPERCAR-08,4,4,384,86238.49803545768,37,2519.6087686753667,463.20000000000005,31,0,-1,41.05155005703273,1,2.3945746393355876
1.0,0.25,wec,Le Mans 24 2026,track_position,HYPERCAR,5,594289,HYPERCAR-08,1,1,385,86238.28452547129,35,2466.284393117997,457.6,32,3,0,41.26506004342809,-1,55.718950196705464
1.0,0.25,wec,Le Mans 24 2026,splash_and_dash,HYPERCAR,5,594289,HYPERCAR-08,1,1,385,86215.46362168468,36,2462.7651086361966,476.8,32,3,0,64.08596383003169,0,59.238234678505705
1.0,0.25,wec,Le Mans 24 2026,lap_down,HYPERCAR,5,594289,HYPERCAR-08,4,4,385,86279.54958551472,36,2522.0033433147023,491.20000000000005,32,0,0,0.0,0,0.0
1.0,0.25,wec,Le Mans 24 2026,agent,HYPERCAR,5,594289,HYPERCAR-08,17,17,382,86243.39599930597,99,3071.8854100065087,492.8,33,-13,-3,36.15358620874758,63,-549.8820666918064
1.0,0.25,wec,Le Mans 24 2026,fuel_window,HYPERCAR,5,237316,HYPERCAR-15,5,5,389,86208.29568369171,37,2698.879846483318,566.4000000000001,21,0,0,0.0,0,0.0
1.0,0.25,wec,Le Mans 24 2026,caution_gambler,HYPERCAR,5,237316,HYPERCAR-15,6,6,389,86200.34505734876,37,2707.478781051726,566.4000000000001,20,-1,0,7.950626342950272,0,-8.598934568407913
1.0,0.25,wec,Le Mans 24 2026,track_position,HYPERCAR,5,237316,HYPERCAR-15,5,5,389,86208.29568369171,37,2698.879846483318,566.4000000000001,21,0,0,0.0,0,0.0
1.0,0.25,wec,Le Mans 24 2026,splash_and_dash,HYPERCAR,5,237316,HYPERCAR-15,5,5,389,86175.58859118063,38,2668.977377033218,573.6,21,0,0,32.707092511089286,1,29.902469450099943
1.0,0.25,wec,Le Mans 24 2026,lap_down,HYPERCAR,5,237316,HYPERCAR-15,5,5,389,86208.29568369171,37,2698.879846483318,566.4000000000001,21,0,0,0.0,0,0.0
1.0,0.25,wec,Le Mans 24 2026,agent,HYPERCAR,5,237316,HYPERCAR-15,14,14,387,86275.03860528287,103,3404.526706530706,460.8,21,-9,-2,-66.7429215911543,66,-705.6468600473881
1.0,0.25,wec,Le Mans 24 2026,fuel_window,HYPERCAR,5,936516,HYPERCAR-03,5,5,389,86180.71944262601,38,2655.878812306337,604.0,17,0,0,0.0,0,0.0
1.0,0.25,wec,Le Mans 24 2026,caution_gambler,HYPERCAR,5,936516,HYPERCAR-03,5,5,389,86180.71944262601,38,2655.878812306337,604.0,17,0,0,0.0,0,0.0
1.0,0.25,wec,Le Mans 24 2026,track_position,HYPERCAR,5,936516,HYPERCAR-03,4,4,389,86221.30438131155,38,2654.339002306337,592.8000000000001,18,1,0,-40.58493868554069,0,1.5398099999997612
1.0,0.25,wec,Le Mans 24 2026,splash_and_dash,HYPERCAR,5,936516,HYPERCAR-03,5,5,389,86155.83377290683,39,2653.478356757735,616.8000000000001,17,0,0,24.88566971918044,1,2.4004555486017125
1.0,0.25,wec,Le Mans 24 2026,lap_down,HYPERCAR,5,936516,HYPERCAR-03,5,5,389,86180.71944262601,38,2655.878812306337,604.0,17,0,0,0.0,0,0.0
1.0,0.25,wec,Le Mans 24 2026,agent,HYPERCAR,5,936516,HYPERCAR-03,18,18,386,86214.50796844548,104,3411.9271236383165,522.4000000000001,18,-13,-3,-33.78852581947285,66,-756.0483113319797
1.0,0.25,wec,Le Mans 24 2026,fuel_window,HYPERCAR,5,764388,HYPERCAR-06,4,4,393,86177.6420976315,38,2690.9165617940303,544.8000000000001,11,0,0,0.0,0,0.0
1.0,0.25,wec,Le Mans 24 2026,caution_gambler,HYPERCAR,5,764388,HYPERCAR-06,4,4,393,86177.6420976315,38,2690.9165617940303,544.8000000000001,11,0,0,0.0,0,0.0
1.0,0.25,wec,Le Mans 24 2026,track_position,HYPERCAR,5,764388,HYPERCAR-06,9,9,393,86284.32641571047,37,2648.620138793036,578.4000000000001,12,-5,0,-106.68431807897286,-1,42.29642300099431
1.0,0.25,wec,Le Mans 24 2026,splash_and_dash,HYPERCAR,5,764388,HYPERCAR-06,3,3,394,86356.66508694737,39,2669.2596258712224,540.0,11,1,1,-179.02298931586847,1,21.65693592280786
1.0,0.25,wec,Le Mans 24 2026,lap_down,HYPERCAR,5,764388,HYPERCAR-06,3,3,393,86194.14517171924,38,2693.4829117940303,569.6,11,1,0,-16.50307408774097,0,-2.5663500000000568
1.0,0.25,wec,Le Mans 24 2026,agent,HYPERCAR,5,764388,HYPERCAR-06,18,18,390,86284.31289728543,113,3470.3103951888415,512.0,12,-14,-3,-106.6707996539335,75,-779.3938333948113
1.0,0.25,wec,Le Mans 24 2026,fuel_window,HYPERCAR,5,146757,HYPERCAR-03,8,8,389,86282.71450908175,36,2579.962840855559,508.8,20,0,0,0.0,0,0.0
1.0,0.25,wec,Le Mans 24 2026,caution_gambler,HYPERCAR,5,146757,HYPERCAR-03,7,7,389,86293.978523351,38,2681.909906359389,468.00000000000006,19,1,0,-11.264014269254403,2,-101.94706550382989
1.0,0.25,wec,Le Mans 24 2026,track_position,HYPERCAR,5,146757,HYPERCAR-03,8,8,389,86282.71450908175,36,2579.962840855559,508.8,20,0,0,0.0,0,0.0
1.0,0.25,wec,Le Mans 24 2026,splash_and_dash,HYPERCAR,5,146757,HYPERCAR-03,7,7,389,86253.07216646735,37,2554.659380980805,508.00000000000006,20,1,0,29.642342614402878,1,25.303459874754026
1.0,0.25,wec,Le Mans 24 2026,lap_down,HYPERCAR,5,146757,HYPERCAR-03,8,8,389,86282.71450908175,36,2579.962840855559,508.8,20,0,0,0.0,0,0.0
1.0,0.25,wec,Le Mans 24 2026,agent,HYPERCAR,5,146757,HYPERCAR-03,16,16,386,86224.5876063354,118,3572.404331709727,492.8,20,-8,-3,58.12690274635679,82,-992.441490854168
1.0,0.25,wec,Le Mans 24 2026,fuel_window,HYPERCAR,5,218235,HYPERCAR-14,8,8,396,86306.2919127429,38,2915.439966475227,540.8000000000001,5,0,0,0.0,0,0.0
1.0,0.25,wec,Le Mans 24 2026,caution_gambler,HYPERCAR,5,218235,HYPERCAR-14,8,8,396,86306.2919127429,38,2915.439966475227,540.8000000000001,5,0,0,0.0,0,0.0
1.0,0.25,wec,Le Mans 24 2026,track_position,HYPERCAR,5,218235,HYPERCAR-14,8,8,396,86305.23453945278,38,2915.439966475227,540.0,5,0,0,1.057373290124815,0,0.0
1.0,0.25,wec,Le Mans 24 2026,splash_and_dash,HYPERCAR,5,218235,HYPERCAR-14,7,7,396,86280.12347537538,39,2893.7026352993935,539.2,5,1,0,26.16843736752344,1,21.737331175833333
1.0,0.25,wec,Le Mans 24 2026,lap_down,HYPERCAR,5,218235,HYPERCAR-14,8,8,396,86306.2919127429,38,2915.439966475227,540.8000000000001,5,0,0,0.0,0,0.0
1.0,0.25,wec,Le Mans 24 2026,agent,HYPERCAR,5,218235,HYPERCAR-14,18,18,392,86309.65635124124,98,3664.677736364789,524.8000000000001,5,-10,-4,-3.3644384983344935,60,-749.2377698895621
1.0,0.25,wec,Le Mans 24 2026,fuel_window,HYPERCAR,5,665085,HYPERCAR-13,5,5,385,86179.38420771644,36,2546.9316452504763,548.0,24,0,0,0.0,0,0.0
1.0,0.25,wec,Le Mans 24 2026,caution_gambler,HYPERCAR,5,665085,HYPERCAR-13,3,3,386,86345.83699645054,38,2580.3000299455584,541.6,26,2,1,-166.45278873409552,2,-33.36838469508211
1.0,0.25,wec,Le Mans 24 2026,track_position,HYPERCAR,5,665085,HYPERCAR-13,10,10,385,86293.04644601411,36,2510.256836828106,458.40000000000003,26,-5,0,-113.66223829766386,0,36.67480842237046
1.0,0.25,wec,Le Mans 24 2026,splash_and_dash,HYPERCAR,5,665085,HYPERCAR-13,5,5,386,86362.35852938682,37,2518.067628685845,554.4000000000001,24,0,1,-182.97432167037914,1,28.86401656463113
1.0,0.25,wec,Le Mans 24 2026,lap_down,HYPERCAR,5,665085,HYPERCAR-13,5,5,385,86179.38420771644,36,2546.9316452504763,548.0,24,0,0,0.0,0,0.0
1.0,0.25,wec,Le Mans 24 2026,agent,HYPERCAR,5,665085,HYPERCAR-13,18,18,382,86233.94894074542,111,3600.1720521407287,418.40000000000003,26,-13,-3,-54.56473302897939,75,-1053.2404068902524
1.0,0.25,wec,Le Mans 24 2026,fuel_window,HYPERCAR,5,729373,HYPERCAR-07,3,3,381,86205.20593794175,35,2579.309668215927,479.20000000000005,36,0,0,0.0,0,0.0
1.0,0.25,wec,Le Mans 24 2026,caution_gambler,HYPERCAR,5,729373,HYPERCAR-07,1,1,382,86354.4852355715,35,2547.463277114068,484.00000000000006,36,2,1,-149.27929762974964,0,31.8463911018589
1.0,0.25,wec,Le Mans 24 2026,track_position,HYPERCAR,5,729373,HYPERCAR-07,9,9,380,86243.30031281181,35,2580.8494782159273,578.4000000000001,37,-6,-1,-38.09437487006653,0,-1.539810000000216
1.0,0.25,wec,Le Mans 24 2026,splash_and_dash,HYPERCAR,5,729373,HYPERCAR-07,2,2,381,86162.15474447672,36,2556.789542093234,477.6,36,1,0,43.05119346502761,1,22.520126122693
1.0,0.25,wec,Le Mans 24 2026,lap_down,HYPERCAR,5,729373,HYPERCAR-07,10,10,380,86242.15189275182,35,2579.309668215927,513.6,36,-7,-1,-36.94595481007127,0,0.0
1.0,0.25,wec,Le Mans 24 2026,agent,HYPERCAR,5,729373,HYPERCAR-07,18,18,379,86254.92997984009,109,3574.0969641679685,416.8,40,-15,-2,-49.724041898341966,74,-994.7872959520414
1.0,0.25,wec,Le Mans 24 2026,fuel_window,HYPERCAR,5,886406,HYPERCAR-18,7,7,385,86207.38179933057,35,2415.2209447842547,504.00000000000006,29,0,0,0.0,0,0.0
1.0,0.25,wec,Le Mans 24 2026,caution_gambler,HYPERCAR,5,886406,HYPERCAR-18,6,6,385,86211.762743069,36,2430.6618106079504,536.8000000000001,29,1,0,-4.380943738433416,1,-15.44086582369573
1.0,0.25,wec,Le Mans 24 2026,track_position,HYPERCAR,5,886406,HYPERCAR-18,6,6,385,86201.75204907852,35,2415.0156367842546,512.8000000000001,29,1,0,5.629750252046506,0,0.2053080000000591
1.0,0.25,wec,Le Mans 24 2026,splash_and_dash,HYPERCAR,5,886406,HYPERCAR-18,6,6,385,86177.64104608439,35,2385.0190742777177,508.00000000000006,29,1,0,29.740753246180248,0,30.201870506537034
1.0,0.25,wec,Le Mans 24 2026,lap_down,HYPERCAR,5,886406,HYPERCAR-18,7,7,385,86207.38179933057,35,2415.2209447842547,504.00000000000006,29,0,0,0.0,0,0.0
1.0,0.25,wec,Le Mans 24 2026,agent,HYPERCAR,5,886406,HYPERCAR-18,18,18,383,86350.9636353203,119,3501.891817856901,479.20000000000005,30,-11,-2,-143.5818359897239,84,-1086.6708730726464
1.0,0.25,wec,Le Mans 24 2026,fuel_window,HYPERCAR,5,266896,HYPERCAR-15,5,5,375,86346.00118521374,35,2306.6988812187683,518.4000000000001,50,0,0,0.0,0,0.0
1.0,0.25,wec,Le Mans 24 2026,caution_gambler,HYPERCAR,5,266896,HYPERCAR-15,4,4,374,86186.95275553223,37,2407.9857889998584,485.6,49,1,-1,159.04842968151206,2,-101.28690778109012
1.0,0.25,wec,Le Mans 24 2026,track_position,HYPERCAR,5,266896,HYPERCAR-15,8,8,374,86248.06617787972,34,2298.160867857033,555.2,50,-3,-1,97.93500733401743,-1,8.538013361735466
1.0,0.25,wec,Le Mans 24 2026,splash_and_dash,HYPERCAR,5,266896,HYPERCAR-15,5,5,375,86331.24707185733,36,2297.5297623280194,516.0,50,0,0,14.754113356408197,1,9.169118890748905
1.0,0.25,wec,Le Mans 24 2026,lap_down,HYPERCAR,5,266896,HYPERCAR-15,5,5,375,86309.11772028578,35,2307.1094972187684,512.0,51,0,0,36.88346492795972,0,-0.4106160000001182
1.0,0.25,wec,Le Mans 24 2026,agent,HYPERCAR,5,266896,HYPERCAR-15,18,18,371,86253.44867567957,128,3454.0719058669424,398.40000000000003,51,-13,-4,92.55250953417271,93,-1147.3730246481741
1.0,0.25,wec,Le Mans 24 2026,fuel_window,HYPERCAR,5,967217,HYPERCAR-18,10,10,384,86259.7313110407,36,2684.861629095429,586.4000000000001,34,0,0,0.0,0,0.0
1.0,0.25,wec,Le Mans 24 2026,caution_gambler,HYPERCAR,5,967217,HYPERCAR-18,12,12,383,86197.17935455233,36,2688.967789095429,537.6,33,-2,-1,62.551956488372525,0,-4.106159999999818
1.0,0.25,wec,Le Mans 24 2026,track_position,HYPERCAR,5,967217,HYPERCAR-18,11,11,384,86273.21954537206,36,2682.7058950954292,589.6,33,-1,0,-13.488234331365675,0,2.1557339999999385
1.0,0.25,wec,Le Mans 24 2026,splash_and_dash,HYPERCAR,5,967217,HYPERCAR-18,7,7,384,86230.16478874705,36,2654.190556316073,590.4000000000001,34,3,0,29.56652229365136,0,30.67107277935611
1.0,0.25,wec,Le Mans 24 2026,lap_down,HYPERCAR,5,967217,HYPERCAR-18,9,9,384,86324.95269116446,36,2681.4740470954293,556.0,34,1,0,-65.22138012376672,0,3.3875819999998384
1.0,0.25,wec,Le Mans 24 2026,agent,HYPERCAR,5,967217,HYPERCAR-18,16,16,383,86301.65647336807,107,3555.8908719405626,440.8,33,-6,-1,-41.92516232737398,71,-871.0292428451335
1.0,0.25,wec,Le Mans 24 2026,fuel_window,HYPERCAR,5,694703,HYPERCAR-05,8,8,395,86215.98166557305,39,2939.038464361054,556.8000000000001,7,0,0,0.0,0,0.0
1.0,0.25,wec,Le Mans 24 2026,caution_gambler,HYPERCAR,5,694703,HYPERCAR-05,8,8,395,86215.98166557305,39,2939.038464361054,556.8000000000001,7,0,0,0.0,0,0.0
1.0,0.25,wec,Le Mans 24 2026,track_position,HYPERCAR,5,694703,HYPERCAR-05,8,8,395,86217.8664924792,39,2939.038464361054,556.8000000000001,7,0,0,-1.884826906141825,0,0.0
1.0,0.25,wec,Le Mans 24 2026,splash_and_dash,HYPERCAR,5,694703,HYPERCAR-05,8,8,395,86215.6904986906,39,2905.4866815408104,556.8000000000001,6,0,0,0.2911668824526714,0,33.551782820243716
1.0,0.25,wec,Le Mans 24 2026,lap_down,HYPERCAR,5,694703,HYPERCAR-05,8,8,395,86215.98166557305,39,2939.038464361054,556.8000000000001,7,0,0,0.0,0,0.0
1.0,0.25,wec,Le Mans 24 2026,agent,HYPERCAR,5,694703,HYPERCAR-05,13,13,394,86231.2158649013,98,3447.915501853394,495.20000000000005,7,-5,-1,-15.234199328246177,59,-508.8770374923397
1.0,0.25,wec,Le Mans 24 2026,fuel_window,HYPERCAR,5,492801,HYPERCAR-12,5,5,388,86382.78061443311,37,2687.4480017650844,499.20000000000005,23,0,0,0.0,0,0.0
1.0,0.25,wec,Le Mans 24 2026,caution_gambler,HYPERCAR,5,492801,HYPERCAR-12,9,9,387,86260.76898449501,37,2663.4230079261893,491.20000000000005,24,-4,-1,122.0116299381043,0,24.02499383889517
1.0,0.25,wec,Le Mans 24 2026,track_position,HYPERCAR,5,492801,HYPERCAR-12,7,7,388,86325.26583950093,35,2569.438434402393,513.6,25,-2,0,57.514774932176806,-2,118.00956736269154
1.0,0.25,wec,Le Mans 24 2026,splash_and_dash,HYPERCAR,5,492801,HYPERCAR-12,5,5,388,86375.08938845467,38,2682.2940454951895,498.40000000000003,23,0,0,7.691225978443981,1,5.153956269894934
1.0,0.25,wec,Le Mans 24 2026,lap_down,HYPERCAR,5,492801,HYPERCAR-12,5,5,388,86382.78061443311,37,2687.4480017650844,499.20000000000005,23,0,0,0.0,0,0.0
1.0,0.25,wec,Le Mans 24 2026,agent,HYPERCAR,5,492801,HYPERCAR-12,18,18,385,86269.08887268472,113,3609.2726335003385,380.8,24,-13,-3,113.69174174839281,76,-921.8246317352541
1.0,0.25,wec,Le Mans 24 2026,fuel_window,HYPERCAR,5,228824,HYPERCAR-06,8,8,389,86223.62008828587,38,2658.7802776994986,559.2,18,0,0,0.0,0,0.0
1.0,0.25,wec,Le Mans 24 2026,caution_gambler,HYPERCAR,5,228824,HYPERCAR-06,9,9,389,86278.52618367,39,2678.481455806591,609.6,18,-1,0,-54.906095384125365,1,-19.701178107092346
1.0,0.25,wec,Le Mans 24 2026,track_position,HYPERCAR,5,228824,HYPERCAR-06,3,3,390,86299.56856944821,37,2615.5129693536514,617.6,18,5,1,-75.94848116234061,-1,43.26730834584714
1.0,0.25,wec,Le Mans 24 2026,splash_and_dash,HYPERCAR,5,228824,HYPERCAR-06,6,6,389,86193.07455601929,38,2625.81973989862,564.8000000000001,18,2,0,30.545532266580267,0,32.96053780087868
1.0,0.25,wec,Le Mans 24 2026,lap_down,HYPERCAR,5,228824,HYPERCAR-06,3,3,390,86216.61340782027,37,2586.8830505772266,549.6,18,5,1,7.0066804655944,-1,71.89722712227194
1.0,0.25,wec,Le Mans 24 2026,agent,HYPERCAR,5,228824,HYPERCAR-06,18,18,386,86205.76177490466,126,3671.6440805425004,524.0,17,-10,-3,17.858313381206244,88,-1012.8638028430018
1.0,0.25,wec,Le Mans 24 2026,fuel_window,HYPERCAR,5,472690,HYPERCAR-18,15,15,382,86376.67279156149,36,2581.713331473385,572.8000000000001,33,0,0,0.0,0,0.0
1.0,0.25,wec,Le Mans 24 2026,caution_gambler,HYPERCAR,5,472690,HYPERCAR-18,3,3,383,86347.55029296681,37,2580.687673021418,449.6,31,12,1,29.122498594675562,1,1.0256584519670469
1.0,0.25,wec,Le Mans 24 2026,track_position,HYPERCAR,5,472690,HYPERCAR-18,15,15,382,86375.51165862137,36,2586.8460314733848,570.4000000000001,33,0,0,1.1611329401202966,0,-5.132699999999659
1.0,0.25,wec,Le Mans 24 2026,splash_and_dash,HYPERCAR,5,472690,HYPERCAR-18,14,14,382,86358.43285197526,37,2568.4106615957025,569.6,33,1,0,18.23993958623032,1,13.302669877682547
1.0,0.25,wec,Le Mans 24 2026,lap_down,HYPERCAR,5,472690,HYPERCAR-18,15,15,382,86375.51165862137,36,2586.8460314733848,570.4000000000001,33,0,0,1.1611329401202966,0,-5.132699999999659
1.0,0.25,wec,Le Mans 24 2026,agent,HYPERCAR,5,472690,HYPERCAR-18,18,18,381,86351.71509882632,112,3471.3040130753266,451.20000000000005,34,-3,-1,24.957692735173623,76,-889.5906816019415
1.0,0.25,wec,Le Mans 24 2026,fuel_window,HYPERCAR,5,792194,HYPERCAR-04,7,7,391,86182.23099738547,37,2726.7970116222823,573.6,20,0,0,0.0,0,0.0
1.0,0.25,wec,Le Mans 24 2026,caution_gambler,HYPERCAR,5,792194,HYPERCAR-04,7,7,391,86182.23099738547,37,2726.7970116222823,573.6,20,0,0,0.0,0,0.0
1.0,0.25,wec,Le Mans 24 2026,track_position,HYPERCAR,5,792194,HYPERCAR-04,7,7,391,86200.46868082767,37,2727.823551622282,517.6,19,0,0,-18.23768344220298,0,-1.0265399999998408
1.0,0.25,wec,Le Mans 24 2026,splash_and_dash,HYPERCAR,5,792194,HYPERCAR-04,6,6,392,86361.89772536536,38,2701.205208215987,572.8000000000001,20,1,1,-179.66672797988576,1,25.591803406295185
1.0,0.25,wec,Le Mans 24 2026,lap_down,HYPERCAR,5,792194,HYPERCAR-04,7,7,391,86182.23099738547,37,2726.7970116222823,573.6,20,0,0,0.0,0,0.0
1.0,0.25,wec,Le Mans 24 2026,agent,HYPERCAR,5,792194,HYPERCAR-04,16,16,389,86289.88269668909,99,3461.438829202098,535.2,18,-9,-2,-107.65169930362026,62,-734.6418175798158
1.0,0.25,wec,Le Mans 24 2026,fuel_window,HYPERCAR,5,311473,HYPERCAR-16,8,8,397,86219.28640938547,39,2903.825863221729,568.0,2,0,0,0.0,0,0.0
1.0,0.25,wec,Le Mans 24 2026,caution_gambler,HYPERCAR,5,311473,HYPERCAR-16,8,8,397,86219.28640938547,39,2903.825863221729,568.0,2,0,0,0.0,0,0.0
1.0,0.25,wec,Le Mans 24 2026,track_position,HYPERCAR,5,311473,HYPERCAR-16,9,9,397,86269.60889440902,39,2906.392213221729,610.4000000000001,2,-1,0,-50.32248502354196,0,-2.5663500000000568
1.0,0.25,wec,Le Mans 24 2026,splash_and_dash,HYPERCAR,5,311473,HYPERCAR-16,5,5,397,86190.70757607673,39,2868.4781361047108,577.6,2,3,0,28.578833308740286,0,35.34772711701817
1.0,0.25,wec,Le Mans 24 2026,lap_down,HYPERCAR,5,311473,HYPERCAR-16,8,8,397,86219.28640938547,39,2903.825863221729,568.0,2,0,0,0.0,0,0.0
1.0,0.25,wec,Le Mans 24 2026,agent,HYPERCAR,5,311473,HYPERCAR-16,17,17,395,86300.7995760658,101,3519.92646786944,538.4000000000001,2,-9,-2,-81.51316668032086,62,-616.100604647711
1.0,0.25,wec,Le Mans 24 2026,fuel_window,HYPERCAR,5,576934,HYPERCAR-08,11,11,373,86375.8831320605,34,2369.616677899781,462.40000000000003,51,0,0,0.0,0,0.0
1.0,0.25,wec,Le Mans 24 2026,caution_gambler,HYPERCAR,5,576934,HYPERCAR-08,14,14,372,86223.89910171216,36,2461.1100697838347,431.20000000000005,51,-3,-1,151.9840303483361,2,-91.49339188405384
1.0,0.25,wec,Le Mans 24 2026,track_position,HYPERCAR,5,576934,HYPERCAR-08,13,13,372,86194.63511982487,34,2348.962260424818,465.6,51,-2,-1,181.248012235621,0,20.654417474962884
1.0,0.25,wec,Le Mans 24 2026,splash_and_dash,HYPERCAR,5,576934,HYPERCAR-08,8,8,373,86344.25820314435,35,2347.6689669014027,455.20000000000005,51,3,0,31.624928916149656,1,21.94771099837817
1.0,0.25,wec,Le Mans 24 2026,lap_down,HYPERCAR,5,576934,HYPERCAR-08,11,11,373,86375.8831320605,34,2369.616677899781,462.40000000000003,51,0,0,0.0,0,0.0
1.0,0.25,wec,Le Mans 24 2026,agent,HYPERCAR,5,576934,HYPERCAR-08,18,18,370,86191.59026794217,117,3240.4679184757556,432.8,53,-7,-3,184.29286411832436,83,-870.8512405759748
1.0,0.25,wec,Le Mans 24 2026,fuel_window,HYPERCAR,5,547095,HYPERCAR-15,5,5,378,86222.87845027716,34,2471.0579867047486,468.00000000000006,39,0,0,0.0,0,0.0
1.0,0.25,wec,Le Mans 24 2026,caution_gambler,HYPERCAR,5,547095,HYPERCAR-15,6,6,378,86220.5330530352,35,2395.6012052990013,494.40000000000003,39,-1,0,2.345397241966566,1,75.45678140574728
1.0,0.25,wec,Le Mans 24 2026,track_position,HYPERCAR,5,547095,HYPERCAR-15,3,3,379,86285.51777713698,34,2474.6508767047485,392.8,38,2,1,-62.63932685981854,0,-3.5928899999998976
1.0,0.25,wec,Le Mans 24 2026,splash_and_dash,HYPERCAR,5,547095,HYPERCAR-15,5,5,379,86380.36837148236,35,2438.9762213058325,452.8,39,0,1,-157.48992120519688,1,32.081765398916104
1.0,0.25,wec,Le Mans 24 2026,lap_down,HYPERCAR,5,547095,HYPERCAR-15,5,5,378,86222.87845027716,34,2471.0579867047486,468.00000000000006,39,0,0,0.0,0,0.0
1.0,0.25,wec,Le Mans 24 2026,agent,HYPERCAR,5,547095,HYPERCAR-15,18,18,375,86176.92913856466,112,3397.9126611121023,425.6,39,-13,-3,45.94931171249482,78,-926.8546744073537
1.0,0.25,wec,Le Mans 24 2026,fuel_window,HYPERCAR,5,432349,HYPERCAR-18,2,2,377,86208.70505166682,35,2393.4718761596814,540.8000000000001,43,0,0,0.0,0,0.0
1.0,0.25,wec,Le Mans 24 2026,caution_gambler,HYPERCAR,5,432349,HYPERCAR-18,2,2,377,86182.01939077917,37,2375.862941375605,544.8000000000001,42,0,0,26.685660887655104,2,17.60893478407661
1.0,0.25,wec,Le Mans 24 2026,track_position,HYPERCAR,5,432349,HYPERCAR-18,3,3,377,86214.54957732807,35,2366.352502485974,539.2,42,-1,0,-5.844525661246735,0,27.119373673707287
1.0,0.25,wec,Le Mans 24 2026,splash_and_dash,HYPERCAR,5,432349,HYPERCAR-18,2,2,377,86165.40058085424,36,2378.3002349405315,531.2,43,0,0,43.30447081258171,1,15.171641219149933
1.0,0.25,wec,Le Mans 24 2026,lap_down,HYPERCAR,5,432349,HYPERCAR-18,2,2,377,86208.70505166682,35,2393.4718761596814,540.8000000000001,43,0,0,0.0,0,0.0
1.0,0.25,wec,Le Mans 24 2026,agent,HYPERCAR,5,432349,HYPERCAR-18,18,18,375,86351.51122919847,139,3734.3884739471646,381.6,45,-16,-2,-142.80617753164552,104,-1340.9165977874832
1.0,0.25,wec,Le Mans 24 2026,fuel_window,HYPERCAR,5,315807,HYPERCAR-10,8,8,383,86259.98296656777,36,2582.0461050512554,548.0,29,0,0,0.0,0,0.0
1.0,0.25,wec,Le Mans 24 2026,caution_gambler,HYPERCAR,5,315807,HYPERCAR-10,4,4,384,86265.820690049,37,2622.46433602911,533.6,29,4,1,-5.837723481236026,1,-40.41823097785482
1.0,0.25,wec,Le Mans 24 2026,track_position,HYPERCAR,5,315807,HYPERCAR-10,10,10,383,86268.164746716,36,2581.430181051255,594.4000000000001,29,-2,0,-8.181780148224789,0,0.6159240000001773
1.0,0.25,wec,Le Mans 24 2026,splash_and_dash,HYPERCAR,5,315807,HYPERCAR-10,3,3,383,86227.49770749241,36,2551.4997287155306,549.6,29,5,0,32.485259075358044,0,30.546376335724744
1.0,0.25,wec,Le Mans 24 2026,lap_down,HYPERCAR,5,315807,HYPERCAR-10,8,8,383,86259.98296656777,36,2582.0461050512554,548.0,29,0,0,0.0,0,0.0
1.0,0.25,wec,Le Mans 24 2026,agent,HYPERCAR,5,315807,HYPERCAR-10,18,18,381,86211.6900574174,116,3438.3754230453087,450.40000000000003,30,-10,-2,48.29290915036108,80,-856.3293179940533
1.0,0.25,wec,Le Mans 24 2026,fuel_window,HYPERCAR,5,797125,HYPERCAR-01,10,10,385,86433.71019638109,36,2598.578141362459,489.6,29,0,0,0.0,0,0.0
1.0,0.25,wec,Le Mans 24 2026,caution_gambler,HYPERCAR,5,797125,HYPERCAR-01,11,11,385,86453.3308532933,38,2620.503681460399,484.8,30,-1,0,-19.620656912215054,2,-21.92554009794003
1.0,0.25,wec,Le Mans 24 2026,track_position,HYPERCAR,5,797125,HYPERCAR-01,8,8,385,86418.14256471068,35,2565.8127533513616,500.00000000000006,29,2,0,15.567631670404808,-1,32.76538801109746
1.0,0.25,wec,Le Mans 24 2026,splash_and_dash,HYPERCAR,5,797125,HYPERCAR-01,8,8,385,86414.60765889239,36,2564.3305720106086,498.40000000000003,29,2,0,19.102537488695816,0,34.247569351850416
1.0,0.25,wec,Le Mans 24 2026,lap_down,HYPERCAR,5,797125,HYPERCAR-01,10,10,385,86433.71019638109,36,2598.578141362459,489.6,29,0,0,0.0,0,0.0
1.0,0.25,wec,Le Mans 24 2026,agent,HYPERCAR,5,797125,HYPERCAR-01,18,18,382,86361.74228826679,117,3508.559540940755,474.40000000000003,29,-8,-3,71.96790811429673,81,-909.9813995782961
1.0,0.25,wec,Le Mans 24 2026,fuel_window,HYPERCAR,5,497366,HYPERCAR-08,3,3,379,86236.66360180335,34,2433.838047044463,540.8000000000001,39,0,0,0.0,0,0.0
1.0,0.25,wec,Le Mans 24 2026,caution_gambler,HYPERCAR,5,497366,HYPERCAR-08,2,2,379,86255.41240379648,37,2491.073960114047,536.8000000000001,39,1,0,-18.748801993133384,3,-57.23591306958406
1.0,0.25,wec,Le Mans 24 2026,track_position,HYPERCAR,5,497366,HYPERCAR-08,3,3,379,86257.44253897312,34,2430.861081044463,516.0,39,0,0,-20.77893716977269,0,2.976966000000175
1.0,0.25,wec,Le Mans 24 2026,splash_and_dash,HYPERCAR,5,497366,HYPERCAR-08,1,1,379,86189.73753006678,34,2403.2508580475396,528.0,39,2,0,46.9260717365687,0,30.587188996923487
1.0,0.25,wec,Le Mans 24 2026,lap_down,HYPERCAR,5,497366,HYPERCAR-08,3,3,379,86236.66360180335,34,2433.838047044463,540.8000000000001,39,0,0,0.0,0,0.0
1.0,0.25,wec,Le Mans 24 2026,agent,HYPERCAR,5,497366,HYPERCAR-08,17,17,377,86345.33062279831,121,3663.510928900913,395.20000000000005,39,-14,-2,-108.66702099496615,87,-1229.6728818564497
1.0,0.25,wec,Le Mans 24 2026,fuel_window,HYPERCAR,5,175084,HYPERCAR-08,6,6,384,86335.9411422678,36,2626.9102533136993,458.40000000000003,33,0,0,0.0,0,0.0
1.0,0.25,wec,Le Mans 24 2026,caution_gambler,HYPERCAR,5,175084,HYPERCAR-08,8,8,384,86331.94643482627,39,2714.692357559474,474.40000000000003,32,-2,0,3.9947074415249517,3,-87.78210424577492
1.0,0.25,wec,Le Mans 24 2026,track_position,HYPERCAR,5,175084,HYPERCAR-08,9,9,384,86360.65499603288,35,2592.9800159636584,505.6,33,-3,0,-24.71385376508988,-1,33.9302373500409
1.0,0.25,wec,Le Mans 24 2026,splash_and_dash,HYPERCAR,5,175084,HYPERCAR-08,6,6,384,86303.83493637637,37,2597.373488792102,457.6,33,0,0,32.106205891424906,1,29.536764521597433
1.0,0.25,wec,Le Mans 24 2026,lap_down,HYPERCAR,5,175084,HYPERCAR-08,6,6,384,86335.9411422678,36,2626.9102533136993,458.40000000000003,33,0,0,0.0,0,0.0
1.0,0.25,wec,Le Mans 24 2026,agent,HYPERCAR,5,175084,HYPERCAR-08,18,18,381,86303.84179372039,108,3584.207746628556,506.40000000000003,32,-12,-3,32.09934854740277,72,-957.2974933148566
1.0,0.25,wec,Le Mans 24 2026,fuel_window,HYPERCAR,5,887010,HYPERCAR-03,4,4,380,86211.87426109532,34,2396.2106845014096,466.40000000000003,39,0,0,0.0,0,0.0
1.0,0.25,wec,Le Mans 24 2026,caution_gambler,HYPERCAR,5,887010,HYPERCAR-03,9,9,380,86294.90599784056,35,2335.5920239257794,428.8,41,-5,0,-83.03173674523714,1,60.6186605756302
1.0,0.25,wec,Le Mans 24 2026,track_position,HYPERCAR,5,887010,HYPERCAR-03,9,9,380,86189.96716008353,34,2427.0439266105795,500.00000000000006,41,-5,0,21.907101011791383,0,-30.833242109169987
1.0,0.25,wec,Le Mans 24 2026,splash_and_dash,HYPERCAR,5,887010,HYPERCAR-03,3,3,380,86178.84984411602,34,2365.925150261767,467.20000000000005,39,1,0,33.02441697930044,0,30.285534239642402
1.0,0.25,wec,Le Mans 24 2026,lap_down,HYPERCAR,5,887010,HYPERCAR-03,4,4,380,86211.87426109532,34,2396.2106845014096,466.40000000000003,39,0,0,0.0,0,0.0
1.0,0.25,wec,Le Mans 24 2026,agent,HYPERCAR,5,887010,HYPERCAR-03,18,18,378,86375.19373571048,106,3381.6551826988034,444.8,41,-14,-2,-163.31947461515665,72,-985.4444981973938
1.0,0.25,wec,Le Mans 24 2026,fuel_window,HYPERCAR,5,472274,HYPERCAR-10,3,3,389,86156.95653999469,37,2674.965874124124,569.6,20,0,0,0.0,0,0.0
1.0,0.25,wec,Le Mans 24 2026,caution_gambler,HYPERCAR,5,472274,HYPERCAR-10,2,2,390,86351.25930540918,37,2623.3600502959453,562.4000000000001,20,1,1,-194.30276541449712,0,51.60582382817893
1.0,0.25,wec,Le Mans 24 2026,track_position,HYPERCAR,5,472274,HYPERCAR-10,2,2,390,86361.00794466583,36,2606.2200594949945,563.2,20,1,1,-204.05140467114688,-1,68.74581462912965
1.0,0.25,wec,Le Mans 24 2026,splash_and_dash,HYPERCAR,5,472274,HYPERCAR-10,2,2,390,86350.3996177936,37,2593.41531223045,571.2,20,1,1,-193.44307779891824,0,81.55056189367406
1.0,0.25,wec,Le Mans 24 2026,lap_down,HYPERCAR,5,472274,HYPERCAR-10,3,3,389,86157.68128865358,37,2674.965874124124,568.8000000000001,20,0,0,-0.724748658889439,0,0.0
1.0,0.25,wec,Le Mans 24 2026,agent,HYPERCAR,5,472274,HYPERCAR-10,18,18,388,86344.16357423423,108,3493.79462425611,463.20000000000005,22,-15,-1,-187.20703423954546,71,-818.828750131986
1.0,0.25,wec,Le Mans 24 2026,fuel_window,HYPERCAR,5,80012,HYPERCAR-06,8,8,389,86204.79350778571,37,2547.5226986691437,556.0,20,0,0,0.0,0,0.0
1.0,0.25,wec,Le Mans 24 2026,caution_gambler,HYPERCAR,5,80012,HYPERCAR-06,6,6,390,86349.25573614571,38,2563.4562362042184,512.0,20,2,1,-144.4622283600038,1,-15.93353753507472
1.0,0.25,wec,Le Mans 24 2026,track_position,HYPERCAR,5,80012,HYPERCAR-06,8,8,389,86204.79350778571,37,2547.5226986691437,556.0,20,0,0,0.0,0,0.0
1.0,0.25,wec,Le Mans 24 2026,splash_and_dash,HYPERCAR,5,80012,HYPERCAR-06,7,7,390,86374.84317899706,38,2529.62894431157,537.6,20,1,1,-170.0496712113527,1,17.89375435757347
1.0,0.25,wec,Le Mans 24 2026,lap_down,HYPERCAR,5,80012,HYPERCAR-06,8,8,389,86204.79350778571,37,2547.5226986691437,556.0,20,0,0,0.0,0,0.0
1.0,0.25,wec,Le Mans 24 2026,agent,HYPERCAR,5,80012,HYPERCAR-06,18,18,387,86272.17648635147,111,3268.429831670044,481.6,19,-10,-2,-67.3829785657581,74,-720.9071330009006
1.0,0.25,wec,Le Mans 24 2026,fuel_window,HYPERCAR,5,851148,HYPERCAR-09,10,10,369,86375.53926144207,33,2228.981599627198,437.6,56,0,0,0.0,0,0.0
1.0,0.25,wec,Le Mans 24 2026,caution_gambler,HYPERCAR,5,851148,HYPERCAR-09,4,4,369,86230.12096610144,35,2266.0549648629135,409.6,55,6,0,145.41829534062708,2,-37.0733652357153
1.0,0.25,wec,Le Mans 24 2026,track_position,HYPERCAR,5,851148,HYPERCAR-09,8,8,369,86315.6814444367,33,2228.160367627198,465.6,56,2,0,59.85781700536609,0,0.8212320000002364
1.0,0.25,wec,Le Mans 24 2026,splash_and_dash,HYPERCAR,5,851148,HYPERCAR-09,10,10,369,86375.53926144207,33,2228.981599627198,437.6,56,0,0,0.0,0,0.0
1.0,0.25,wec,Le Mans 24 2026,lap_down,HYPERCAR,5,851148,HYPERCAR-09,10,10,369,86375.53926144207,33,2228.981599627198,437.6,56,0,0,0.0,0,0.0
1.0,0.25,wec,Le Mans 24 2026,agent,HYPERCAR,5,851148,HYPERCAR-09,18,18,368,86224.59533091672,122,3316.344453270405,396.8,62,-8,-1,150.94393052534724,89,-1087.362853643207
1.0,0.25,wec,Le Mans 24 2026,fuel_window,HYPERCAR,5,589879,HYPERCAR-04,10,10,390,86247.07857325654,37,2693.359633951294,565.6,14,0,0,0.0,0,0.0
1.0,0.25,wec,Le Mans 24 2026,caution_gambler,HYPERCAR,5,589879,HYPERCAR-04,10,10,390,86247.07857325654,37,2693.359633951294,565.6,14,0,0,0.0,0,0.0
1.0,0.25,wec,Le Mans 24 2026,track_position,HYPERCAR,5,589879,HYPERCAR-04,9,9,390,86178.06778075246,37,2696.9525239512946,604.0,13,1,0,69.01079250407929,0,-3.5928900000003523
1.0,0.25,wec,Le Mans 24 2026,splash_and_dash,HYPERCAR,5,589879,HYPERCAR-04,10,10,390,86208.55163598155,37,2660.4176911419995,563.2,14,0,0,38.526937274989905,0,32.94194280929469
1.0,0.25,wec,Le Mans 24 2026,lap_down,HYPERCAR,5,589879,HYPERCAR-04,10,10,390,86247.07857325654,37,2693.359633951294,565.6,14,0,0,0.0,0,0.0
1.0,0.25,wec,Le Mans 24 2026,agent,HYPERCAR,5,589879,HYPERCAR-04,16,16,388,86194.57186932706,96,3269.7361932649237,517.6,13,-6,-2,52.506703929480864,59,-576.3765593136295
1.4,0.35,wec,Le Mans 24 2026,fuel_window,HYPERCAR,5,639431,HYPERCAR-03,6,6,390,86258.53211224954,38,2648.8968633565064,523.2,16,0,0,0.0,0,0.0
1.4,0.35,wec,Le Mans 24 2026,caution_gambler,HYPERCAR,5,639431,HYPERCAR-03,6,6,390,86258.53211224954,38,2648.8968633565064,523.2,16,0,0,0.0,0,0.0
1.4,0.35,wec,Le Mans 24 2026,track_position,HYPERCAR,5,639431,HYPERCAR-03,8,8,390,86312.8515541658,38,2649.6667683565065,607.2,16,-2,0,-54.319441916260985,0,-0.769905000000108
1.4,0.35,wec,Le Mans 24 2026,splash_and_dash,HYPERCAR,5,639431,HYPERCAR-03,6,6,390,86226.91317130132,38,2617.2629168739663,526.4000000000001,16,0,0,31.61894094821764,0,31.63394648254007
1.4,0.35,wec,Le Mans 24 2026,lap_down,HYPERCAR,5,639431,HYPERCAR-03,8,8,390,86314.11589748837,38,2649.6667683565065,597.6,16,-2,0,-55.583785238835844,0,-0.769905000000108
1.4,0.35,wec,Le Mans 24 2026,agent,HYPERCAR,5,639431,HYPERCAR-03,18,18,386,86136.84050569109,94,3630.452950526231,474.40000000000003,17,-12,-4,121.6916065584519,56,-981.5560871697244
1.4,0.35,wec,Le Mans 24 2026,fuel_window,HYPERCAR,5,497127,HYPERCAR-17,5,5,395,86339.32525511149,38,2833.588189503233,520.0,7,0,0,0.0,0,0.0
1.4,0.35,wec,Le Mans 24 2026,caution_gambler,HYPERCAR,5,497127,HYPERCAR-17,5,5,395,86339.32525511149,38,2833.588189503233,520.0,7,0,0,0.0,0,0.0
1.4,0.35,wec,Le Mans 24 2026,track_position,HYPERCAR,5,497127,HYPERCAR-17,5,5,395,86350.68841867286,38,2867.324903351214,524.0,7,0,0,-11.363163561371039,0,-33.73671384798081
1.4,0.35,wec,Le Mans 24 2026,splash_and_dash,HYPERCAR,5,497127,HYPERCAR-17,5,5,395,86323.43932801674,38,2800.2935532315114,524.0,7,0,0,15.885927094743238,0,33.29463627172163
1.4,0.35,wec,Le Mans 24 2026,lap_down,HYPERCAR,5,497127,HYPERCAR-17,5,5,395,86339.32525511149,38,2833.588189503233,520.0,7,0,0,0.0,0,0.0
1.4,0.35,wec,Le Mans 24 2026,agent,HYPERCAR,5,497127,HYPERCAR-17,18,18,391,86311.68102309205,93,3763.3567834989794,516.0,8,-13,-4,27.64423201943282,55,-929.7685939957464
1.4,0.35,wec,Le Mans 24 2026,fuel_window,HYPERCAR,5,737684,HYPERCAR-04,4,4,380,86212.07870987596,36,2617.1503610059485,516.0,38,0,0,0.0,0,0.0
1.4,0.35,wec,Le Mans 24 2026,caution_gambler,HYPERCAR,5,737684,HYPERCAR-04,3,3,381,86317.14572558134,36,2546.4243255147076,473.6,35,1,1,-105.0670157053828,0,70.72603549124096
1.4,0.35,wec,Le Mans 24 2026,track_position,HYPERCAR,5,737684,HYPERCAR-04,9,9,379,86108.01641488267,36,2618.6901710059483,497.6,37,-5,-1,104.06229499328765,0,-1.5398099999997612
1.4,0.35,wec,Le Mans 24 2026,splash_and_dash,HYPERCAR,5,737684,HYPERCAR-04,3,3,381,86380.7818099221,37,2580.171771134421,516.0,38,1,1,-168.70310004614294,1,36.978589871527674
1.4,0.35,wec,Le Mans 24 2026,lap_down,HYPERCAR,5,737684,HYPERCAR-04,8,8,380,86296.63422039218,36,2618.6901710059483,494.40000000000003,37,-4,0,-84.55551051622024,0,-1.5398099999997612
1.4,0.35,wec,Le Mans 24 2026,agent,HYPERCAR,5,737684,HYPERCAR-04,18,18,378,86307.3932108275,87,3564.558768988085,496.00000000000006,38,-14,-2,-95.31450095154287,51,-947.4084079821364
1.4,0.35,wec,Le Mans 24 2026,fuel_window,HYPERCAR,5,279327,HYPERCAR-12,4,4,389,86366.28237459944,37,2704.144381928893,521.6,22,0,0,0.0,0,0.0
1.4,0.35,wec,Le Mans 24 2026,caution_gambler,HYPERCAR,5,279327,HYPERCAR-12,3,3,389,86179.75938185213,37,2672.9390708000215,484.8,20,1,0,186.52299274731195,0,31.20531112887147
1.4,0.35,wec,Le Mans 24 2026,track_position,HYPERCAR,5,279327,HYPERCAR-12,5,5,389,86363.23546641998,37,2704.144381928893,508.8,22,-1,0,3.0469081794581143,0,0.0
1.4,0.35,wec,Le Mans 24 2026,splash_and_dash,HYPERCAR,5,279327,HYPERCAR-12,4,4,389,86371.3450459073,38,2716.3920477024344,517.6,22,0,0,-5.0626713078672765,1,-12.247665773541485
1.4,0.35,wec,Le Mans 24 2026,lap_down,HYPERCAR,5,279327,HYPERCAR-12,4,4,389,86366.28237459944,37,2704.144381928893,521.6,22,0,0,0.0,0,0.0
1.4,0.35,wec,Le Mans 24 2026,agent,HYPERCAR,5,279327,HYPERCAR-12,18,18,384,86247.9116403519,99,3769.2543253435165,448.8,21,-14,-5,118.37073424753908,62,-1065.1099434146236
1.4,0.35,wec,Le Mans 24 2026,fuel_window,HYPERCAR,5,22699,HYPERCAR-09,3,3,376,86240.88913852801,35,2442.469429178927,428.8,46,0,0,0.0,0,0.0
1.4,0.35,wec,Le Mans 24 2026,caution_gambler,HYPERCAR,5,22699,HYPERCAR-09,9,9,375,86300.78841841086,36,2521.951359658234,424.8,48,-6,-1,-59.89927988284035,1,-79.48193047930727
1.4,0.35,wec,Le Mans 24 2026,track_position,HYPERCAR,5,22699,HYPERCAR-09,3,3,375,86223.44942336716,35,2471.680302095455,406.40000000000003,45,0,-1,17.439715160857304,0,-29.210872916527933
1.4,0.35,wec,Le Mans 24 2026,splash_and_dash,HYPERCAR,5,22699,HYPERCAR-09,1,1,376,86195.15177392382,35,2400.2709473143696,428.8,46,2,0,45.737364604196046,0,42.19848186455738
1.4,0.35,wec,Le Mans 24 2026,lap_down,HYPERCAR,5,22699,HYPERCAR-09,3,3,376,86240.88913852801,35,2442.469429178927,428.8,46,0,0,0.0,0,0.0
1.4,0.35,wec,Le Mans 24 2026,agent,HYPERCAR,5,22699,HYPERCAR-09,18,18,373,86238.74502050754,111,4086.4926440575077,425.6,49,-15,-3,2.144118020471069,76,-1644.0232148785808
1.4,0.35,wec,Le Mans 24 2026,fuel_window,HYPERCAR,5,604281,HYPERCAR-17,5,5,369,86368.06864288387,34,2261.034186508022,482.40000000000003,58,0,0,0.0,0,0.0
1.4,0.35,wec,Le Mans 24 2026,caution_gambler,HYPERCAR,5,604281,HYPERCAR-17,2,2,369,86288.19202803276,36,2278.9925187813137,537.6,56,3,0,79.87661485110584,2,-17.958332273291944
1.4,0.35,wec,Le Mans 24 2026,track_position,HYPERCAR,5,604281,HYPERCAR-17,3,3,370,86364.78496127794,34,2264.421768508022,409.6,58,2,1,3.2836816059279954,0,-3.387582000000293
1.4,0.35,wec,Le Mans 24 2026,splash_and_dash,HYPERCAR,5,604281,HYPERCAR-17,4,4,369,86357.9129069778,35,2252.354055488614,481.6,58,1,0,10.155735906068003,1,8.680131019407781
1.4,0.35,wec,Le Mans 24 2026,lap_down,HYPERCAR,5,604281,HYPERCAR-17,5,5,369,86368.06864288387,34,2261.034186508022,482.40000000000003,58,0,0,0.0,0,0.0
1.4,0.35,wec,Le Mans 24 2026,agent,HYPERCAR,5,604281,HYPERCAR-17,18,18,368,86199.06747333877,108,3585.140160091833,402.40000000000003,62,-13,-1,169.00116954509576,74,-1324.1059735838112
1.4,0.35,wec,Le Mans 24 2026,fuel_window,HYPERCAR,5,871382,HYPERCAR-17,7,7,390,86357.11695123286,37,2696.260612686176,488.00000000000006,16,0,0,0.0,0,0.0
1.4,0.35,wec,Le Mans 24 2026,caution_gambler,HYPERCAR,5,871382,HYPERCAR-17,10,10,390,86305.55737543778,38,2752.1144403121693,493.6,16,-3,0,51.55957579507958,1,-55.85382762599329
1.4,0.35,wec,Le Mans 24 2026,track_position,HYPERCAR,5,871382,HYPERCAR-17,7,7,390,86361.45325177557,37,2696.260612686176,516.0,16,0,0,-4.336300542709068,0,0.0
1.4,0.35,wec,Le Mans 24 2026,splash_and_dash,HYPERCAR,5,871382,HYPERCAR-17,8,8,390,86369.4758932625,38,2708.3428843596007,490.40000000000003,16,-1,0,-12.358942029633909,1,-12.082271673424657
1.4,0.35,wec,Le Mans 24 2026,lap_down,HYPERCAR,5,871382,HYPERCAR-17,7,7,390,86357.11695123286,37,2696.260612686176,488.00000000000006,16,0,0,0.0,0,0.0
1.4,0.35,wec,Le Mans 24 2026,agent,HYPERCAR,5,871382,HYPERCAR-17,18,18,387,86295.70174421655,95,3645.942892137826,523.2,16,-11,-3,61.41520701631089,58,-949.6822794516502
1.4,0.35,wec,Le Mans 24 2026,fuel_window,HYPERCAR,5,967710,HYPERCAR-18,3,3,392,86333.46713120119,37,2660.627663417979,520.0,16,0,0,0.0,0,0.0
1.4,0.35,wec,Le Mans 24 2026,caution_gambler,HYPERCAR,5,967710,HYPERCAR-18,3,3,392,86333.46713120119,37,2660.627663417979,520.0,16,0,0,0.0,0,0.0
1.4,0.35,wec,Le Mans 24 2026,track_position,HYPERCAR,5,967710,HYPERCAR-18,3,3,392,86333.46713120119,37,2660.627663417979,520.0,16,0,0,0.0,0,0.0
1.4,0.35,wec,Le Mans 24 2026,splash_and_dash,HYPERCAR,5,967710,HYPERCAR-18,3,3,392,86319.23376772975,38,2663.533182686144,506.40000000000003,16,0,0,14.233363471445045,1,-2.9055192681648805
1.4,0.35,wec,Le Mans 24 2026,lap_down,HYPERCAR,5,967710,HYPERCAR-18,3,3,392,86333.46713120119,37,2660.627663417979,520.0,16,0,0,0.0,0,0.0
1.4,0.35,wec,Le Mans 24 2026,agent,HYPERCAR,5,967710,HYPERCAR-18,18,18,387,86295.67481250517,99,3764.548356398173,485.6,17,-15,-5,37.79231869602518,62,-1103.920692980194
1.4,0.35,wec,Le Mans 24 2026,fuel_window,HYPERCAR,5,596591,HYPERCAR-07,13,13,387,86301.49583618158,36,2629.32442237595,529.6,22,0,0,0.0,0,0.0
1.4,0.35,wec,Le Mans 24 2026,caution_gambler,HYPERCAR,5,596591,HYPERCAR-07,9,9,387,86209.15572325389,36,2606.5207788802663,560.8000000000001,22,4,0,92.34011292768992,0,22.803643495683446
1.4,0.35,wec,Le Mans 24 2026,track_position,HYPERCAR,5,596591,HYPERCAR-07,5,5,388,86290.92252313654,36,2713.0784363069447,568.8000000000001,22,8,1,10.573313045038958,0,-83.75401393099492
1.4,0.35,wec,Le Mans 24 2026,splash_and_dash,HYPERCAR,5,596591,HYPERCAR-07,9,9,387,86261.07081182195,36,2589.8688393860953,530.4000000000001,22,4,0,40.425024359632516,0,39.45558298985452
1.4,0.35,wec,Le Mans 24 2026,lap_down,HYPERCAR,5,596591,HYPERCAR-07,13,13,387,86301.49583618158,36,2629.32442237595,529.6,22,0,0,0.0,0,0.0
1.4,0.35,wec,Le Mans 24 2026,agent,HYPERCAR,5,596591,HYPERCAR-07,18,18,385,86363.58473552136,91,3750.8450704237152,469.6,24,-5,-2,-62.088899339782074,55,-1121.5206480477655
1.4,0.35,wec,Le Mans 24 2026,fuel_window,HYPERCAR,5,154210,HYPERCAR-06,12,12,388,86414.75507036199,37,2809.5017526019046,550.4000000000001,23,0,0,0.0,0,0.0
1.4,0.35,wec,Le Mans 24 2026,caution_gambler,HYPERCAR,5,154210,HYPERCAR-06,9,9,388,86486.12044186016,39,2832.101456903457,540.0,23,3,0,-71.36537149816286,2,-22.599704301552265
1.4,0.35,wec,Le Mans 24 2026,track_position,HYPERCAR,5,154210,HYPERCAR-06,11,11,387,86243.69049659718,37,2811.4265151019044,514.4,22,1,-1,171.06457376481558,0,-1.9247624999998152
1.4,0.35,wec,Le Mans 24 2026,splash_and_dash,HYPERCAR,5,154210,HYPERCAR-06,10,10,388,86368.80734747375,37,2782.5550776019045,545.6,23,2,0,45.94772288824606,0,26.94667500000014
1.4,0.35,wec,Le Mans 24 2026,lap_down,HYPERCAR,5,154210,HYPERCAR-06,12,12,388,86414.79968713215,37,2811.4265151019044,548.8000000000001,23,0,0,-0.04461677015933674,0,-1.9247624999998152
1.4,0.35,wec,Le Mans 24 2026,agent,HYPERCAR,5,154210,HYPERCAR-06,18,18,385,86236.08333161275,101,3845.138422800451,412.00000000000006,22,-6,-3,178.671738749239,64,-1035.6366701985462
1.4,0.35,wec,Le Mans 24 2026,fuel_window,HYPERCAR,5,838952,HYPERCAR-15,10,10,387,86187.71546089093,37,2615.014753343402,493.6,21,0,0,0.0,0,0.0
1.4,0.35,wec,Le Mans 24 2026,caution_gambler,HYPERCAR,5,838952,HYPERCAR-15,10,10,388,86382.21217557284,38,2605.6993122690437,512.8000000000001,20,0,1,-194.49671468191082,1,9.315441074358205
1.4,0.35,wec,Le Mans 24 2026,track_position,HYPERCAR,5,838952,HYPERCAR-15,1,1,388,86194.85061772283,37,2617.016506343402,552.0,18,9,1,-7.135156831893255,0,-2.001753000000008
1.4,0.35,wec,Le Mans 24 2026,splash_and_dash,HYPERCAR,5,838952,HYPERCAR-15,10,10,388,86378.43819133243,38,2598.1493810643024,496.8,21,0,1,-190.72273044149915,1,16.865372279099574
1.4,0.35,wec,Le Mans 24 2026,lap_down,HYPERCAR,5,838952,HYPERCAR-15,8,8,388,86326.38684987933,37,2615.784658343402,496.00000000000006,21,2,1,-138.67138898839767,0,-0.769905000000108
1.4,0.35,wec,Le Mans 24 2026,agent,HYPERCAR,5,838952,HYPERCAR-15,18,18,383,86169.88466646615,101,3686.1728282523304,500.8,20,-8,-4,17.830794424779015,64,-1071.1580749089285
1.4,0.35,wec,Le Mans 24 2026,fuel_window,HYPERCAR,5,486540,HYPERCAR-16,10,10,380,86300.0311174674,35,2386.280380670391,553.6,36,0,0,0.0,0,0.0
1.4,0.35,wec,Le Mans 24 2026,caution_gambler,HYPERCAR,5,486540,HYPERCAR-16,1,1,381,86258.61879673223,36,2447.8551737998305,494.40000000000003,35,9,1,41.41232073516585,1,-61.57479312943951
1.4,0.35,wec,Le Mans 24 2026,track_position,HYPERCAR,5,486540,HYPERCAR-16,5,5,381,86357.1358439521,35,2413.154561245491,472.00000000000006,36,5,1,-57.10472648470022,0,-26.874180575100127
1.4,0.35,wec,Le Mans 24 2026,splash_and_dash,HYPERCAR,5,486540,HYPERCAR-16,9,9,380,86286.92106238147,35,2367.3408878155255,553.6,36,1,0,13.110055085926433,0,18.93949285486542
1.4,0.35,wec,Le Mans 24 2026,lap_down,HYPERCAR,5,486540,HYPERCAR-16,10,10,380,86300.0311174674,35,2386.280380670391,553.6,36,0,0,0.0,0,0.0
1.4,0.35,wec,Le Mans 24 2026,agent,HYPERCAR,5,486540,HYPERCAR-16,18,18,378,86292.89905934996,99,3709.17969949639,457.6,37,-8,-2,7.132058117436827,64,-1322.8993188259992
1.4,0.35,wec,Le Mans 24 2026,fuel_window,HYPERCAR,5,432241,HYPERCAR-14,7,7,388,86316.49193509888,37,2674.444147236041,586.4000000000001,22,0,0,0.0,0,0.0
1.4,0.35,wec,Le Mans 24 2026,caution_gambler,HYPERCAR,5,432241,HYPERCAR-14,7,7,388,86345.22801916719,38,2710.24665778716,597.6,22,0,0,-28.736084068310447,1,-35.80251055111921
1.4,0.35,wec,Le Mans 24 2026,track_position,HYPERCAR,5,432241,HYPERCAR-14,2,2,388,86260.88903188726,36,2638.7569441682635,506.40000000000003,22,5,0,55.60290321162029,-1,35.68720306777732
1.4,0.35,wec,Le Mans 24 2026,splash_and_dash,HYPERCAR,5,432241,HYPERCAR-14,7,7,388,86303.44729445832,38,2665.922836239249,584.0,22,0,0,13.044640640553553,1,8.521310996791726
1.4,0.35,wec,Le Mans 24 2026,lap_down,HYPERCAR,5,432241,HYPERCAR-14,7,7,388,86316.49193509888,37,2674.444147236041,586.4000000000001,22,0,0,0.0,0,0.0
1.4,0.35,wec,Le Mans 24 2026,agent,HYPERCAR,5,432241,HYPERCAR-14,18,18,385,86338.18167205833,103,3828.932252525783,459.20000000000005,24,-11,-3,-21.689736959451693,66,-1154.4881052897422
1.4,0.35,wec,Le Mans 24 2026,fuel_window,HYPERCAR,5,552122,HYPERCAR-07,13,13,381,86312.00751884734,35,2631.638537964119,540.8000000000001,39,0,0,0.0,0,0.0
1.4,0.35,wec,Le Mans 24 2026,caution_gambler,HYPERCAR,5,552122,HYPERCAR-07,4,4,381,86229.89479605692,36,2620.3198913817964,537.6,37,9,0,82.11272279042169,1,11.318646582322799
1.4,0.35,wec,Le Mans 24 2026,track_position,HYPERCAR,5,552122,HYPERCAR-07,14,14,381,86343.27280762671,35,2694.930655435779,541.6,37,-1,0,-31.26528877936653,0,-63.29211747165982
1.4,0.35,wec,Le Mans 24 2026,splash_and_dash,HYPERCAR,5,552122,HYPERCAR-07,10,10,381,86254.03595313728,35,2572.6337395176506,533.6,39,3,0,57.97156571006053,0,59.00479844646861
1.4,0.35,wec,Le Mans 24 2026,lap_down,HYPERCAR,5,552122,HYPERCAR-07,14,14,381,86338.52971133031,35,2694.930655435779,542.4,37,-1,0,-26.52219248296751,0,-63.29211747165982
1.4,0.35,wec,Le Mans 24 2026,agent,HYPERCAR,5,552122,HYPERCAR-07,18,18,379,86261.60177519057,109,3900.7383921555634,442.40000000000003,38,-5,-2,50.4057436567673,74,-1269.0998541914441
1.4,0.35,wec,Le Mans 24 2026,fuel_window,HYPERCAR,5,999870,HYPERCAR-11,5,5,394,86345.20212148405,38,2731.785277200484,496.00000000000006,12,0,0,0.0,0,0.0
1.4,0.35,wec,Le Mans 24 2026,caution_gambler,HYPERCAR,5,999870,HYPERCAR-11,5,5,394,86345.20212148405,38,2731.785277200484,496.00000000000006,12,0,0,0.0,0,0.0
1.4,0.35,wec,Le Mans 24 2026,track_position,HYPERCAR,5,999870,HYPERCAR-11,4,4,393,86192.52588930776,38,2731.015372200484,476.8,13,1,-1,152.67623217629443,0,0.769905000000108
1.4,0.35,wec,Le Mans 24 2026,splash_and_dash,HYPERCAR,5,999870,HYPERCAR-11,5,5,394,86354.53108945761,39,2740.1619699311655,498.40000000000003,12,0,0,-9.328967973560793,1,-8.376692730681498
1.4,0.35,wec,Le Mans 24 2026,lap_down,HYPERCAR,5,999870,HYPERCAR-11,5,5,394,86345.20212148405,38,2731.785277200484,496.00000000000006,12,0,0,0.0,0,0.0
1.4,0.35,wec,Le Mans 24 2026,agent,HYPERCAR,5,999870,HYPERCAR-11,18,18,390,86283.30216334442,84,3489.7828891290997,558.4,13,-13,-4,61.89995813963469,46,-757.9976119286157
1.4,0.35,wec,Le Mans 24 2026,fuel_window,HYPERCAR,5,22006,HYPERCAR-09,5,5,382,86352.28444137739,34,2561.680378910273,518.4000000000001,40,0,0,0.0,0,0.0
1.4,0.35,wec,Le Mans 24 2026,caution_gambler,HYPERCAR,5,22006,HYPERCAR-09,7,7,381,86184.72022991607,36,2625.97930628261,541.6,40,-2,-1,167.5642114613147,2,-64.2989273723374
1.4,0.35,wec,Le Mans 24 2026,track_position,HYPERCAR,5,22006,HYPERCAR-09,6,6,382,86377.86942461361,34,2523.691747962666,494.40000000000003,39,-1,0,-25.584983236229164,0,37.98863094760691
1.4,0.35,wec,Le Mans 24 2026,splash_and_dash,HYPERCAR,5,22006,HYPERCAR-09,4,4,382,86327.63953190738,35,2541.204910810086,516.0,40,1,0,24.644909470007406,1,20.475468100186845
1.4,0.35,wec,Le Mans 24 2026,lap_down,HYPERCAR,5,22006,HYPERCAR-09,5,5,382,86352.28444137739,34,2561.680378910273,518.4000000000001,40,0,0,0.0,0,0.0
1.4,0.35,wec,Le Mans 24 2026,agent,HYPERCAR,5,22006,HYPERCAR-09,18,18,378,86157.96590243922,99,3566.1186138079233,446.40000000000003,38,-13,-4,194.31853893816879,65,-1004.4382348976505
1.4,0.35,wec,Le Mans 24 2026,fuel_window,HYPERCAR,5,654215,HYPERCAR-12,8,8,356,86363.02344541776,30,2027.8538006466424,324.0,84,0,0,0.0,0,0.0
1.4,0.35,wec,Le Mans 24 2026,caution_gambler,HYPERCAR,5,654215,HYPERCAR-12,1,1,356,86320.3036759684,34,2138.8476863620112,355.20000000000005,83,7,0,42.71976944935159,4,-110.99388571536883
1.4,0.35,wec,Le Mans 24 2026,track_position,HYPERCAR,5,654215,HYPERCAR-12,16,16,354,86202.85036829324,29,1911.6977602132877,427.20000000000005,84,-8,-2,160.1730771245202,-1,116.15604043335475
1.4,0.35,wec,Le Mans 24 2026,splash_and_dash,HYPERCAR,5,654215,HYPERCAR-12,8,8,356,86363.02344541776,30,2027.8538006466424,324.0,84,0,0,0.0,0,0.0
1.4,0.35,wec,Le Mans 24 2026,lap_down,HYPERCAR,5,654215,HYPERCAR-12,8,8,356,86363.02344541776,30,2027.8538006466424,324.0,84,0,0,0.0,0,0.0
1.4,0.35,wec,Le Mans 24 2026,agent,HYPERCAR,5,654215,HYPERCAR-12,18,18,354,86283.41487435886,113,3620.805124844099,283.20000000000005,86,-10,-2,79.6085710588959,83,-1592.9513241974564
1.4,0.35,wec,Le Mans 24 2026,fuel_window,HYPERCAR,5,541577,HYPERCAR-05,2,2,378,86271.72808732282,36,2453.159965392416,495.20000000000005,39,0,0,0.0,0,0.0
1.4,0.35,wec,Le Mans 24 2026,caution_gambler,HYPERCAR,5,541577,HYPERCAR-05,12,12,377,86236.77911505318,38,2526.794507929793,464.0,40,-10,-1,34.94897226963076,2,-73.634542537377
1.4,0.35,wec,Le Mans 24 2026,track_position,HYPERCAR,5,541577,HYPERCAR-05,1,1,378,86283.94425001957,34,2317.4072568239417,499.20000000000005,39,1,0,-12.216162696757237,-2,135.7527085684742
1.4,0.35,wec,Le Mans 24 2026,splash_and_dash,HYPERCAR,5,541577,HYPERCAR-05,2,2,378,86251.48773561067,36,2422.433697803593,494.40000000000003,39,0,0,20.240351712142,0,30.726267588822793
1.4,0.35,wec,Le Mans 24 2026,lap_down,HYPERCAR,5,541577,HYPERCAR-05,2,2,378,86271.72808732282,36,2453.159965392416,495.20000000000005,39,0,0,0.0,0,0.0
1.4,0.35,wec,Le Mans 24 2026,agent,HYPERCAR,5,541577,HYPERCAR-05,18,18,374,86220.03168284667,118,4148.996750178636,410.40000000000003,41,-16,-4,51.69640447614074,82,-1695.83678478622
1.4,0.35,wec,Le Mans 24 2026,fuel_window,HYPERCAR,5,436123,HYPERCAR-13,2,2,386,86297.6393300335,36,2495.793553290823,502.40000000000003,26,0,0,0.0,0,0.0
1.4,0.35,wec,Le Mans 24 2026,caution_gambler,HYPERCAR,5,436123,HYPERCAR-13,4,4,385,86245.84453132219,36,2495.750809526326,541.6,27,-2,-1,51.7947987113148,0,0.04274376449711781
1.4,0.35,wec,Le Mans 24 2026,track_position,HYPERCAR,5,436123,HYPERCAR-13,4,4,385,86178.39583079983,35,2414.8864223235455,553.6,28,-2,-1,119.24349923367845,-1,80.90713096727768
1.4,0.35,wec,Le Mans 24 2026,splash_and_dash,HYPERCAR,5,436123,HYPERCAR-13,2,2,386,86296.41435578122,37,2497.3074617782045,503.20000000000005,26,0,0,1.2249742522835732,1,-1.5139084873812862
1.4,0.35,wec,Le Mans 24 2026,lap_down,HYPERCAR,5,436123,HYPERCAR-13,2,2,386,86297.6393300335,36,2495.793553290823,502.40000000000003,26,0,0,0.0,0,0.0
1.4,0.35,wec,Le Mans 24 2026,agent,HYPERCAR,5,436123,HYPERCAR-13,18,18,382,86332.03510926988,107,3831.9777814787312,476.8,27,-16,-4,-34.395779236379894,71,-1336.184228187908
1.4,0.35,wec,Le Mans 24 2026,fuel_window,HYPERCAR,5,359372,HYPERCAR-16,1,1,378,86275.88741743332,36,2566.341758822388,405.6,41,0,0,0.0,0,0.0
1.4,0.35,wec,Le Mans 24 2026,caution_gambler,HYPERCAR,5,359372,HYPERCAR-16,2,2,378,86310.76990825635,36,2513.5100776865065,433.6,41,-1,0,-34.88249082303082,0,52.831681135881354
1.4,0.35,wec,Le Mans 24 2026,track_position,HYPERCAR,5,359372,HYPERCAR-16,2,2,378,86405.64554995456,35,2526.4121301541236,428.8,42,-1,0,-129.7581325212377,-1,39.929628668264286
1.4,0.35,wec,Le Mans 24 2026,splash_and_dash,HYPERCAR,5,359372,HYPERCAR-16,1,1,378,86271.16884743712,37,2565.962071565814,404.8,41,0,0,4.718569996199221,1,0.3796872565740159
1.4,0.35,wec,Le Mans 24 2026,lap_down,HYPERCAR,5,359372,HYPERCAR-16,1,1,378,86275.88741743332,36,2566.341758822388,405.6,41,0,0,0.0,0,0.0
1.4,0.35,wec,Le Mans 24 2026,agent,HYPERCAR,5,359372,HYPERCAR-16,18,18,373,86276.71091153365,111,3919.539918252549,419.20000000000005,39,-17,-5,-0.8234941003320273,75,-1353.198159430161
1.4,0.35,wec,Le Mans 24 2026,fuel_window,HYPERCAR,5,340792,HYPERCAR-04,6,6,380,86381.7824019715,34,2478.4088388536784,537.6,37,0,0,0.0,0,0.0
1.4,0.35,wec,Le Mans 24 2026,caution_gambler,HYPERCAR,5,340792,HYPERCAR-04,6,6,380,86325.2209830758,36,2525.0649706289664,471.20000000000005,37,0,0,56.56141889571154,2,-46.65613177528803
1.4,0.35,wec,Le Mans 24 2026,track_position,HYPERCAR,5,340792,HYPERCAR-04,6,6,380,86364.15023031026,34,2478.4088388536784,520.0,37,0,0,17.632171661243774,0,0.0
1.4,0.35,wec,Le Mans 24 2026,splash_and_dash,HYPERCAR,5,340792,HYPERCAR-04,6,6,380,86372.61275463874,35,2472.7780742605737,537.6,37,0,0,9.169647332761087,1,5.630764593104686
1.4,0.35,wec,Le Mans 24 2026,lap_down,HYPERCAR,5,340792,HYPERCAR-04,6,6,380,86381.7824019715,34,2478.4088388536784,537.6,37,0,0,0.0,0,0.0
1.4,0.35,wec,Le Mans 24 2026,agent,HYPERCAR,5,340792,HYPERCAR-04,18,18,376,86307.07709396922,103,3687.2975891162705,424.8,40,-12,-4,74.7053080022888,69,-1208.888750262592
1.4,0.35,wec,Le Mans 24 2026,fuel_window,HYPERCAR,5,594289,HYPERCAR-08,5,5,385,86309.18523640977,36,2563.3215783147025,502.40000000000003,32,0,0,0.0,0,0.0
1.4,0.35,wec,Le Mans 24 2026,caution_gambler,HYPERCAR,5,594289,HYPERCAR-08,3,3,384,86212.53292350733,37,2566.4189926753666,472.00000000000006,31,2,-1,96.65231290244265,1,-3.097414360664061
1.4,0.35,wec,Le Mans 24 2026,track_position,HYPERCAR,5,594289,HYPERCAR-08,2,2,385,86280.07917115213,35,2500.673483117997,463.20000000000005,31,3,0,29.106065257641603,-1,62.648095196705526
1.4,0.35,wec,Le Mans 24 2026,splash_and_dash,HYPERCAR,5,594289,HYPERCAR-08,2,2,385,86257.75912532936,36,2507.8307602747764,500.8,32,3,0,51.42611108040728,0,55.490818039926125
1.4,0.35,wec,Le Mans 24 2026,lap_down,HYPERCAR,5,594289,HYPERCAR-08,5,5,385,86309.18523640977,36,2563.3215783147025,502.40000000000003,32,0,0,0.0,0,0.0
1.4,0.35,wec,Le Mans 24 2026,agent,HYPERCAR,5,594289,HYPERCAR-08,18,18,382,86293.84923285295,97,3500.0834757299044,454.40000000000003,32,-13,-3,15.336003556818468,61,-936.7618974152019
1.4,0.35,wec,Le Mans 24 2026,fuel_window,HYPERCAR,5,237316,HYPERCAR-15,6,6,389,86296.47123747609,37,2775.361827974341,595.2,21,0,0,0.0,0,0.0
1.4,0.35,wec,Le Mans 24 2026,caution_gambler,HYPERCAR,5,237316,HYPERCAR-15,5,5,389,86233.47528849104,37,2786.732420542749,589.6,20,1,0,62.99594898504438,0,-11.370592568408028
1.4,0.35,wec,Le Mans 24 2026,track_position,HYPERCAR,5,237316,HYPERCAR-15,6,6,389,86285.81226049033,36,2704.0558147884285,640.0,20,0,0,10.658976985752815,-1,71.30601318591243
1.4,0.35,wec,Le Mans 24 2026,splash_and_dash,HYPERCAR,5,237316,HYPERCAR-15,6,6,389,86276.63981660933,38,2758.7154015732594,595.2,21,0,0,19.83142086675798,1,16.6464264010815
1.4,0.35,wec,Le Mans 24 2026,lap_down,HYPERCAR,5,237316,HYPERCAR-15,6,6,389,86285.81226049033,36,2704.0558147884285,640.0,20,0,0,10.658976985752815,-1,71.30601318591243
1.4,0.35,wec,Le Mans 24 2026,agent,HYPERCAR,5,237316,HYPERCAR-15,18,18,385,86330.33158593487,93,3685.837056542594,487.20000000000005,20,-12,-4,-33.86034845878021,56,-910.475228568253
1.4,0.35,wec,Le Mans 24 2026,fuel_window,HYPERCAR,5,936516,HYPERCAR-03,3,3,390,86359.68727509618,38,2703.0739888063367,642.4000000000001,18,0,0,0.0,0,0.0
1.4,0.35,wec,Le Mans 24 2026,caution_gambler,HYPERCAR,5,936516,HYPERCAR-03,3,3,390,86359.68727509618,38,2703.0739888063367,642.4000000000001,18,0,0,0.0,0,0.0
1.4,0.35,wec,Le Mans 24 2026,track_position,HYPERCAR,5,936516,HYPERCAR-03,6,6,389,86292.14999317461,38,2702.6890363063367,616.0,18,-3,-1,67.53728192156996,0,0.384952500000054
1.4,0.35,wec,Le Mans 24 2026,splash_and_dash,HYPERCAR,5,936516,HYPERCAR-03,3,3,390,86361.63495639934,39,2710.606664575203,640.0,18,0,0,-1.9476813031651545,1,-7.532675768866284
1.4,0.35,wec,Le Mans 24 2026,lap_down,HYPERCAR,5,936516,HYPERCAR-03,7,7,389,86284.53347593451,38,2702.612045806337,668.8000000000001,19,-4,-1,75.15379916166421,0,0.46194299999979194
1.4,0.35,wec,Le Mans 24 2026,agent,HYPERCAR,5,936516,HYPERCAR-03,18,18,385,86163.90854621206,102,3922.307054314104,520.0,17,-15,-5,195.77872888412094,64,-1219.2330655077672
1.4,0.35,wec,Le Mans 24 2026,fuel_window,HYPERCAR,5,764388,HYPERCAR-06,4,4,393,86219.85320694743,37,2685.678232793036,571.2,11,0,0,0.0,0,0.0
1.4,0.35,wec,Le Mans 24 2026,caution_gambler,HYPERCAR,5,764388,HYPERCAR-06,4,4,393,86219.85320694743,37,2685.678232793036,571.2,11,0,0,0.0,0,0.0
1.4,0.35,wec,Le Mans 24 2026,track_position,HYPERCAR,5,764388,HYPERCAR-06,4,4,393,86226.97865833362,37,2687.6029952930357,569.6,11,0,0,-7.125451386193163,0,-1.9247624999998152
1.4,0.35,wec,Le Mans 24 2026,splash_and_dash,HYPERCAR,5,764388,HYPERCAR-06,3,3,393,86190.12285191502,37,2654.332872226272,576.0,11,1,0,29.73035503241408,0,31.345360566764157
1.4,0.35,wec,Le Mans 24 2026,lap_down,HYPERCAR,5,764388,HYPERCAR-06,4,4,393,86219.85320694743,37,2685.678232793036,571.2,11,0,0,0.0,0,0.0
1.4,0.35,wec,Le Mans 24 2026,agent,HYPERCAR,5,764388,HYPERCAR-06,18,18,390,86362.8421302971,104,3861.8904281497626,490.40000000000003,12,-14,-3,-142.98892334966513,67,-1176.2121953567266
1.4,0.35,wec,Le Mans 24 2026,fuel_window,HYPERCAR,5,146757,HYPERCAR-03,7,7,389,86286.5822967336,36,2618.637735355559,540.8000000000001,20,0,0,0.0,0,0.0
1.4,0.35,wec,Le Mans 24 2026,caution_gambler,HYPERCAR,5,146757,HYPERCAR-03,7,7,389,86324.34484866504,37,2661.2454912233597,536.0,20,0,0,-37.76255193144607,1,-42.60775586780073
1.4,0.35,wec,Le Mans 24 2026,track_position,HYPERCAR,5,146757,HYPERCAR-03,7,7,389,86286.5822967336,36,2618.637735355559,540.8000000000001,20,0,0,0.0,0,0.0
1.4,0.35,wec,Le Mans 24 2026,splash_and_dash,HYPERCAR,5,146757,HYPERCAR-03,7,7,389,86275.79248145092,37,2601.786802812553,550.4000000000001,20,0,0,10.789815282681957,1,16.85093254300591
1.4,0.35,wec,Le Mans 24 2026,lap_down,HYPERCAR,5,146757,HYPERCAR-03,7,7,389,86286.5822967336,36,2618.637735355559,540.8000000000001,20,0,0,0.0,0,0.0
1.4,0.35,wec,Le Mans 24 2026,agent,HYPERCAR,5,146757,HYPERCAR-03,18,18,385,86258.56602545286,101,3770.5388816773543,520.0,20,-11,-4,28.016271280735964,65,-1151.9011463217953
1.4,0.35,wec,Le Mans 24 2026,fuel_window,HYPERCAR,5,218235,HYPERCAR-14,9,9,395,86276.87416976749,39,3010.624384693483,553.6,3,0,0,0.0,0,0.0
1.4,0.35,wec,Le Mans 24 2026,caution_gambler,HYPERCAR,5,218235,HYPERCAR-14,9,9,395,86276.87416976749,39,3010.624384693483,553.6,3,0,0,0.0,0,0.0
1.4,0.35,wec,Le Mans 24 2026,track_position,HYPERCAR,5,218235,HYPERCAR-14,14,14,395,86367.64757658722,38,2959.1962339752267,531.2,4,-5,0,-90.77340681973146,-1,51.42815071825635
1.4,0.35,wec,Le Mans 24 2026,splash_and_dash,HYPERCAR,5,218235,HYPERCAR-14,9,9,395,86244.403364167,39,2975.0307970107237,559.2,3,0,0,32.47080560048926,0,35.593587682759335
1.4,0.35,wec,Le Mans 24 2026,lap_down,HYPERCAR,5,218235,HYPERCAR-14,9,9,395,86277.41679647734,39,3010.624384693483,554.4000000000001,3,0,0,-0.542626709851902,0,0.0
1.4,0.35,wec,Le Mans 24 2026,agent,HYPERCAR,5,218235,HYPERCAR-14,18,18,391,86195.4647609013,97,4096.991693444053,476.8,5,-9,-4,81.40940886618046,58,-1086.3673087505704
1.4,0.35,wec,Le Mans 24 2026,fuel_window,HYPERCAR,5,665085,HYPERCAR-13,9,9,385,86252.88055591333,36,2546.108746328106,527.2,29,0,0,0.0,0,0.0
1.4,0.35,wec,Le Mans 24 2026,caution_gambler,HYPERCAR,5,665085,HYPERCAR-13,5,5,385,86234.36721855843,38,2598.7345177804805,535.2,27,4,0,18.513337354903342,2,-52.625771452374465
1.4,0.35,wec,Le Mans 24 2026,track_position,HYPERCAR,5,665085,HYPERCAR-13,14,14,384,86246.6014501658,36,2613.188461160951,544.8000000000001,28,-5,-1,6.279105747526046,0,-67.07971483284518
1.4,0.35,wec,Le Mans 24 2026,splash_and_dash,HYPERCAR,5,665085,HYPERCAR-13,7,7,385,86220.45656652623,36,2516.4236396806377,528.0,29,2,0,32.42398938709812,0,29.685106647468274
1.4,0.35,wec,Le Mans 24 2026,lap_down,HYPERCAR,5,665085,HYPERCAR-13,9,9,385,86252.88055591333,36,2546.108746328106,527.2,29,0,0,0.0,0,0.0
1.4,0.35,wec,Le Mans 24 2026,agent,HYPERCAR,5,665085,HYPERCAR-13,18,18,381,86229.99551190477,93,3648.670608943721,484.8,27,-9,-4,22.885044008566183,57,-1102.5618626156152
1.4,0.35,wec,Le Mans 24 2026,fuel_window,HYPERCAR,5,729373,HYPERCAR-07,5,5,380,86212.8886401117,35,2614.4686632159273,512.0,37,0,0,0.0,0,0.0
1.4,0.35,wec,Le Mans 24 2026,caution_gambler,HYPERCAR,5,729373,HYPERCAR-07,1,1,381,86367.65286913443,35,2583.4948311140683,517.6,37,4,1,-154.76422902272316,0,30.97383210185899
1.4,0.35,wec,Le Mans 24 2026,track_position,HYPERCAR,5,729373,HYPERCAR-07,6,6,380,86270.61215705764,35,2591.968187423792,530.4000000000001,37,-1,0,-57.723516945930896,0,22.50047579213515
1.4,0.35,wec,Le Mans 24 2026,splash_and_dash,HYPERCAR,5,729373,HYPERCAR-07,2,2,380,86178.63612682508,35,2577.5673597026157,516.0,37,3,0,34.25251328662853,0,36.90130351331163
1.4,0.35,wec,Le Mans 24 2026,lap_down,HYPERCAR,5,729373,HYPERCAR-07,5,5,380,86212.8886401117,35,2614.4686632159273,512.0,37,0,0,0.0,0,0.0
1.4,0.35,wec,Le Mans 24 2026,agent,HYPERCAR,5,729373,HYPERCAR-07,18,18,378,86143.91933631273,108,4042.6307741880664,430.40000000000003,37,-13,-2,68.96930379897822,73,-1428.162110972139
1.4,0.35,wec,Le Mans 24 2026,fuel_window,HYPERCAR,5,886406,HYPERCAR-18,5,5,385,86242.43941906746,35,2451.9967402842544,588.0,28,0,0,0.0,0,0.0
1.4,0.35,wec,Le Mans 24 2026,caution_gambler,HYPERCAR,5,886406,HYPERCAR-18,3,3,385,86236.46464797061,36,2474.8030306079504,583.2,28,2,0,5.9747710968513275,1,-22.806290323695976
1.4,0.35,wec,Le Mans 24 2026,track_position,HYPERCAR,5,886406,HYPERCAR-18,5,5,385,86241.56002874838,35,2451.9967402842544,577.6,28,0,0,0.8793903190817218,0,0.0
1.4,0.35,wec,Le Mans 24 2026,splash_and_dash,HYPERCAR,5,886406,HYPERCAR-18,3,3,385,86210.82580439007,35,2422.322008346484,589.6,28,2,0,31.613614677393343,0,29.674731937770503
1.4,0.35,wec,Le Mans 24 2026,lap_down,HYPERCAR,5,886406,HYPERCAR-18,5,5,385,86242.43941906746,35,2451.9967402842544,588.0,28,0,0,0.0,0,0.0
1.4,0.35,wec,Le Mans 24 2026,agent,HYPERCAR,5,886406,HYPERCAR-18,18,18,382,86345.15100682859,107,3823.2458341566644,500.8,29,-13,-3,-102.71158776112134,72,-1371.24909387241
1.4,0.35,wec,Le Mans 24 2026,fuel_window,HYPERCAR,5,266896,HYPERCAR-15,7,7,374,86300.51983477834,35,2367.952443801128,492.8,49,0,0,0.0,0,0.0
1.4,0.35,wec,Le Mans 24 2026,caution_gambler,HYPERCAR,5,266896,HYPERCAR-15,8,8,374,86300.9835899771,37,2429.407745299899,512.0,49,-1,0,-0.4637551987543702,2,-61.45530149877095
1.4,0.35,wec,Le Mans 24 2026,track_position,HYPERCAR,5,266896,HYPERCAR-15,6,6,374,86257.7857242978,35,2337.702083353257,485.6,49,1,0,42.73411048053822,0,30.250360447871117
1.4,0.35,wec,Le Mans 24 2026,splash_and_dash,HYPERCAR,5,266896,HYPERCAR-15,7,7,374,86303.48238633342,36,2368.4999898218957,498.40000000000003,49,0,0,-2.962551555072423,1,-0.5475460207676406
1.4,0.35,wec,Le Mans 24 2026,lap_down,HYPERCAR,5,266896,HYPERCAR-15,5,5,374,86231.11286883471,35,2399.83194485221,514.4,49,2,0,69.40696594363544,0,-31.879501051082116
1.4,0.35,wec,Le Mans 24 2026,agent,HYPERCAR,5,266896,HYPERCAR-15,18,18,370,86129.18996208088,109,3689.2775934200245,423.20000000000005,50,-11,-4,171.32987269746081,74,-1321.3251496188964
1.4,0.35,wec,Le Mans 24 2026,fuel_window,HYPERCAR,5,967217,HYPERCAR-18,1,1,383,86324.79772343088,36,2728.4895790954292,526.4000000000001,31,0,0,0.0,0,0.0
1.4,0.35,wec,Le Mans 24 2026,caution_gambler,HYPERCAR,5,967217,HYPERCAR-18,13,13,382,86196.75901695111,37,2767.153320456496,588.8000000000001,31,-12,-1,128.03870647976873,1,-38.66374136106697
1.4,0.35,wec,Le Mans 24 2026,track_position,HYPERCAR,5,967217,HYPERCAR-18,9,9,383,86348.83396878374,36,2731.2612370954294,548.8000000000001,32,-8,0,-24.03624535286508,0,-2.771658000000116
1.4,0.35,wec,Le Mans 24 2026,splash_and_dash,HYPERCAR,5,967217,HYPERCAR-18,1,1,383,86328.88555331403,37,2735.4085151702598,526.4000000000001,31,0,0,-4.087829883152153,1,-6.918936074830526
1.4,0.35,wec,Le Mans 24 2026,lap_down,HYPERCAR,5,967217,HYPERCAR-18,9,9,383,86266.42931516765,36,2729.7984175954293,592.8000000000001,32,-8,0,58.36840826322441,0,-1.3088385000000926
1.4,0.35,wec,Le Mans 24 2026,agent,HYPERCAR,5,967217,HYPERCAR-18,18,18,380,86281.81111167038,103,3994.955061815898,540.8000000000001,34,-17,-3,42.98661176049791,67,-1266.4654827204686
1.4,0.35,wec,Le Mans 24 2026,fuel_window,HYPERCAR,5,694703,HYPERCAR-05,7,7,396,86336.04528616605,39,2989.9805118610543,519.2,8,0,0,0.0,0,0.0
1.4,0.35,wec,Le Mans 24 2026,caution_gambler,HYPERCAR,5,694703,HYPERCAR-05,7,7,396,86336.04528616605,39,2989.9805118610543,519.2,8,0,0,0.0,0,0.0
1.4,0.35,wec,Le Mans 24 2026,track_position,HYPERCAR,5,694703,HYPERCAR-05,7,7,396,86335.85376470839,39,2989.9805118610543,543.2,8,0,0,0.19152145765838213,0,0.0
1.4,0.35,wec,Le Mans 24 2026,splash_and_dash,HYPERCAR,5,694703,HYPERCAR-05,7,7,396,86326.97047226173,39,2958.0376893159732,519.2,7,0,0,9.074813904313487,0,31.94282254508107
1.4,0.35,wec,Le Mans 24 2026,lap_down,HYPERCAR,5,694703,HYPERCAR-05,7,7,396,86336.04528616605,39,2989.9805118610543,519.2,8,0,0,0.0,0,0.0
1.4,0.35,wec,Le Mans 24 2026,agent,HYPERCAR,5,694703,HYPERCAR-05,17,17,392,86218.34012567696,94,3834.863741200633,471.20000000000005,7,-10,-4,117.70516048908758,55,-844.8832293395785
1.4,0.35,wec,Le Mans 24 2026,fuel_window,HYPERCAR,5,492801,HYPERCAR-12,6,6,387,86182.48220809475,36,2646.6006821513793,526.4,24,0,0,0.0,0,0.0
1.4,0.35,wec,Le Mans 24 2026,caution_gambler,HYPERCAR,5,492801,HYPERCAR-12,6,6,387,86181.10338761892,36,2647.5245681513793,536.8000000000001,24,0,0,1.3788204758311622,0,-0.9238860000000386
1.4,0.35,wec,Le Mans 24 2026,track_position,HYPERCAR,5,492801,HYPERCAR-12,5,5,388,86294.31417166215,35,2599.310748402393,478.40000000000003,26,1,1,-111.8319635673979,-1,47.289933748986186
1.4,0.35,wec,Le Mans 24 2026,splash_and_dash,HYPERCAR,5,492801,HYPERCAR-12,6,6,388,86384.04464857742,37,2638.1667303017643,529.6,24,0,1,-201.56244048266672,1,8.433951849614914
1.4,0.35,wec,Le Mans 24 2026,lap_down,HYPERCAR,5,492801,HYPERCAR-12,6,6,387,86182.48220809475,36,2646.6006821513793,526.4,24,0,0,0.0,0,0.0
1.4,0.35,wec,Le Mans 24 2026,agent,HYPERCAR,5,492801,HYPERCAR-12,18,18,385,86288.66266649467,95,3674.5785144252804,411.20000000000005,24,-12,-2,-106.18045839991828,59,-1027.9778322739012
1.4,0.35,wec,Le Mans 24 2026,fuel_window,HYPERCAR,5,228824,HYPERCAR-06,3,3,390,86364.90846080116,38,2712.1603576994985,552.8000000000001,18,0,0,0.0,0,0.0
1.4,0.35,wec,Le Mans 24 2026,caution_gambler,HYPERCAR,5,228824,HYPERCAR-06,5,5,390,86380.35112937166,39,2735.557079806591,582.4000000000001,18,-2,0,-15.442668570496608,1,-23.3967221070925
1.4,0.35,wec,Le Mans 24 2026,track_position,HYPERCAR,5,228824,HYPERCAR-06,4,4,390,86297.41165414672,37,2661.193999353651,600.8000000000001,18,-1,0,67.49680665443884,-1,50.96635834584731
1.4,0.35,wec,Le Mans 24 2026,splash_and_dash,HYPERCAR,5,228824,HYPERCAR-06,3,3,390,86351.06753256432,39,2709.058312202277,545.6,18,0,0,13.840928236837499,1,3.1020454972212974
1.4,0.35,wec,Le Mans 24 2026,lap_down,HYPERCAR,5,228824,HYPERCAR-06,2,2,390,86236.74056317798,37,2631.6145310772263,564.8000000000001,18,1,0,128.16789762317785,-1,80.54582662227222
1.4,0.35,wec,Le Mans 24 2026,agent,HYPERCAR,5,228824,HYPERCAR-06,18,18,385,86199.65826279215,102,3739.237225408139,531.2,18,-15,-5,165.25019800901646,64,-1027.0768677086403
1.4,0.35,wec,Le Mans 24 2026,fuel_window,HYPERCAR,5,472690,HYPERCAR-18,10,10,382,86378.97699510628,36,2628.035948973385,535.2,33,0,0,0.0,0,0.0
1.4,0.35,wec,Le Mans 24 2026,caution_gambler,HYPERCAR,5,472690,HYPERCAR-18,8,8,382,86334.28280197334,36,2590.554455081046,551.2,31,2,0,44.69419313293474,0,37.48149389233913
1.4,0.35,wec,Le Mans 24 2026,track_position,HYPERCAR,5,472690,HYPERCAR-18,11,11,382,86356.25933921298,36,2629.190806473385,518.4,34,-1,0,22.717655893298797,0,-1.1548574999997072
1.4,0.35,wec,Le Mans 24 2026,splash_and_dash,HYPERCAR,5,472690,HYPERCAR-18,10,10,382,86371.77807216703,37,2624.174295742715,533.6,33,0,0,7.198922939249314,1,3.861653230670072
1.4,0.35,wec,Le Mans 24 2026,lap_down,HYPERCAR,5,472690,HYPERCAR-18,9,9,382,86323.32600968712,36,2628.035948973385,521.6,33,1,0,55.650985419153585,0,0.0
1.4,0.35,wec,Le Mans 24 2026,agent,HYPERCAR,5,472690,HYPERCAR-18,18,18,380,86337.47700064554,98,3650.805040614606,466.40000000000003,33,-8,-2,41.49999446074071,62,-1022.7690916412207
1.4,0.35,wec,Le Mans 24 2026,fuel_window,HYPERCAR,5,792194,HYPERCAR-04,6,6,392,86342.20361808562,37,2768.7568341222823,512.8000000000001,18,0,0,0.0,0,0.0
1.4,0.35,wec,Le Mans 24 2026,caution_gambler,HYPERCAR,5,792194,HYPERCAR-04,6,6,392,86342.20361808562,37,2768.7568341222823,512.8000000000001,18,0,0,0.0,0,0.0
1.4,0.35,wec,Le Mans 24 2026,track_position,HYPERCAR,5,792194,HYPERCAR-04,5,5,391,86195.01260773304,37,2770.681596622282,566.4000000000001,18,1,-1,147.1910103525879,0,-1.9247624999998152
1.4,0.35,wec,Le Mans 24 2026,splash_and_dash,HYPERCAR,5,792194,HYPERCAR-04,6,6,392,86324.68703566982,38,2756.917469624221,509.6,18,0,0,17.516582415802986,1,11.839364498061059
1.4,0.35,wec,Le Mans 24 2026,lap_down,HYPERCAR,5,792194,HYPERCAR-04,5,5,391,86183.61653187808,37,2768.7568341222823,556.8000000000001,18,1,-1,158.58708620753896,0,0.0
1.4,0.35,wec,Le Mans 24 2026,agent,HYPERCAR,5,792194,HYPERCAR-04,18,18,387,86212.0731256856,90,3768.941443202877,515.2,18,-12,-5,130.13049240002874,53,-1000.1846090805948
1.4,0.35,wec,Le Mans 24 2026,fuel_window,HYPERCAR,5,311473,HYPERCAR-16,5,5,397,86239.96987672831,39,2955.0245457217293,550.4000000000001,2,0,0,0.0,0,0.0
1.4,0.35,wec,Le Mans 24 2026,caution_gambler,HYPERCAR,5,311473,HYPERCAR-16,5,5,397,86239.96987672831,39,2955.0245457217293,550.4000000000001,2,0,0,0.0,0,0.0
1.4,0.35,wec,Le Mans 24 2026,track_position,HYPERCAR,5,311473,HYPERCAR-16,5,5,397,86249.813842562,39,2956.949308221729,540.8000000000001,2,0,0,-9.843965833686525,0,-1.9247624999998152
1.4,0.35,wec,Le Mans 24 2026,splash_and_dash,HYPERCAR,5,311473,HYPERCAR-16,4,4,397,86207.74380909248,39,2921.629584277624,554.4000000000001,2,1,0,32.22606763582735,0,33.39496144410532
1.4,0.35,wec,Le Mans 24 2026,lap_down,HYPERCAR,5,311473,HYPERCAR-16,5,5,397,86239.96987672831,39,2955.0245457217293,550.4000000000001,2,0,0,0.0,0,0.0
1.4,0.35,wec,Le Mans 24 2026,agent,HYPERCAR,5,311473,HYPERCAR-16,18,18,394,86363.30552867206,94,3775.1305284876894,558.4,2,-13,-3,-123.33565194375115,55,-820.1059827659601
1.4,0.35,wec,Le Mans 24 2026,fuel_window,HYPERCAR,5,576934,HYPERCAR-08,11,11,372,86200.82609707983,34,2420.971680203622,471.20000000000005,53,0,0,0.0,0,0.0
1.4,0.35,wec,Le Mans 24 2026,caution_gambler,HYPERCAR,5,576934,HYPERCAR-08,17,17,372,86340.94430184294,37,2511.871271442472,496.00000000000006,51,-6,0,-140.1182047631155,3,-90.89959123885001
1.4,0.35,wec,Le Mans 24 2026,track_position,HYPERCAR,5,576934,HYPERCAR-08,3,3,372,86232.20825032807,34,2386.046017924818,495.20000000000005,51,8,0,-31.382153248239774,0,34.925662278803884
1.4,0.35,wec,Le Mans 24 2026,splash_and_dash,HYPERCAR,5,576934,HYPERCAR-08,10,10,372,86158.01803726697,35,2409.4066650667437,467.20000000000005,53,1,0,42.80805981285812,1,11.565015136878174
1.4,0.35,wec,Le Mans 24 2026,lap_down,HYPERCAR,5,576934,HYPERCAR-08,9,9,372,86187.80894802847,34,2421.2796422036217,472.8,53,2,0,13.01714905136032,0,-0.3079619999998613
1.4,0.35,wec,Le Mans 24 2026,agent,HYPERCAR,5,576934,HYPERCAR-08,18,18,370,86290.69691367088,111,3689.5479825134234,397.6,52,-7,-2,-89.87081659105024,77,-1268.5763023098016
1.4,0.35,wec,Le Mans 24 2026,fuel_window,HYPERCAR,5,547095,HYPERCAR-15,10,10,378,86198.25464214214,34,2504.9338067047483,503.20000000000005,38,0,0,0.0,0,0.0
1.4,0.35,wec,Le Mans 24 2026,caution_gambler,HYPERCAR,5,547095,HYPERCAR-15,9,9,378,86325.68413532773,35,2436.431833799001,496.00000000000006,38,1,0,-127.42949318558385,1,68.50197290574715
1.4,0.35,wec,Le Mans 24 2026,track_position,HYPERCAR,5,547095,HYPERCAR-15,17,17,378,86242.71967841322,34,2504.1639017047482,475.20000000000005,39,-7,0,-44.46503627108177,0,0.769905000000108
1.4,0.35,wec,Le Mans 24 2026,splash_and_dash,HYPERCAR,5,547095,HYPERCAR-15,8,8,379,86374.36855101187,35,2483.8620889055787,496.00000000000006,38,2,1,-176.11390886972367,1,21.07171779916962
1.4,0.35,wec,Le Mans 24 2026,lap_down,HYPERCAR,5,547095,HYPERCAR-15,10,10,378,86198.25464214214,34,2504.9338067047483,503.20000000000005,38,0,0,0.0,0,0.0
1.4,0.35,wec,Le Mans 24 2026,agent,HYPERCAR,5,547095,HYPERCAR-15,18,18,374,86183.41902552641,103,3784.485868743686,413.6,40,-8,-4,14.835616615731851,69,-1279.5520620389375
1.4,0.35,wec,Le Mans 24 2026,fuel_window,HYPERCAR,5,432349,HYPERCAR-18,3,3,377,86278.66036061454,35,2386.2346398768705,548.8000000000001,44,0,0,0.0,0,0.0
1.4,0.35,wec,Le Mans 24 2026,caution_gambler,HYPERCAR,5,432349,HYPERCAR-18,2,2,377,86274.11235386669,37,2404.316687766501,581.6,43,1,0,4.548006747849286,2,-18.082047889630758
1.4,0.35,wec,Le Mans 24 2026,track_position,HYPERCAR,5,432349,HYPERCAR-18,3,3,377,86295.34405467474,35,2385.7726968768707,534.4000000000001,44,0,0,-16.683694060207927,0,0.46194299999979194
1.4,0.35,wec,Le Mans 24 2026,splash_and_dash,HYPERCAR,5,432349,HYPERCAR-18,3,3,377,86269.8260116727,36,2378.539173674653,551.2,44,0,0,8.834348941833014,1,7.695466202217631
1.4,0.35,wec,Le Mans 24 2026,lap_down,HYPERCAR,5,432349,HYPERCAR-18,3,3,377,86278.66036061454,35,2386.2346398768705,548.8000000000001,44,0,0,0.0,0,0.0
1.4,0.35,wec,Le Mans 24 2026,agent,HYPERCAR,5,432349,HYPERCAR-18,18,18,374,86284.4277828751,130,4208.6473264873985,422.40000000000003,46,-15,-3,-5.767422260556486,95,-1822.412686610528
1.4,0.35,wec,Le Mans 24 2026,fuel_window,HYPERCAR,5,315807,HYPERCAR-10,4,4,383,86207.10279240998,36,2627.034220551255,545.6,29,0,0,0.0,0,0.0
1.4,0.35,wec,Le Mans 24 2026,caution_gambler,HYPERCAR,5,315807,HYPERCAR-10,2,2,383,86191.75483151495,37,2672.1488720291104,548.8000000000001,29,2,0,15.347960895029246,1,-45.114651477855205
1.4,0.35,wec,Le Mans 24 2026,track_position,HYPERCAR,5,315807,HYPERCAR-10,7,7,383,86272.75621548321,36,2626.8802395512553,616.0,28,-3,0,-65.6534230732359,0,0.15398099999993065
1.4,0.35,wec,Le Mans 24 2026,splash_and_dash,HYPERCAR,5,315807,HYPERCAR-10,3,3,383,86175.9369649887,37,2628.726111270486,547.2,29,1,0,31.1658274212823,1,-1.6918907192307415
1.4,0.35,wec,Le Mans 24 2026,lap_down,HYPERCAR,5,315807,HYPERCAR-10,4,4,383,86207.10279240998,36,2627.034220551255,545.6,29,0,0,0.0,0,0.0
1.4,0.35,wec,Le Mans 24 2026,agent,HYPERCAR,5,315807,HYPERCAR-10,18,18,380,86315.6864607808,109,3906.106060460242,493.6,31,-14,-3,-108.58366837081849,73,-1279.071839908987
1.4,0.35,wec,Le Mans 24 2026,fuel_window,HYPERCAR,5,797125,HYPERCAR-01,8,8,385,86337.89401401844,36,2622.429445763025,574.4000000000001,29,0,0,0.0,0,0.0
1.4,0.35,wec,Le Mans 24 2026,caution_gambler,HYPERCAR,5,797125,HYPERCAR-01,3,3,385,86261.59692543319,37,2604.8763459919865,575.2,28,5,0,76.29708858525555,1,17.553099771038433
1.4,0.35,wec,Le Mans 24 2026,track_position,HYPERCAR,5,797125,HYPERCAR-01,8,8,385,86337.89401401844,36,2622.429445763025,574.4000000000001,29,0,0,0.0,0,0.0
1.4,0.35,wec,Le Mans 24 2026,splash_and_dash,HYPERCAR,5,797125,HYPERCAR-01,4,4,385,86283.82650706847,36,2589.083783059664,573.6,29,4,0,54.067506949970266,0,33.345662703361086
1.4,0.35,wec,Le Mans 24 2026,lap_down,HYPERCAR,5,797125,HYPERCAR-01,8,8,385,86337.89401401844,36,2622.429445763025,574.4000000000001,29,0,0,0.0,0,0.0
1.4,0.35,wec,Le Mans 24 2026,agent,HYPERCAR,5,797125,HYPERCAR-01,18,18,381,86236.16371971932,104,3844.5160702675266,463.20000000000005,30,-10,-4,101.73029429912276,68,-1222.0866245045017
1.4,0.35,wec,Le Mans 24 2026,fuel_window,HYPERCAR,5,497366,HYPERCAR-08,5,5,379,86312.85664998567,34,2504.3224044593458,513.6,39,0,0,0.0,0,0.0
1.4,0.35,wec,Le Mans 24 2026,caution_gambler,HYPERCAR,5,497366,HYPERCAR-08,6,6,379,86335.29381699504,37,2543.5558176140476,520.8000000000001,39,-1,0,-22.43716700936784,3,-39.23341315470179
1.4,0.35,wec,Le Mans 24 2026,track_position,HYPERCAR,5,497366,HYPERCAR-08,6,6,379,86324.42381838198,34,2466.328038044463,548.8000000000001,39,-1,0,-11.567168396315537,0,37.994366414882734
1.4,0.35,wec,Le Mans 24 2026,splash_and_dash,HYPERCAR,5,497366,HYPERCAR-08,5,5,379,86310.16691935065,35,2498.3254448379676,520.8000000000001,39,0,0,2.689730635014712,1,5.99695962137821
1.4,0.35,wec,Le Mans 24 2026,lap_down,HYPERCAR,5,497366,HYPERCAR-08,5,5,379,86312.85664998567,34,2504.3224044593458,513.6,39,0,0,0.0,0,0.0
1.4,0.35,wec,Le Mans 24 2026,agent,HYPERCAR,5,497366,HYPERCAR-08,18,18,375,86201.65206879904,105,3850.0428464678444,515.2,42,-13,-4,111.20458118662646,71,-1345.7204420084986
1.4,0.35,wec,Le Mans 24 2026,fuel_window,HYPERCAR,5,175084,HYPERCAR-08,7,7,383,86181.00179660409,37,2685.7426231977,460.00000000000006,32,0,0,0.0,0,0.0
1.4,0.35,wec,Le Mans 24 2026,caution_gambler,HYPERCAR,5,175084,HYPERCAR-08,3,3,384,86344.52311522221,39,2768.098101059474,476.00000000000006,32,4,1,-163.52131861812086,2,-82.35547786177403
1.4,0.35,wec,Le Mans 24 2026,track_position,HYPERCAR,5,175084,HYPERCAR-08,8,8,384,86382.49741861585,35,2622.3903869636583,439.20000000000005,32,-1,1,-201.49562201176013,-2,63.35223623404181
1.4,0.35,wec,Le Mans 24 2026,splash_and_dash,HYPERCAR,5,175084,HYPERCAR-08,5,5,384,86355.68866110886,38,2657.8545207412058,456.8,32,2,1,-174.68686450476525,1,27.88810245649438
1.4,0.35,wec,Le Mans 24 2026,lap_down,HYPERCAR,5,175084,HYPERCAR-08,7,7,383,86181.00179660409,37,2685.7426231977,460.00000000000006,32,0,0,0.0,0,0.0
1.4,0.35,wec,Le Mans 24 2026,agent,HYPERCAR,5,175084,HYPERCAR-08,18,18,381,86378.251696665,104,3959.0393844880323,469.6,34,-11,-2,-197.24990006090957,67,-1273.2967612903321
1.4,0.35,wec,Le Mans 24 2026,fuel_window,HYPERCAR,5,887010,HYPERCAR-03,5,5,380,86294.77400865931,34,2430.1378315014094,455.20000000000005,39,0,0,0.0,0,0.0
1.4,0.35,wec,Le Mans 24 2026,caution_gambler,HYPERCAR,5,887010,HYPERCAR-03,2,2,380,86269.26314707952,35,2406.699818736434,490.40000000000003,40,3,0,25.510861579794437,1,23.43801276497561
1.4,0.35,wec,Le Mans 24 2026,track_position,HYPERCAR,5,887010,HYPERCAR-03,5,5,380,86248.03683969415,34,2428.4440405014093,485.6,41,0,0,46.73716896516271,0,1.6937910000001466
1.4,0.35,wec,Le Mans 24 2026,splash_and_dash,HYPERCAR,5,887010,HYPERCAR-03,5,5,380,86265.70987142224,35,2413.412577003982,446.40000000000003,39,0,0,29.064137237073737,1,16.725254497427613
1.4,0.35,wec,Le Mans 24 2026,lap_down,HYPERCAR,5,887010,HYPERCAR-03,5,5,380,86294.77400865931,34,2430.1378315014094,455.20000000000005,39,0,0,0.0,0,0.0
1.4,0.35,wec,Le Mans 24 2026,agent,HYPERCAR,5,887010,HYPERCAR-03,18,18,376,86305.80689788415,99,3722.9480718730947,465.6,41,-13,-4,-11.032889224836254,65,-1292.8102403716853
1.4,0.35,wec,Le Mans 24 2026,fuel_window,HYPERCAR,5,472274,HYPERCAR-10,9,9,389,86211.22918802634,36,2644.6383189949943,624.8000000000001,20,0,0,0.0,0,0.0
1.4,0.35,wec,Le Mans 24 2026,caution_gambler,HYPERCAR,5,472274,HYPERCAR-10,7,7,390,86345.03722010397,37,2667.3216257959452,612.8000000000001,19,2,1,-133.8080320776353,1,-22.68330680095096
1.4,0.35,wec,Le Mans 24 2026,track_position,HYPERCAR,5,472274,HYPERCAR-10,10,10,389,86211.0190160675,36,2644.6383189949943,632.0,20,-1,0,0.21017195883905515,0,0.0
1.4,0.35,wec,Le Mans 24 2026,splash_and_dash,HYPERCAR,5,472274,HYPERCAR-10,8,8,389,86175.05512608471,37,2639.613085268737,621.6,20,1,0,36.17406194162322,1,5.025233726257284
1.4,0.35,wec,Le Mans 24 2026,lap_down,HYPERCAR,5,472274,HYPERCAR-10,10,10,389,86211.0190160675,36,2644.6383189949943,632.0,20,-1,0,0.21017195883905515,0,0.0
1.4,0.35,wec,Le Mans 24 2026,agent,HYPERCAR,5,472274,HYPERCAR-10,18,18,386,86172.1764368354,98,3802.975167437507,556.0,21,-9,-3,39.0527511909313,62,-1158.3368484425127
1.4,0.35,wec,Le Mans 24 2026,fuel_window,HYPERCAR,5,80012,HYPERCAR-06,2,2,391,86359.06457225718,37,2558.176277895391,549.6,20,0,0,0.0,0,0.0
1.4,0.35,wec,Le Mans 24 2026,caution_gambler,HYPERCAR,5,80012,HYPERCAR-06,4,4,390,86366.03468018996,38,2579.6030374417746,575.2,21,-2,-1,-6.970107932778774,1,-21.426759546383437
1.4,0.35,wec,Le Mans 24 2026,track_position,HYPERCAR,5,80012,HYPERCAR-06,2,2,391,86381.59325890217,37,2558.176277895391,572.0,20,0,0,-22.528686644989648,0,0.0
1.4,0.35,wec,Le Mans 24 2026,splash_and_dash,HYPERCAR,5,80012,HYPERCAR-06,2,2,391,86343.67246091567,38,2549.523049293503,546.4000000000001,20,0,0,15.392111341512646,1,8.653228601888259
1.4,0.35,wec,Le Mans 24 2026,lap_down,HYPERCAR,5,80012,HYPERCAR-06,2,2,391,86359.06457225718,37,2558.176277895391,549.6,20,0,0,0.0,0,0.0
1.4,0.35,wec,Le Mans 24 2026,agent,HYPERCAR,5,80012,HYPERCAR-06,17,17,387,86383.50768365408,100,3542.6077228118206,470.40000000000003,20,-15,-4,-24.443111396903987,63,-984.4314449164294
1.4,0.35,wec,Le Mans 24 2026,fuel_window,HYPERCAR,5,851148,HYPERCAR-09,3,3,370,86337.01069913738,33,2240.075990839492,438.40000000000003,57,0,0,0.0,0,0.0
1.4,0.35,wec,Le Mans 24 2026,caution_gambler,HYPERCAR,5,851148,HYPERCAR-09,4,4,370,86212.19618379412,35,2281.3325065752074,403.20000000000005,56,-1,0,124.81451534325606,2,-41.25651573571531
1.4,0.35,wec,Le Mans 24 2026,track_position,HYPERCAR,5,851148,HYPERCAR-09,2,2,370,86347.27905510523,33,2239.4600668394924,420.0,57,1,0,-10.268355967855314,0,0.6159239999997226
1.4,0.35,wec,Le Mans 24 2026,splash_and_dash,HYPERCAR,5,851148,HYPERCAR-09,3,3,370,86337.01069913738,33,2240.075990839492,438.40000000000003,57,0,0,0.0,0,0.0
1.4,0.35,wec,Le Mans 24 2026,lap_down,HYPERCAR,5,851148,HYPERCAR-09,3,3,370,86337.01069913738,33,2240.075990839492,438.40000000000003,57,0,0,0.0,0,0.0
1.4,0.35,wec,Le Mans 24 2026,agent,HYPERCAR,5,851148,HYPERCAR-09,18,18,367,86258.5098728758,105,3603.329914591879,434.40000000000003,64,-15,-3,78.50082626157382,72,-1363.253923752387
1.4,0.35,wec,Le Mans 24 2026,fuel_window,HYPERCAR,5,589879,HYPERCAR-04,9,9,390,86225.40590710241,37,2740.0672039512942,592.0,13,0,0,0.0,0,0.0
1.4,0.35,wec,Le Mans 24 2026,caution_gambler,HYPERCAR,5,589879,HYPERCAR-04,9,9,390,86225.40590710241,37,2740.0672039512942,592.0,13,0,0,0.0,0,0.0
1.4,0.35,wec,Le Mans 24 2026,track_position,HYPERCAR,5,589879,HYPERCAR-04,9,9,390,86240.6725892073,37,2740.0672039512942,625.6,13,0,0,-15.266682104891515,0,0.0
1.4,0.35,wec,Le Mans 24 2026,splash_and_dash,HYPERCAR,5,589879,HYPERCAR-04,8,8,390,86191.91504062506,37,2707.007443665648,594.4000000000001,13,1,0,33.49086647735385,0,33.05976028564601
1.4,0.35,wec,Le Mans 24 2026,lap_down,HYPERCAR,5,589879,HYPERCAR-04,9,9,390,86225.40590710241,37,2740.0672039512942,592.0,13,0,0,0.0,0,0.0
1.4,0.35,wec,Le Mans 24 2026,agent,HYPERCAR,5,589879,HYPERCAR-04,18,18,387,86330.27337803427,91,3598.7496514498407,496.00000000000006,15,-9,-3,-104.8674709318584,54,-858.6824474985465
1.8,0.45,wec,Le Mans 24 2026,fuel_window,HYPERCAR,5,639431,HYPERCAR-03,5,5,391,86326.67672719757,38,2667.788606796597,615.2,17,0,0,0.0,0,0.0
1.8,0.45,wec,Le Mans 24 2026,caution_gambler,HYPERCAR,5,639431,HYPERCAR-03,5,5,391,86326.67672719757,38,2667.788606796597,615.2,17,0,0,0.0,0,0.0
1.8,0.45,wec,Le Mans 24 2026,track_position,HYPERCAR,5,639431,HYPERCAR-03,6,6,391,86298.37493830959,37,2596.390388025591,599.2,18,-1,0,28.301788887984003,-1,71.39821877100576
1.8,0.45,wec,Le Mans 24 2026,splash_and_dash,HYPERCAR,5,639431,HYPERCAR-03,5,5,391,86311.23784874355,39,2655.534722808281,615.2,17,0,0,15.438878454020596,1,12.25388398831592
1.8,0.45,wec,Le Mans 24 2026,lap_down,HYPERCAR,5,639431,HYPERCAR-03,6,6,391,86350.96883687918,37,2595.107213025591,590.4000000000001,18,-1,0,-24.29210968161351,-1,72.68139377100579
1.8,0.45,wec,Le Mans 24 2026,agent,HYPERCAR,5,639431,HYPERCAR-03,18,18,386,86264.37554229106,88,3802.4174953821303,473.6,18,-13,-5,62.30118490650784,50,-1134.6288885855333
1.8,0.45,wec,Le Mans 24 2026,fuel_window,HYPERCAR,5,497127,HYPERCAR-17,7,7,394,86307.4141054902,38,2879.192229003233,618.4000000000001,7,0,0,0.0,0,0.0
1.8,0.45,wec,Le Mans 24 2026,caution_gambler,HYPERCAR,5,497127,HYPERCAR-17,7,7,394,86307.4141054902,38,2879.192229003233,618.4000000000001,7,0,0,0.0,0,0.0
1.8,0.45,wec,Le Mans 24 2026,track_position,HYPERCAR,5,497127,HYPERCAR-17,9,9,394,86327.3663641513,38,2912.4926633512137,577.6,7,-2,0,-19.952258661098313,0,-33.30043434798063
1.8,0.45,wec,Le Mans 24 2026,splash_and_dash,HYPERCAR,5,497127,HYPERCAR-17,6,6,394,86267.98886068465,38,2847.1089223026584,620.8000000000001,7,1,0,39.42524480554857,0,32.08330670057467
1.8,0.45,wec,Le Mans 24 2026,lap_down,HYPERCAR,5,497127,HYPERCAR-17,8,8,394,86328.22117198945,38,2880.4754040032326,636.8000000000001,7,-1,0,-20.807066499255598,0,-1.2831749999995736
1.8,0.45,wec,Le Mans 24 2026,agent,HYPERCAR,5,497127,HYPERCAR-17,18,18,390,86314.28585515376,86,4000.0668692288114,524.8000000000001,7,-11,-4,-6.871749663565424,48,-1120.8746402255783
1.8,0.45,wec,Le Mans 24 2026,fuel_window,HYPERCAR,5,737684,HYPERCAR-04,17,17,379,86363.12195077768,35,2554.7759603141335,520.0,37,0,0,0.0,0,0.0
1.8,0.45,wec,Le Mans 24 2026,caution_gambler,HYPERCAR,5,737684,HYPERCAR-04,4,4,381,86380.76363294797,36,2630.22875372709,532.0,36,13,2,-17.641682170287822,1,-75.45279341295645
1.8,0.45,wec,Le Mans 24 2026,track_position,HYPERCAR,5,737684,HYPERCAR-04,10,10,380,86317.42346671889,35,2585.488513268022,467.20000000000005,36,7,1,45.698484058797476,0,-30.712552953888462
1.8,0.45,wec,Le Mans 24 2026,splash_and_dash,HYPERCAR,5,737684,HYPERCAR-04,16,16,379,86358.89301676318,36,2555.199042588493,517.6,37,1,0,4.228934014507104,1,-0.42308227435933077
1.8,0.45,wec,Le Mans 24 2026,lap_down,HYPERCAR,5,737684,HYPERCAR-04,17,17,379,86363.12195077768,35,2554.7759603141335,520.0,37,0,0,0.0,0,0.0
1.8,0.45,wec,Le Mans 24 2026,agent,HYPERCAR,5,737684,HYPERCAR-04,18,18,376,86206.75150863559,86,3925.3641218074936,504.8,37,-1,-3,156.3704421420989,51,-1370.58816149336
1.8,0.45,wec,Le Mans 24 2026,fuel_window,HYPERCAR,5,279327,HYPERCAR-12,8,8,387,86187.5589482734,37,2750.3900089288927,575.2,20,0,0,0.0,0,0.0
1.8,0.45,wec,Le Mans 24 2026,caution_gambler,HYPERCAR,5,279327,HYPERCAR-12,3,3,389,86349.83625490342,37,2716.3103858000213,512.8000000000001,19,5,2,-162.2773066300142,0,34.07962312887139
1.8,0.45,wec,Le Mans 24 2026,track_position,HYPERCAR,5,279327,HYPERCAR-12,8,8,388,86351.65319009607,37,2750.3900089288927,528.8000000000001,20,0,1,-164.0942418226623,0,0.0
1.8,0.45,wec,Le Mans 24 2026,splash_and_dash,HYPERCAR,5,279327,HYPERCAR-12,8,8,387,86152.16295011967,38,2771.895183705341,573.6,20,0,0,35.39599815373367,1,-21.505174776448257
1.8,0.45,wec,Le Mans 24 2026,lap_down,HYPERCAR,5,279327,HYPERCAR-12,8,8,387,86187.5589482734,37,2750.3900089288927,575.2,20,0,0,0.0,0,0.0
1.8,0.45,wec,Le Mans 24 2026,agent,HYPERCAR,5,279327,HYPERCAR-12,18,18,383,86214.39541924887,95,4156.359873843934,540.8000000000001,19,-10,-4,-26.83647097546782,58,-1405.9698649150414
1.8,0.45,wec,Le Mans 24 2026,fuel_window,HYPERCAR,5,22699,HYPERCAR-09,8,8,374,86268.48821517358,35,2537.765277076379,407.20000000000005,47,0,0,0.0,0,0.0
1.8,0.45,wec,Le Mans 24 2026,caution_gambler,HYPERCAR,5,22699,HYPERCAR-09,14,14,374,86309.51478294973,36,2570.096085658234,459.20000000000005,47,-6,0,-41.02656777614902,1,-32.33080858185531
1.8,0.45,wec,Le Mans 24 2026,track_position,HYPERCAR,5,22699,HYPERCAR-09,7,7,374,86210.99071845875,35,2514.281712095455,427.20000000000005,46,1,0,57.49749671483005,0,23.483564980923802
1.8,0.45,wec,Le Mans 24 2026,splash_and_dash,HYPERCAR,5,22699,HYPERCAR-09,5,5,374,86207.30698509749,35,2472.255907916759,416.0,47,3,0,61.181230076093925,0,65.50936915961984
1.8,0.45,wec,Le Mans 24 2026,lap_down,HYPERCAR,5,22699,HYPERCAR-09,13,13,374,86288.71401688342,35,2539.048452076379,426.40000000000003,47,-5,0,-20.22580170983565,0,-1.2831750000000284
1.8,0.45,wec,Le Mans 24 2026,agent,HYPERCAR,5,22699,HYPERCAR-09,18,18,372,86129.81979187366,96,4156.1807367180245,444.8,52,-10,-2,138.66842329992505,61,-1618.4154596416456
1.8,0.45,wec,Le Mans 24 2026,fuel_window,HYPERCAR,5,604281,HYPERCAR-17,6,6,368,86211.43402549191,34,2300.7612845080216,507.20000000000005,57,0,0,0.0,0,0.0
1.8,0.45,wec,Le Mans 24 2026,caution_gambler,HYPERCAR,5,604281,HYPERCAR-17,1,1,370,86361.94490694563,36,2328.5744007813137,474.40000000000003,58,5,2,-150.5108814537234,2,-27.813116273292053
1.8,0.45,wec,Le Mans 24 2026,track_position,HYPERCAR,5,604281,HYPERCAR-17,4,4,369,86343.80083935308,33,2205.945033262502,523.2,57,2,1,-132.36681386116834,-1,94.81625124551965
1.8,0.45,wec,Le Mans 24 2026,splash_and_dash,HYPERCAR,5,604281,HYPERCAR-17,3,3,368,86175.86637757899,35,2304.9667951393258,510.40000000000003,57,3,0,35.56764791291789,1,-4.205510631304151
1.8,0.45,wec,Le Mans 24 2026,lap_down,HYPERCAR,5,604281,HYPERCAR-17,6,6,368,86211.43402549191,34,2300.7612845080216,507.20000000000005,57,0,0,0.0,0,0.0
1.8,0.45,wec,Le Mans 24 2026,agent,HYPERCAR,5,604281,HYPERCAR-17,18,18,367,86250.17117869885,106,4060.6743894191204,427.20000000000005,62,-12,-1,-38.737153206937364,72,-1759.9131049110988
1.8,0.45,wec,Le Mans 24 2026,fuel_window,HYPERCAR,5,871382,HYPERCAR-17,10,10,390,86359.93436956985,37,2704.674162965381,554.4,16,0,0,0.0,0,0.0
1.8,0.45,wec,Le Mans 24 2026,caution_gambler,HYPERCAR,5,871382,HYPERCAR-17,5,5,390,86311.44863867355,38,2765.6606905913745,554.4,15,5,0,48.485730896296445,1,-60.9865276259934
1.8,0.45,wec,Le Mans 24 2026,track_position,HYPERCAR,5,871382,HYPERCAR-17,10,10,390,86357.79234294093,37,2705.957337965381,552.8000000000001,16,0,0,2.1420266289205756,0,-1.2831750000000284
1.8,0.45,wec,Le Mans 24 2026,splash_and_dash,HYPERCAR,5,871382,HYPERCAR-17,10,10,390,86385.45743390822,38,2730.628333495464,556.8000000000001,16,0,0,-25.523064338369295,1,-25.954170530083047
1.8,0.45,wec,Le Mans 24 2026,lap_down,HYPERCAR,5,871382,HYPERCAR-17,10,10,390,86359.93436956985,37,2704.674162965381,554.4,16,0,0,0.0,0,0.0
1.8,0.45,wec,Le Mans 24 2026,agent,HYPERCAR,5,871382,HYPERCAR-17,18,18,386,86209.53237181464,96,4140.005346434936,526.4000000000001,17,-8,-4,150.40199775520887,59,-1435.3311834695546
1.8,0.45,wec,Le Mans 24 2026,fuel_window,HYPERCAR,5,967710,HYPERCAR-18,4,4,391,86293.12435456952,37,2703.485708417979,600.0,18,0,0,0.0,0,0.0
1.8,0.45,wec,Le Mans 24 2026,caution_gambler,HYPERCAR,5,967710,HYPERCAR-18,4,4,391,86293.12435456952,37,2703.485708417979,600.0,18,0,0,0.0,0,0.0
1.8,0.45,wec,Le Mans 24 2026,track_position,HYPERCAR,5,967710,HYPERCAR-18,4,4,391,86288.09915294065,37,2703.485708417979,595.2,18,0,0,5.02520162887231,0,0.0
1.8,0.45,wec,Le Mans 24 2026,splash_and_dash,HYPERCAR,5,967710,HYPERCAR-18,4,4,391,86299.61097824667,38,2713.957326560785,599.2,18,0,0,-6.4866236771486,1,-10.471618142806165
1.8,0.45,wec,Le Mans 24 2026,lap_down,HYPERCAR,5,967710,HYPERCAR-18,4,4,391,86293.12435456952,37,2703.485708417979,600.0,18,0,0,0.0,0,0.0
1.8,0.45,wec,Le Mans 24 2026,agent,HYPERCAR,5,967710,HYPERCAR-18,18,18,385,86158.74855110672,91,3960.2851844237534,517.6,17,-14,-6,134.3758034627972,54,-1256.7994760057745
1.8,0.45,wec,Le Mans 24 2026,fuel_window,HYPERCAR,5,596591,HYPERCAR-07,9,9,387,86255.562513322,36,2725.1496342104965,551.2,25,0,0,0.0,0,0.0
1.8,0.45,wec,Le Mans 24 2026,caution_gambler,HYPERCAR,5,596591,HYPERCAR-07,9,9,387,86202.27737320885,36,2703.3212037148132,534.4000000000001,24,0,0,53.28514011314837,0,21.82843049568328
1.8,0.45,wec,Le Mans 24 2026,track_position,HYPERCAR,5,596591,HYPERCAR-07,11,11,387,86327.4611391876,36,2748.365748806945,536.8000000000001,23,-2,0,-71.8986258655932,0,-23.21611459644828
1.8,0.45,wec,Le Mans 24 2026,splash_and_dash,HYPERCAR,5,596591,HYPERCAR-07,9,9,387,86223.60168691324,36,2690.158249171561,556.0,25,0,0,31.960826408758294,0,34.99138503893573
1.8,0.45,wec,Le Mans 24 2026,lap_down,HYPERCAR,5,596591,HYPERCAR-07,9,9,387,86255.562513322,36,2725.1496342104965,551.2,25,0,0,0.0,0,0.0
1.8,0.45,wec,Le Mans 24 2026,agent,HYPERCAR,5,596591,HYPERCAR-07,18,18,384,86321.6576614427,87,4055.996379154204,495.20000000000005,23,-9,-3,-66.0951481207012,51,-1330.8467449437076
1.8,0.45,wec,Le Mans 24 2026,fuel_window,HYPERCAR,5,154210,HYPERCAR-06,8,8,388,86440.69956344287,37,2857.7491326019044,488.00000000000006,23,0,0,0.0,0,0.0
1.8,0.45,wec,Le Mans 24 2026,caution_gambler,HYPERCAR,5,154210,HYPERCAR-06,10,10,387,86212.90119434436,39,2888.278858403457,503.20000000000005,22,-2,-1,227.79836909851292,2,-30.52972580155256
1.8,0.45,wec,Le Mans 24 2026,track_position,HYPERCAR,5,154210,HYPERCAR-06,11,11,388,86407.46278731208,37,2859.0323076019044,504.8,23,-3,0,33.23677613079781,0,-1.2831750000000284
1.8,0.45,wec,Le Mans 24 2026,splash_and_dash,HYPERCAR,5,154210,HYPERCAR-06,8,8,388,86438.66888127156,37,2830.8024576019043,484.00000000000006,23,0,0,2.0306821713165846,0,26.94667500000014
1.8,0.45,wec,Le Mans 24 2026,lap_down,HYPERCAR,5,154210,HYPERCAR-06,8,8,388,86440.69956344287,37,2857.7491326019044,488.00000000000006,23,0,0,0.0,0,0.0
1.8,0.45,wec,Le Mans 24 2026,agent,HYPERCAR,5,154210,HYPERCAR-06,17,17,387,86388.31451301716,89,3918.9512461752,465.6,25,-9,-1,52.385050425713416,52,-1061.2021135732957
1.8,0.45,wec,Le Mans 24 2026,fuel_window,HYPERCAR,5,838952,HYPERCAR-15,2,2,388,86315.25127461801,37,2661.029408843402,644.0,18,0,0,0.0,0,0.0
1.8,0.45,wec,Le Mans 24 2026,caution_gambler,HYPERCAR,5,838952,HYPERCAR-15,1,1,388,86228.14225159306,38,2654.7935877690434,622.4000000000001,18,1,0,87.10902302495379,1,6.235821074358682
1.8,0.45,wec,Le Mans 24 2026,track_position,HYPERCAR,5,838952,HYPERCAR-15,11,11,387,86257.05359395339,37,2659.438271843402,495.20000000000005,20,-9,-1,58.197680664627114,0,1.5911369999998897
1.8,0.45,wec,Le Mans 24 2026,splash_and_dash,HYPERCAR,5,838952,HYPERCAR-15,2,2,388,86305.23799339266,38,2654.201122083665,644.0,18,0,0,10.013281225357787,1,6.828286759737239
1.8,0.45,wec,Le Mans 24 2026,lap_down,HYPERCAR,5,838952,HYPERCAR-15,2,2,388,86315.25127461801,37,2661.029408843402,644.0,18,0,0,0.0,0,0.0
1.8,0.45,wec,Le Mans 24 2026,agent,HYPERCAR,5,838952,HYPERCAR-15,18,18,383,86296.2702055476,95,3960.374210998524,556.0,19,-16,-5,18.981069070418016,58,-1299.3448021551221
1.8,0.45,wec,Le Mans 24 2026,fuel_window,HYPERCAR,5,486540,HYPERCAR-16,8,8,381,86348.43860263833,35,2448.621518245491,577.6,36,0,0,0.0,0,0.0
1.8,0.45,wec,Le Mans 24 2026,caution_gambler,HYPERCAR,5,486540,HYPERCAR-16,7,7,380,86305.14462120403,37,2549.8019074481504,513.6,37,1,-1,43.293981434297166,2,-101.18038920265917
1.8,0.45,wec,Le Mans 24 2026,track_position,HYPERCAR,5,486540,HYPERCAR-16,3,3,381,86308.26001718576,35,2449.9046932454908,530.4000000000001,36,5,0,40.17858545256604,0,-1.2831749999995736
1.8,0.45,wec,Le Mans 24 2026,splash_and_dash,HYPERCAR,5,486540,HYPERCAR-16,7,7,381,86340.63367666851,35,2419.9680667051807,576.8000000000001,36,1,0,7.804925969816395,0,28.65345154031047
1.8,0.45,wec,Le Mans 24 2026,lap_down,HYPERCAR,5,486540,HYPERCAR-16,8,8,381,86348.43860263833,35,2448.621518245491,577.6,36,0,0,0.0,0,0.0
1.8,0.45,wec,Le Mans 24 2026,agent,HYPERCAR,5,486540,HYPERCAR-16,18,18,377,86280.37911838174,103,4351.974145688354,411.20000000000005,36,-10,-4,68.05948425659153,68,-1903.3526274428627
1.8,0.45,wec,Le Mans 24 2026,fuel_window,HYPERCAR,5,432241,HYPERCAR-14,7,7,388,86338.96140086983,37,2719.8172152360407,471.20000000000005,22,0,0,0.0,0,0.0
1.8,0.45,wec,Le Mans 24 2026,caution_gambler,HYPERCAR,5,432241,HYPERCAR-14,7,7,388,86359.55416542193,38,2758.59669178716,472.8,22,0,0,-20.59276455210056,1,-38.77947655111939
1.8,0.45,wec,Le Mans 24 2026,track_position,HYPERCAR,5,432241,HYPERCAR-14,3,3,388,86259.31037069845,37,2720.8437552360406,478.40000000000003,21,4,0,79.65103017137153,0,-1.0265399999998408
1.8,0.45,wec,Le Mans 24 2026,splash_and_dash,HYPERCAR,5,432241,HYPERCAR-14,7,7,388,86348.00103171074,38,2721.026287446764,480.8,22,0,0,-9.039630840910831,1,-1.2090722107232068
1.8,0.45,wec,Le Mans 24 2026,lap_down,HYPERCAR,5,432241,HYPERCAR-14,7,7,388,86338.96140086983,37,2719.8172152360407,471.20000000000005,22,0,0,0.0,0,0.0
1.8,0.45,wec,Le Mans 24 2026,agent,HYPERCAR,5,432241,HYPERCAR-14,18,18,384,86292.48500089829,97,4182.032885277012,452.00000000000006,26,-11,-4,46.47639997153601,60,-1462.215670040971
1.8,0.45,wec,Le Mans 24 2026,fuel_window,HYPERCAR,5,552122,HYPERCAR-07,15,15,381,86332.71039806135,36,2732.547438978181,516.8000000000001,39,0,0,0.0,0,0.0
1.8,0.45,wec,Le Mans 24 2026,caution_gambler,HYPERCAR,5,552122,HYPERCAR-07,8,8,381,86189.95336522395,36,2661.253173881796,522.4000000000001,40,7,0,142.75703283739858,0,71.29426509638506
1.8,0.45,wec,Le Mans 24 2026,track_position,HYPERCAR,5,552122,HYPERCAR-07,15,15,381,86338.88466474086,35,2700.1309126829574,513.6,38,0,0,-6.174266679518041,-1,32.416526295223775
1.8,0.45,wec,Le Mans 24 2026,splash_and_dash,HYPERCAR,5,552122,HYPERCAR-07,11,11,381,86266.63499898087,36,2666.489206024665,520.0,39,4,0,66.07539908048057,0,66.05823295351638
1.8,0.45,wec,Le Mans 24 2026,lap_down,HYPERCAR,5,552122,HYPERCAR-07,13,13,381,86304.75396974944,35,2731.7321144357793,520.8000000000001,36,2,0,27.956428311910713,-1,0.8153245424018678
1.8,0.45,wec,Le Mans 24 2026,agent,HYPERCAR,5,552122,HYPERCAR-07,18,18,378,86188.29891630824,83,3622.133692056951,540.8000000000001,37,-3,-3,144.4114817531081,47,-889.5862530787699
1.8,0.45,wec,Le Mans 24 2026,fuel_window,HYPERCAR,5,999870,HYPERCAR-11,12,12,392,86197.17882204606,38,2836.9853036728946,548.0,12,0,0,0.0,0,0.0
1.8,0.45,wec,Le Mans 24 2026,caution_gambler,HYPERCAR,5,999870,HYPERCAR-11,12,12,392,86197.17882204606,38,2836.9853036728946,548.0,12,0,0,0.0,0,0.0
1.8,0.45,wec,Le Mans 24 2026,track_position,HYPERCAR,5,999870,HYPERCAR-11,9,9,392,86210.36535573652,38,2836.4720336728947,595.2,13,3,0,-13.186533690459328,0,0.5132699999999204
1.8,0.45,wec,Le Mans 24 2026,splash_and_dash,HYPERCAR,5,999870,HYPERCAR-11,10,10,392,86156.17938491465,39,2857.001548024681,544.0,12,2,0,40.99943713140965,1,-20.016244351786554
1.8,0.45,wec,Le Mans 24 2026,lap_down,HYPERCAR,5,999870,HYPERCAR-11,12,12,392,86197.17882204606,38,2836.9853036728946,548.0,12,0,0,0.0,0,0.0
1.8,0.45,wec,Le Mans 24 2026,agent,HYPERCAR,5,999870,HYPERCAR-11,18,18,389,86216.63314352377,86,3960.785867835193,490.40000000000003,14,-6,-3,-19.45432147770771,48,-1123.8005641622985
1.8,0.45,wec,Le Mans 24 2026,fuel_window,HYPERCAR,5,22006,HYPERCAR-09,9,9,381,86213.47920108063,35,2635.945621587064,488.00000000000006,38,0,0,0.0,0,0.0
1.8,0.45,wec,Le Mans 24 2026,caution_gambler,HYPERCAR,5,22006,HYPERCAR-09,9,9,381,86237.74503936383,36,2677.2442287889935,496.8,38,0,0,-24.265838283201447,1,-41.29860720192937
1.8,0.45,wec,Le Mans 24 2026,track_position,HYPERCAR,5,22006,HYPERCAR-09,5,5,381,86196.82987465491,34,2555.2578529626658,512.0,37,4,0,16.649326425715117,-1,80.68776862439836
1.8,0.45,wec,Le Mans 24 2026,splash_and_dash,HYPERCAR,5,22006,HYPERCAR-09,8,8,381,86180.03650617525,35,2599.918479777568,492.00000000000006,38,1,0,33.44269490537408,0,36.02714180949624
1.8,0.45,wec,Le Mans 24 2026,lap_down,HYPERCAR,5,22006,HYPERCAR-09,9,9,381,86183.56573823185,35,2635.945621587064,487.20000000000005,38,0,0,29.91346284878091,0,0.0
1.8,0.45,wec,Le Mans 24 2026,agent,HYPERCAR,5,22006,HYPERCAR-09,18,18,378,86188.9252167314,89,3763.481347257644,388.8,40,-9,-3,24.553984349229722,54,-1127.5357256705797
1.8,0.45,wec,Le Mans 24 2026,fuel_window,HYPERCAR,5,654215,HYPERCAR-12,13,13,355,86384.46474417916,29,1930.4834422132876,443.20000000000005,84,0,0,0.0,0,0.0
1.8,0.45,wec,Le Mans 24 2026,caution_gambler,HYPERCAR,5,654215,HYPERCAR-12,17,17,354,86211.27763404859,35,2172.7337227032394,404.8,86,-4,-1,173.18711013057327,6,-242.25028048995182
1.8,0.45,wec,Le Mans 24 2026,track_position,HYPERCAR,5,654215,HYPERCAR-12,16,16,354,86185.6200570083,29,1965.1729639522237,417.6,84,-3,-1,198.84468717085838,0,-34.68952173893604
1.8,0.45,wec,Le Mans 24 2026,splash_and_dash,HYPERCAR,5,654215,HYPERCAR-12,13,13,355,86384.46474417916,29,1930.4834422132876,443.20000000000005,84,0,0,0.0,0,0.0
1.8,0.45,wec,Le Mans 24 2026,lap_down,HYPERCAR,5,654215,HYPERCAR-12,13,13,355,86384.46474417916,29,1930.4834422132876,443.20000000000005,84,0,0,0.0,0,0.0
1.8,0.45,wec,Le Mans 24 2026,agent,HYPERCAR,5,654215,HYPERCAR-12,18,18,353,86179.97792785603,110,3956.5731516053925,344.0,86,-5,-2,204.48681632312946,81,-2026.0897093921049
1.8,0.45,wec,Le Mans 24 2026,fuel_window,HYPERCAR,5,541577,HYPERCAR-05,7,7,378,86368.30062325421,35,2433.56129667648,502.40000000000003,39,0,0,0.0,0,0.0
1.8,0.45,wec,Le Mans 24 2026,caution_gambler,HYPERCAR,5,541577,HYPERCAR-05,7,7,377,86180.04213960312,38,2558.283929471447,480.00000000000006,40,0,-1,188.25848365109414,3,-124.72263279496701
1.8,0.45,wec,Le Mans 24 2026,track_position,HYPERCAR,5,541577,HYPERCAR-05,10,10,377,86224.73131165732,34,2369.096162857253,509.6,40,-3,-1,143.56931159688975,-1,64.46513381922705
1.8,0.45,wec,Le Mans 24 2026,splash_and_dash,HYPERCAR,5,541577,HYPERCAR-05,3,3,378,86294.89155309202,35,2404.8167991510063,498.40000000000003,39,4,0,73.40907016218989,0,28.74449752547389
1.8,0.45,wec,Le Mans 24 2026,lap_down,HYPERCAR,5,541577,HYPERCAR-05,7,7,378,86368.30062325421,35,2433.56129667648,502.40000000000003,39,0,0,0.0,0,0.0
1.8,0.45,wec,Le Mans 24 2026,agent,HYPERCAR,5,541577,HYPERCAR-05,18,18,373,86257.83182968525,107,4379.4334485644185,482.40000000000003,41,-11,-5,110.46879356895806,72,-1945.8721518879383
1.8,0.45,wec,Le Mans 24 2026,fuel_window,HYPERCAR,5,436123,HYPERCAR-13,1,1,386,86336.90121248129,36,2505.1612590527147,540.8000000000001,29,0,0,0.0,0,0.0
1.8,0.45,wec,Le Mans 24 2026,caution_gambler,HYPERCAR,5,436123,HYPERCAR-13,2,2,386,86310.90246214521,36,2503.732686288218,532.0,29,-1,0,25.998750336075318,0,1.4285727644969484
1.8,0.45,wec,Le Mans 24 2026,track_position,HYPERCAR,5,436123,HYPERCAR-13,1,1,386,86196.30779434642,35,2470.603872378211,518.4,29,0,0,140.59341813487117,-1,34.55738667450396
1.8,0.45,wec,Le Mans 24 2026,splash_and_dash,HYPERCAR,5,436123,HYPERCAR-13,1,1,386,86336.12208002628,37,2515.1210093373775,533.6,29,0,0,0.7791324550053105,1,-9.959750284662732
1.8,0.45,wec,Le Mans 24 2026,lap_down,HYPERCAR,5,436123,HYPERCAR-13,3,3,386,86342.35450216512,36,2505.1612590527147,538.4000000000001,29,-2,0,-5.4532896838354645,0,0.0
1.8,0.45,wec,Le Mans 24 2026,agent,HYPERCAR,5,436123,HYPERCAR-13,18,18,380,86175.7167505197,96,4019.647279394093,503.20000000000005,28,-17,-6,161.18446196158766,60,-1514.4860203413782
1.8,0.45,wec,Le Mans 24 2026,fuel_window,HYPERCAR,5,359372,HYPERCAR-16,3,3,377,86270.11842882165,35,2560.478396756834,446.40000000000003,40,0,0,0.0,0,0.0
1.8,0.45,wec,Le Mans 24 2026,caution_gambler,HYPERCAR,5,359372,HYPERCAR-16,3,3,377,86246.70504545291,37,2597.3324533033415,452.8,40,0,0,23.413383368737414,2,-36.85405654650731
1.8,0.45,wec,Le Mans 24 2026,track_position,HYPERCAR,5,359372,HYPERCAR-16,2,2,377,86245.18925033406,34,2507.6617687996913,450.40000000000003,40,1,0,24.92917848758225,-1,52.81662795714283
1.8,0.45,wec,Le Mans 24 2026,splash_and_dash,HYPERCAR,5,359372,HYPERCAR-16,2,2,377,86266.58636128603,36,2561.285211960826,445.6,40,1,0,3.532067535619717,1,-0.8068152039918459
1.8,0.45,wec,Le Mans 24 2026,lap_down,HYPERCAR,5,359372,HYPERCAR-16,3,3,377,86270.11842882165,35,2560.478396756834,446.40000000000003,40,0,0,0.0,0,0.0
1.8,0.45,wec,Le Mans 24 2026,agent,HYPERCAR,5,359372,HYPERCAR-16,18,18,372,86460.36513386971,102,4234.043954767518,448.00000000000006,42,-15,-5,-190.24670504806272,67,-1673.5655580106836
1.8,0.45,wec,Le Mans 24 2026,fuel_window,HYPERCAR,5,340792,HYPERCAR-04,6,6,380,86344.11670625967,34,2509.5130008536785,456.8,37,0,0,0.0,0,0.0
1.8,0.45,wec,Le Mans 24 2026,caution_gambler,HYPERCAR,5,340792,HYPERCAR-04,2,2,380,86198.71931398,36,2567.0247931289664,440.00000000000006,38,4,0,145.3973922796722,2,-57.51179227528792
1.8,0.45,wec,Le Mans 24 2026,track_position,HYPERCAR,5,340792,HYPERCAR-04,5,5,380,86344.05236293712,34,2509.5130008536785,456.8,37,1,0,0.06434332254866604,0,0.0
1.8,0.45,wec,Le Mans 24 2026,splash_and_dash,HYPERCAR,5,340792,HYPERCAR-04,6,6,380,86345.75359510422,35,2514.242660711836,457.6,37,0,0,-1.6368888445576886,1,-4.729659858157447
1.8,0.45,wec,Le Mans 24 2026,lap_down,HYPERCAR,5,340792,HYPERCAR-04,5,5,380,86344.05236293712,34,2509.5130008536785,456.8,37,1,0,0.06434332254866604,0,0.0
1.8,0.45,wec,Le Mans 24 2026,agent,HYPERCAR,5,340792,HYPERCAR-04,18,18,375,86295.55029942008,97,3920.856415351258,444.00000000000006,40,-12,-5,48.5664068395854,63,-1411.3434144975795
1.8,0.45,wec,Le Mans 24 2026,fuel_window,HYPERCAR,5,594289,HYPERCAR-08,2,2,385,86351.49937498261,36,2603.356638314702,440.8,32,0,0,0.0,0,0.0
1.8,0.45,wec,Le Mans 24 2026,caution_gambler,HYPERCAR,5,594289,HYPERCAR-08,2,2,385,86336.07875939988,37,2612.9212546753665,440.00000000000006,32,0,0,15.420615582726896,1,-9.564616360664331
1.8,0.45,wec,Le Mans 24 2026,track_position,HYPERCAR,5,594289,HYPERCAR-08,3,3,385,86238.16798554828,35,2533.522763117997,440.8,32,-1,0,113.33138943433005,-1,69.83387519670532
1.8,0.45,wec,Le Mans 24 2026,splash_and_dash,HYPERCAR,5,594289,HYPERCAR-08,2,2,385,86344.5793950147,37,2586.4704474335526,441.6,32,0,0,6.91997996790451,1,16.88619088114956
1.8,0.45,wec,Le Mans 24 2026,lap_down,HYPERCAR,5,594289,HYPERCAR-08,2,2,385,86351.49937498261,36,2603.356638314702,440.8,32,0,0,0.0,0,0.0
1.8,0.45,wec,Le Mans 24 2026,agent,HYPERCAR,5,594289,HYPERCAR-08,17,17,381,86130.83066106176,90,3722.3168145753866,474.40000000000003,32,-15,-4,220.6687139208516,54,-1118.9601762606844
1.8,0.45,wec,Le Mans 24 2026,fuel_window,HYPERCAR,5,237316,HYPERCAR-15,5,5,389,86231.87144999891,37,2820.940203974341,596.0,20,0,0,0.0,0,0.0
1.8,0.45,wec,Le Mans 24 2026,caution_gambler,HYPERCAR,5,237316,HYPERCAR-15,7,7,389,86331.32777421303,37,2824.663073542749,549.6,21,-2,0,-99.45632421411574,0,-3.7228695684079867
1.8,0.45,wec,Le Mans 24 2026,track_position,HYPERCAR,5,237316,HYPERCAR-15,5,5,389,86251.756244266,36,2740.6519657884287,616.8000000000001,21,0,0,-19.884794267083635,-1,80.28823818591218
1.8,0.45,wec,Le Mans 24 2026,splash_and_dash,HYPERCAR,5,237316,HYPERCAR-15,5,5,389,86201.96436998862,37,2789.8642301557597,600.0,20,0,0,29.907080010292702,0,31.075973818581133
1.8,0.45,wec,Le Mans 24 2026,lap_down,HYPERCAR,5,237316,HYPERCAR-15,5,5,389,86251.756244266,36,2740.6519657884287,616.8000000000001,21,0,0,-19.884794267083635,-1,80.28823818591218
1.8,0.45,wec,Le Mans 24 2026,agent,HYPERCAR,5,237316,HYPERCAR-15,18,18,384,86226.74238275937,86,3981.9653574669205,508.8,21,-13,-5,5.1290672395407455,49,-1161.0251534925796
1.8,0.45,wec,Le Mans 24 2026,fuel_window,HYPERCAR,5,936516,HYPERCAR-03,3,3,390,86348.61174333333,38,2751.295705306337,599.2,18,0,0,0.0,0,0.0
1.8,0.45,wec,Le Mans 24 2026,caution_gambler,HYPERCAR,5,936516,HYPERCAR-03,3,3,390,86348.61174333333,38,2751.295705306337,599.2,18,0,0,0.0,0,0.0
1.8,0.45,wec,Le Mans 24 2026,track_position,HYPERCAR,5,936516,HYPERCAR-03,2,2,390,86332.90528477979,37,2694.0593329478297,613.6,18,1,0,15.70645855354087,-1,57.2363723585072
1.8,0.45,wec,Le Mans 24 2026,splash_and_dash,HYPERCAR,5,936516,HYPERCAR-03,3,3,390,86356.8721658053,39,2768.3411222439468,593.6,18,0,0,-8.260422471968923,1,-17.045416937609843
1.8,0.45,wec,Le Mans 24 2026,lap_down,HYPERCAR,5,936516,HYPERCAR-03,3,3,390,86348.61174333333,38,2751.295705306337,599.2,18,0,0,0.0,0,0.0
1.8,0.45,wec,Le Mans 24 2026,agent,HYPERCAR,5,936516,HYPERCAR-03,18,18,385,86241.45013105625,88,4026.474619014859,485.6,17,-15,-5,107.16161227707926,50,-1275.178913708522
1.8,0.45,wec,Le Mans 24 2026,fuel_window,HYPERCAR,5,764388,HYPERCAR-06,5,5,393,86286.88899765896,38,2787.35999479403,512.8000000000001,11,0,0,0.0,0,0.0
1.8,0.45,wec,Le Mans 24 2026,caution_gambler,HYPERCAR,5,764388,HYPERCAR-06,5,5,393,86286.88899765896,38,2787.35999479403,512.8000000000001,11,0,0,0.0,0,0.0
1.8,0.45,wec,Le Mans 24 2026,track_position,HYPERCAR,5,764388,HYPERCAR-06,4,4,393,86268.473970295,37,2728.1256617930358,579.2,11,1,0,18.415027363953413,-1,59.23433300099441
1.8,0.45,wec,Le Mans 24 2026,splash_and_dash,HYPERCAR,5,764388,HYPERCAR-06,5,5,393,86287.80333723666,39,2783.905440563441,520.0,11,0,0,-0.9143395777064143,1,3.4545542305891104
1.8,0.45,wec,Le Mans 24 2026,lap_down,HYPERCAR,5,764388,HYPERCAR-06,5,5,393,86317.67565767514,38,2788.64316979403,542.4000000000001,11,0,0,-30.786660016179667,0,-1.2831750000000284
1.8,0.45,wec,Le Mans 24 2026,agent,HYPERCAR,5,764388,HYPERCAR-06,18,18,388,86194.88769156177,88,3829.907698463727,627.2,14,-13,-5,92.00130609718326,50,-1042.5477036696966
1.8,0.45,wec,Le Mans 24 2026,fuel_window,HYPERCAR,5,146757,HYPERCAR-03,6,6,389,86321.4621786066,36,2657.517937855559,558.4000000000001,20,0,0,0.0,0,0.0
1.8,0.45,wec,Le Mans 24 2026,caution_gambler,HYPERCAR,5,146757,HYPERCAR-03,7,7,389,86344.79465282838,37,2707.41412772336,591.2,19,-1,0,-23.332474221781013,1,-49.896189867800786
1.8,0.45,wec,Le Mans 24 2026,track_position,HYPERCAR,5,146757,HYPERCAR-03,6,6,389,86321.4621786066,36,2657.517937855559,558.4000000000001,20,0,0,0.0,0,0.0
1.8,0.45,wec,Le Mans 24 2026,splash_and_dash,HYPERCAR,5,146757,HYPERCAR-03,6,6,389,86307.95913108274,37,2649.153773071348,556.8000000000001,20,0,0,13.503047523860005,1,8.36416478421097
1.8,0.45,wec,Le Mans 24 2026,lap_down,HYPERCAR,5,146757,HYPERCAR-03,6,6,389,86321.4621786066,36,2657.517937855559,558.4000000000001,20,0,0,0.0,0,0.0
1.8,0.45,wec,Le Mans 24 2026,agent,HYPERCAR,5,146757,HYPERCAR-03,18,18,384,86257.3520514806,91,3962.122298245835,488.8,21,-12,-5,64.11012712599768,55,-1304.6043603902758
1.8,0.45,wec,Le Mans 24 2026,fuel_window,HYPERCAR,5,218235,HYPERCAR-14,11,11,395,86332.77862409178,39,3062.7212896934834,526.4000000000001,3,0,0,0.0,0,0.0
1.8,0.45,wec,Le Mans 24 2026,caution_gambler,HYPERCAR,5,218235,HYPERCAR-14,11,11,395,86332.77862409178,39,3062.7212896934834,526.4000000000001,3,0,0,0.0,0,0.0
1.8,0.45,wec,Le Mans 24 2026,track_position,HYPERCAR,5,218235,HYPERCAR-14,11,11,395,86366.51346491693,38,3005.005581475227,606.4000000000001,3,0,0,-33.734840825156425,-1,57.71570821825662
1.8,0.45,wec,Le Mans 24 2026,splash_and_dash,HYPERCAR,5,218235,HYPERCAR-14,11,11,395,86348.66426055295,40,3081.884144072382,525.6,3,0,0,-15.885636461171089,1,-19.162854378898373
1.8,0.45,wec,Le Mans 24 2026,lap_down,HYPERCAR,5,218235,HYPERCAR-14,11,11,395,86366.51346491693,38,3005.005581475227,606.4000000000001,3,0,0,-33.734840825156425,-1,57.71570821825662
1.8,0.45,wec,Le Mans 24 2026,agent,HYPERCAR,5,218235,HYPERCAR-14,18,18,390,86243.49813501818,87,4220.9975363968915,555.2,6,-7,-5,89.28048907360062,48,-1158.276246703408
1.8,0.45,wec,Le Mans 24 2026,fuel_window,HYPERCAR,5,665085,HYPERCAR-13,8,8,385,86343.79481839569,36,2620.038948738581,479.20000000000005,26,0,0,0.0,0,0.0
1.8,0.45,wec,Le Mans 24 2026,caution_gambler,HYPERCAR,5,665085,HYPERCAR-13,12,12,384,86222.99050757776,38,2677.205405945558,553.6,26,-4,-1,120.80431081792631,2,-57.16645720697716
1.8,0.45,wec,Le Mans 24 2026,track_position,HYPERCAR,5,665085,HYPERCAR-13,13,13,384,86241.53755744502,36,2654.6606771609513,460.00000000000006,27,-5,-1,102.25726095067512,0,-34.621728422370325
1.8,0.45,wec,Le Mans 24 2026,splash_and_dash,HYPERCAR,5,665085,HYPERCAR-13,8,8,385,86326.97535357656,37,2608.0044783851145,477.6,26,0,0,16.81946481912746,1,12.034470353466531
1.8,0.45,wec,Le Mans 24 2026,lap_down,HYPERCAR,5,665085,HYPERCAR-13,8,8,385,86343.79481839569,36,2620.038948738581,479.20000000000005,26,0,0,0.0,0,0.0
1.8,0.45,wec,Le Mans 24 2026,agent,HYPERCAR,5,665085,HYPERCAR-13,18,18,380,86253.30385800784,90,3923.1689552718394,484.00000000000006,28,-10,-5,90.49096038784774,54,-1303.1300065332584
1.8,0.45,wec,Le Mans 24 2026,fuel_window,HYPERCAR,5,729373,HYPERCAR-07,14,14,380,86312.94683092562,35,2655.786898215927,490.40000000000003,37,0,0,0.0,0,0.0
1.8,0.45,wec,Le Mans 24 2026,caution_gambler,HYPERCAR,5,729373,HYPERCAR-07,12,12,380,86262.88189491465,35,2624.1458151140682,488.8,37,2,0,50.06493601096736,0,31.64108310185884
1.8,0.45,wec,Le Mans 24 2026,track_position,HYPERCAR,5,729373,HYPERCAR-07,10,10,380,86244.85106337199,35,2624.9147085197233,556.8000000000001,39,4,0,68.09576755363378,0,30.872189696203804
1.8,0.45,wec,Le Mans 24 2026,splash_and_dash,HYPERCAR,5,729373,HYPERCAR-07,14,14,380,86307.96256864819,36,2651.7034424540375,490.40000000000003,37,0,0,4.984262277430389,1,4.0834557618895815
1.8,0.45,wec,Le Mans 24 2026,lap_down,HYPERCAR,5,729373,HYPERCAR-07,14,14,380,86312.94683092562,35,2655.786898215927,490.40000000000003,37,0,0,0.0,0,0.0
1.8,0.45,wec,Le Mans 24 2026,agent,HYPERCAR,5,729373,HYPERCAR-07,18,18,378,86319.72181073097,92,4109.072477638168,486.40000000000003,38,-4,-2,-6.774979805355542,57,-1453.2855794222405
1.8,0.45,wec,Le Mans 24 2026,fuel_window,HYPERCAR,5,886406,HYPERCAR-18,9,9,384,86215.73522120864,35,2517.732299555236,564.0,28,0,0,0.0,0,0.0
1.8,0.45,wec,Le Mans 24 2026,caution_gambler,HYPERCAR,5,886406,HYPERCAR-18,2,2,385,86262.53054940763,35,2488.9778437842547,579.2,28,7,1,-46.79532819899032,0,28.754455770981167
1.8,0.45,wec,Le Mans 24 2026,track_position,HYPERCAR,5,886406,HYPERCAR-18,12,12,384,86224.68825849355,35,2517.732299555236,570.4000000000001,28,-3,0,-8.953037284911261,0,0.0
1.8,0.45,wec,Le Mans 24 2026,splash_and_dash,HYPERCAR,5,886406,HYPERCAR-18,9,9,384,86189.10112337048,35,2487.8831961827595,570.4000000000001,28,0,0,26.634097838163143,0,29.849103372476293
1.8,0.45,wec,Le Mans 24 2026,lap_down,HYPERCAR,5,886406,HYPERCAR-18,9,9,384,86215.73522120864,35,2517.732299555236,564.0,28,0,0,0.0,0,0.0
1.8,0.45,wec,Le Mans 24 2026,agent,HYPERCAR,5,886406,HYPERCAR-18,18,18,381,86222.89443953255,102,4198.443607129012,441.6,30,-9,-3,-7.159218323911773,67,-1680.7113075737761
1.8,0.45,wec,Le Mans 24 2026,fuel_window,HYPERCAR,5,266896,HYPERCAR-15,13,13,373,86306.66297423356,35,2440.9705353522104,509.6,50,0,0,0.0,0,0.0
1.8,0.45,wec,Le Mans 24 2026,caution_gambler,HYPERCAR,5,266896,HYPERCAR-15,3,3,375,86323.12101235581,37,2454.8376125463965,421.6,49,10,2,-16.45803812224767,2,-13.867077194186095
1.8,0.45,wec,Le Mans 24 2026,track_position,HYPERCAR,5,266896,HYPERCAR-15,9,9,373,86187.1258556956,35,2386.0504232187686,524.8000000000001,50,4,0,119.53711853796267,0,54.92011213344176
1.8,0.45,wec,Le Mans 24 2026,splash_and_dash,HYPERCAR,5,266896,HYPERCAR-15,13,13,373,86316.3495523471,36,2449.4882196574395,513.6,50,0,0,-9.686578113542055,1,-8.517684305229068
1.8,0.45,wec,Le Mans 24 2026,lap_down,HYPERCAR,5,266896,HYPERCAR-15,8,8,374,86337.60347524696,35,2440.66257335221,474.40000000000003,49,5,1,-30.94050101339235,0,0.30796200000031604
1.8,0.45,wec,Le Mans 24 2026,agent,HYPERCAR,5,266896,HYPERCAR-15,18,18,370,86333.159421374,105,4033.3274498129185,392.8,51,-5,-3,-26.49644714043825,70,-1592.3569144607081
1.8,0.45,wec,Le Mans 24 2026,fuel_window,HYPERCAR,5,967217,HYPERCAR-18,18,18,382,86214.40406361833,36,2773.349377095429,533.6,33,0,0,0.0,0,0.0
1.8,0.45,wec,Le Mans 24 2026,caution_gambler,HYPERCAR,5,967217,HYPERCAR-18,10,10,383,86332.5580913825,37,2816.0422879564962,508.00000000000006,32,8,1,-118.15402776416158,1,-42.69291086106705
1.8,0.45,wec,Le Mans 24 2026,track_position,HYPERCAR,5,967217,HYPERCAR-18,12,12,383,86366.3312014295,36,2774.991841095429,613.6,34,6,1,-151.9271378111589,0,-1.6424640000000181
1.8,0.45,wec,Le Mans 24 2026,splash_and_dash,HYPERCAR,5,967217,HYPERCAR-18,15,15,382,86177.70307689883,36,2744.822123277453,528.0,33,3,0,36.70098671950109,0,28.52725381797609
1.8,0.45,wec,Le Mans 24 2026,lap_down,HYPERCAR,5,967217,HYPERCAR-18,10,10,383,86349.05440427363,36,2775.299803095429,582.4000000000001,34,8,1,-134.6503406552947,0,-1.9504259999998794
1.8,0.45,wec,Le Mans 24 2026,agent,HYPERCAR,5,967217,HYPERCAR-18,18,18,379,86161.39534044436,96,4267.355356105719,527.2,34,0,-3,53.00872317397443,60,-1494.0059790102896
1.8,0.45,wec,Le Mans 24 2026,fuel_window,HYPERCAR,5,694703,HYPERCAR-05,8,8,395,86235.7495057374,39,3009.484912363884,511.20000000000005,6,0,0,0.0,0,0.0
1.8,0.45,wec,Le Mans 24 2026,caution_gambler,HYPERCAR,5,694703,HYPERCAR-05,8,8,395,86235.7495057374,39,3009.484912363884,511.20000000000005,6,0,0,0.0,0,0.0
1.8,0.45,wec,Le Mans 24 2026,track_position,HYPERCAR,5,694703,HYPERCAR-05,8,8,395,86240.19848407134,39,3009.484912363884,536.0,6,0,0,-4.448978333937703,0,0.0
1.8,0.45,wec,Le Mans 24 2026,splash_and_dash,HYPERCAR,5,694703,HYPERCAR-05,7,7,395,86200.44795600032,39,2990.4951310208044,511.20000000000005,6,1,0,35.30154973707977,0,18.989781343079812
1.8,0.45,wec,Le Mans 24 2026,lap_down,HYPERCAR,5,694703,HYPERCAR-05,8,8,395,86235.7495057374,39,3009.484912363884,511.20000000000005,6,0,0,0.0,0,0.0
1.8,0.45,wec,Le Mans 24 2026,agent,HYPERCAR,5,694703,HYPERCAR-05,18,18,391,86377.47421344894,91,4234.764500063624,542.4,8,-10,-4,-141.72470771153166,52,-1225.2795876997397
1.8,0.45,wec,Le Mans 24 2026,fuel_window,HYPERCAR,5,492801,HYPERCAR-12,2,2,388,86222.8238420792,37,2714.141043318551,474.40000000000003,25,0,0,0.0,0,0.0
1.8,0.45,wec,Le Mans 24 2026,caution_gambler,HYPERCAR,5,492801,HYPERCAR-12,3,3,388,86233.83686976237,37,2715.372891318551,473.6,25,-1,0,-11.013027683162363,0,-1.2318479999999
1.8,0.45,wec,Le Mans 24 2026,track_position,HYPERCAR,5,492801,HYPERCAR-12,5,5,387,86179.97640417056,36,2656.624048107198,527.2,23,-3,-1,42.84743790864013,-1,57.51699521135288
1.8,0.45,wec,Le Mans 24 2026,splash_and_dash,HYPERCAR,5,492801,HYPERCAR-12,2,2,388,86189.78267544559,37,2679.3476014420626,477.6,25,0,0,33.04116663361492,0,34.79344187648849
1.8,0.45,wec,Le Mans 24 2026,lap_down,HYPERCAR,5,492801,HYPERCAR-12,2,2,388,86222.8238420792,37,2714.141043318551,474.40000000000003,25,0,0,0.0,0,0.0
1.8,0.45,wec,Le Mans 24 2026,agent,HYPERCAR,5,492801,HYPERCAR-12,18,18,384,86365.63651127057,94,4071.224847029499,433.6,25,-16,-4,-142.81266919136397,57,-1357.083803710948
1.8,0.45,wec,Le Mans 24 2026,fuel_window,HYPERCAR,5,228824,HYPERCAR-06,6,6,389,86265.05354696958,38,2766.053707699499,556.0,17,0,0,0.0,0,0.0
1.8,0.45,wec,Le Mans 24 2026,caution_gambler,HYPERCAR,5,228824,HYPERCAR-06,6,6,389,86258.29846286347,39,2793.145973806591,542.4000000000001,17,0,0,6.755084106102004,1,-27.0922661070922
1.8,0.45,wec,Le Mans 24 2026,track_position,HYPERCAR,5,228824,HYPERCAR-06,2,2,390,86270.56956553139,37,2708.6714743536513,587.2,17,4,1,-5.5160185618151445,-1,57.38223334584745
1.8,0.45,wec,Le Mans 24 2026,splash_and_dash,HYPERCAR,5,228824,HYPERCAR-06,6,6,389,86273.9710381766,39,2770.9561933722152,563.2,17,0,0,-8.917491207030253,1,-4.902485672716466
1.8,0.45,wec,Le Mans 24 2026,lap_down,HYPERCAR,5,228824,HYPERCAR-06,6,6,389,86255.03672381489,38,2766.053707699499,552.8000000000001,17,0,0,10.016823154684971,0,0.0
1.8,0.45,wec,Le Mans 24 2026,agent,HYPERCAR,5,228824,HYPERCAR-06,18,18,384,86235.88289307612,98,4121.715845932671,579.2,17,-12,-5,29.170653893452254,60,-1355.6621382331723
1.8,0.45,wec,Le Mans 24 2026,fuel_window,HYPERCAR,5,472690,HYPERCAR-18,5,5,382,86344.09786737608,36,2640.3661257614367,535.2,31,0,0,0.0,0,0.0
1.8,0.45,wec,Le Mans 24 2026,caution_gambler,HYPERCAR,5,472690,HYPERCAR-18,9,9,381,86298.85147215035,36,2613.8559085893,520.0,32,-4,-1,45.246395225738524,0,26.51021717213689
1.8,0.45,wec,Le Mans 24 2026,track_position,HYPERCAR,5,472690,HYPERCAR-18,11,11,381,86342.10197376418,36,2667.543936176892,556.8000000000001,31,-6,-1,1.995893611907377,0,-27.177810415455497
1.8,0.45,wec,Le Mans 24 2026,splash_and_dash,HYPERCAR,5,472690,HYPERCAR-18,5,5,382,86343.69115366008,37,2647.489711721585,529.6,31,0,0,0.4067137160018319,1,-7.123585960148375
1.8,0.45,wec,Le Mans 24 2026,lap_down,HYPERCAR,5,472690,HYPERCAR-18,5,5,382,86344.09786737608,36,2640.3661257614367,535.2,31,0,0,0.0,0,0.0
1.8,0.45,wec,Le Mans 24 2026,agent,HYPERCAR,5,472690,HYPERCAR-18,18,18,379,86270.91968813859,87,3702.9309349098658,492.00000000000006,34,-13,-3,73.1781792374968,51,-1062.564809148429
1.8,0.45,wec,Le Mans 24 2026,fuel_window,HYPERCAR,5,792194,HYPERCAR-04,8,8,391,86351.67657943917,37,2810.9732916222824,558.4000000000001,16,0,0,0.0,0,0.0
1.8,0.45,wec,Le Mans 24 2026,caution_gambler,HYPERCAR,5,792194,HYPERCAR-04,8,8,391,86351.67657943917,37,2810.9732916222824,558.4000000000001,16,0,0,0.0,0,0.0
1.8,0.45,wec,Le Mans 24 2026,track_position,HYPERCAR,5,792194,HYPERCAR-04,8,8,391,86325.5263670055,37,2813.539641622282,536.8000000000001,16,0,0,26.150212433669367,0,-2.566349999999602
1.8,0.45,wec,Le Mans 24 2026,splash_and_dash,HYPERCAR,5,792194,HYPERCAR-04,8,8,391,86351.90564226003,38,2809.6795723608802,562.4000000000001,16,0,0,-0.22906282085750718,1,1.2937192614022024
1.8,0.45,wec,Le Mans 24 2026,lap_down,HYPERCAR,5,792194,HYPERCAR-04,8,8,391,86347.26323945537,37,2812.2564666222825,552.8000000000001,16,0,0,4.413339983802871,0,-1.2831750000000284
1.8,0.45,wec,Le Mans 24 2026,agent,HYPERCAR,5,792194,HYPERCAR-04,18,18,387,86308.30628948745,83,3917.0181241094374,551.2,18,-10,-4,43.37028995172295,46,-1106.044832487155
1.8,0.45,wec,Le Mans 24 2026,fuel_window,HYPERCAR,5,311473,HYPERCAR-16,6,6,397,86305.10464963659,39,3006.223228221729,568.0,2,0,0,0.0,0,0.0
1.8,0.45,wec,Le Mans 24 2026,caution_gambler,HYPERCAR,5,311473,HYPERCAR-16,6,6,397,86305.10464963659,39,3006.223228221729,568.0,2,0,0,0.0,0,0.0
1.8,0.45,wec,Le Mans 24 2026,track_position,HYPERCAR,5,311473,HYPERCAR-16,4,4,397,86192.04627255087,39,3006.736498221729,547.2,1,2,0,113.05837708571926,0,-0.5132699999999204
1.8,0.45,wec,Le Mans 24 2026,splash_and_dash,HYPERCAR,5,311473,HYPERCAR-16,6,6,397,86317.6392436096,40,3009.588928386491,580.0,2,0,0,-12.534593973017763,1,-3.36570016476162
1.8,0.45,wec,Le Mans 24 2026,lap_down,HYPERCAR,5,311473,HYPERCAR-16,6,6,397,86305.10464963659,39,3006.223228221729,568.0,2,0,0,0.0,0,0.0
1.8,0.45,wec,Le Mans 24 2026,agent,HYPERCAR,5,311473,HYPERCAR-16,18,18,393,86328.17655047445,89,4088.819017768943,521.6,1,-12,-4,-23.07190083786554,50,-1082.5957895472138
1.8,0.45,wec,Le Mans 24 2026,fuel_window,HYPERCAR,5,576934,HYPERCAR-08,10,10,372,86286.65179435948,34,2481.3405822289715,480.00000000000006,51,0,0,0.0,0,0.0
1.8,0.45,wec,Le Mans 24 2026,caution_gambler,HYPERCAR,5,576934,HYPERCAR-08,13,13,372,86204.4624914474,37,2589.704603353251,436.0,50,-3,0,82.1893029120838,3,-108.36402112427959
1.8,0.45,wec,Le Mans 24 2026,track_position,HYPERCAR,5,576934,HYPERCAR-08,5,5,372,86267.73910169456,34,2482.0591602289715,482.40000000000003,52,5,0,18.912692664918723,0,-0.7185779999999795
1.8,0.45,wec,Le Mans 24 2026,splash_and_dash,HYPERCAR,5,576934,HYPERCAR-08,5,5,372,86244.19778821565,34,2447.409905728951,473.6,51,5,0,42.454006143831066,0,33.93067650002058
1.8,0.45,wec,Le Mans 24 2026,lap_down,HYPERCAR,5,576934,HYPERCAR-08,10,10,372,86286.65179435948,34,2481.3405822289715,480.00000000000006,51,0,0,0.0,0,0.0
1.8,0.45,wec,Le Mans 24 2026,agent,HYPERCAR,5,576934,HYPERCAR-08,18,18,369,86263.00953457764,112,4307.772366782625,380.8,51,-8,-3,23.642259781845496,78,-1826.4317845536534
1.8,0.45,wec,Le Mans 24 2026,fuel_window,HYPERCAR,5,547095,HYPERCAR-15,13,13,378,86265.10936651532,34,2539.3228967047485,515.2,40,0,0,0.0,0,0.0
1.8,0.45,wec,Le Mans 24 2026,caution_gambler,HYPERCAR,5,547095,HYPERCAR-15,5,5,378,86327.90654879577,35,2441.497960277488,492.8,40,8,0,-62.79718228045385,1,97.82493642726058
1.8,0.45,wec,Le Mans 24 2026,track_position,HYPERCAR,5,547095,HYPERCAR-15,12,12,378,86218.08789053997,34,2539.3228967047485,515.2,40,1,0,47.02147597534349,0,0.0
1.8,0.45,wec,Le Mans 24 2026,splash_and_dash,HYPERCAR,5,547095,HYPERCAR-15,10,10,378,86237.14073532446,35,2526.093148253529,504.00000000000006,40,3,0,27.968631190859014,1,13.22974845121962
1.8,0.45,wec,Le Mans 24 2026,lap_down,HYPERCAR,5,547095,HYPERCAR-15,11,11,378,86232.65064533477,34,2513.6569702004704,526.4000000000001,40,2,0,32.45872118054831,0,25.665926504278104
1.8,0.45,wec,Le Mans 24 2026,agent,HYPERCAR,5,547095,HYPERCAR-15,18,18,374,86354.73600793371,100,4208.018772590653,425.6,43,-5,-4,-89.62664141839196,66,-1668.6958758859041
1.8,0.45,wec,Le Mans 24 2026,fuel_window,HYPERCAR,5,432349,HYPERCAR-18,4,4,377,86315.30894544239,35,2450.580109485974,538.4000000000001,42,0,0,0.0,0,0.0
1.8,0.45,wec,Le Mans 24 2026,caution_gambler,HYPERCAR,5,432349,HYPERCAR-18,7,7,377,86307.10739918548,38,2540.2412022786243,561.6,42,-3,0,8.20154625691066,3,-89.66109279265038
1.8,0.45,wec,Le Mans 24 2026,track_position,HYPERCAR,5,432349,HYPERCAR-18,7,7,377,86307.6785158957,35,2450.1694934859743,549.6,42,-3,0,7.630429546683445,0,0.4106159999996635
1.8,0.45,wec,Le Mans 24 2026,splash_and_dash,HYPERCAR,5,432349,HYPERCAR-18,4,4,377,86306.88798022467,36,2451.2980270078865,532.8000000000001,42,0,0,8.420965217723278,1,-0.7179175219125682
1.8,0.45,wec,Le Mans 24 2026,lap_down,HYPERCAR,5,432349,HYPERCAR-18,4,4,377,86315.30894544239,35,2450.580109485974,538.4000000000001,42,0,0,0.0,0,0.0
1.8,0.45,wec,Le Mans 24 2026,agent,HYPERCAR,5,432349,HYPERCAR-18,18,18,373,86271.43441826785,120,4536.100852281826,440.00000000000006,47,-14,-4,43.87452717454289,85,-2085.5207427958517
1.8,0.45,wec,Le Mans 24 2026,fuel_window,HYPERCAR,5,315807,HYPERCAR-10,6,6,383,86280.93169253024,36,2706.89925010365,525.6,29,0,0,0.0,0,0.0
1.8,0.45,wec,Le Mans 24 2026,caution_gambler,HYPERCAR,5,315807,HYPERCAR-10,6,6,383,86242.99995149094,37,2721.11483002911,573.6,30,0,0,37.931741039297776,1,-14.215579925460133
1.8,0.45,wec,Le Mans 24 2026,track_position,HYPERCAR,5,315807,HYPERCAR-10,6,6,383,86267.028969913,36,2670.995796051255,535.2,29,0,0,13.902722617247491,0,35.90345405239486
1.8,0.45,wec,Le Mans 24 2026,splash_and_dash,HYPERCAR,5,315807,HYPERCAR-10,5,5,383,86256.33980506506,36,2675.538468830193,535.2,29,1,0,24.59188746518339,0,31.360781273457178
1.8,0.45,wec,Le Mans 24 2026,lap_down,HYPERCAR,5,315807,HYPERCAR-10,6,6,383,86280.93169253024,36,2706.89925010365,525.6,29,0,0,0.0,0,0.0
1.8,0.45,wec,Le Mans 24 2026,agent,HYPERCAR,5,315807,HYPERCAR-10,18,18,379,86327.15769147649,91,4002.0170709237286,482.40000000000003,29,-12,-4,-46.22599894624727,55,-1295.1178208200786
1.8,0.45,wec,Le Mans 24 2026,fuel_window,HYPERCAR,5,797125,HYPERCAR-01,3,3,385,86361.21077882548,36,2662.079553263025,467.20000000000005,29,0,0,0.0,0,0.0
1.8,0.45,wec,Le Mans 24 2026,caution_gambler,HYPERCAR,5,797125,HYPERCAR-01,8,8,384,86309.50279663828,37,2681.0977005930195,556.8000000000001,29,-5,-1,51.707982187203015,1,-19.018147329994463
1.8,0.45,wec,Le Mans 24 2026,track_position,HYPERCAR,5,797125,HYPERCAR-01,3,3,385,86358.26743734423,35,2616.4824152519277,507.20000000000005,29,0,0,2.9433414812519914,-1,45.597138011097286
1.8,0.45,wec,Le Mans 24 2026,splash_and_dash,HYPERCAR,5,797125,HYPERCAR-01,3,3,385,86346.96415095909,36,2631.617403721975,472.0,29,0,0,14.246627866392373,0,30.462149541050167
1.8,0.45,wec,Le Mans 24 2026,lap_down,HYPERCAR,5,797125,HYPERCAR-01,3,3,385,86361.21077882548,36,2662.079553263025,467.20000000000005,29,0,0,0.0,0,0.0
1.8,0.45,wec,Le Mans 24 2026,agent,HYPERCAR,5,797125,HYPERCAR-01,18,18,380,86266.6901197614,100,4235.464382740472,453.6,29,-15,-5,94.5206590640737,64,-1573.3848294774466
1.8,0.45,wec,Le Mans 24 2026,fuel_window,HYPERCAR,5,497366,HYPERCAR-08,8,8,379,86351.8312131308,34,2540.969882459346,581.6,39,0,0,0.0,0,0.0
1.8,0.45,wec,Le Mans 24 2026,caution_gambler,HYPERCAR,5,497366,HYPERCAR-08,8,8,379,86345.3376578711,37,2594.292557114047,522.4000000000001,38,0,0,6.4935552597016795,3,-53.32267465470113
1.8,0.45,wec,Le Mans 24 2026,track_position,HYPERCAR,5,497366,HYPERCAR-08,7,7,379,86359.85213495138,34,2501.7949950444627,550.4000000000001,38,1,0,-8.020921820570948,0,39.174887414883415
1.8,0.45,wec,Le Mans 24 2026,splash_and_dash,HYPERCAR,5,497366,HYPERCAR-08,7,7,379,86346.50654859135,35,2541.584100659536,579.2,39,1,0,5.324664539453806,1,-0.6142182001899528
1.8,0.45,wec,Le Mans 24 2026,lap_down,HYPERCAR,5,497366,HYPERCAR-08,8,8,379,86351.8312131308,34,2540.969882459346,581.6,39,0,0,0.0,0,0.0
1.8,0.45,wec,Le Mans 24 2026,agent,HYPERCAR,5,497366,HYPERCAR-08,18,18,375,86243.07505112777,104,4394.229136824728,423.20000000000005,41,-10,-4,108.75616200303193,70,-1853.2592543653818
1.8,0.45,wec,Le Mans 24 2026,fuel_window,HYPERCAR,5,175084,HYPERCAR-08,10,10,383,86248.01865816339,37,2732.0395771977,474.40000000000003,31,0,0,0.0,0,0.0
1.8,0.45,wec,Le Mans 24 2026,caution_gambler,HYPERCAR,5,175084,HYPERCAR-08,9,9,383,86281.63490297682,39,2823.454270559474,516.0,31,1,0,-33.61624481342733,2,-91.41469336177397
1.8,0.45,wec,Le Mans 24 2026,track_position,HYPERCAR,5,175084,HYPERCAR-08,7,7,383,86185.11020713432,36,2706.415776313699,495.20000000000005,30,3,0,62.90845102907042,-1,25.623800884000957
1.8,0.45,wec,Le Mans 24 2026,splash_and_dash,HYPERCAR,5,175084,HYPERCAR-08,10,10,383,86209.61625094738,37,2695.8527230775408,473.6,31,0,0,38.40240721601003,0,36.186854120159296
1.8,0.45,wec,Le Mans 24 2026,lap_down,HYPERCAR,5,175084,HYPERCAR-08,10,10,383,86248.01865816339,37,2732.0395771977,474.40000000000003,31,0,0,0.0,0,0.0
1.8,0.45,wec,Le Mans 24 2026,agent,HYPERCAR,5,175084,HYPERCAR-08,18,18,380,86222.0275756335,97,4186.426624758492,504.8,35,-8,-3,25.991082529886626,60,-1454.3870475607919
1.8,0.45,wec,Le Mans 24 2026,fuel_window,HYPERCAR,5,887010,HYPERCAR-03,6,6,380,86301.75000730508,34,2462.525168501409,518.4000000000001,42,0,0,0.0,0,0.0
1.8,0.45,wec,Le Mans 24 2026,caution_gambler,HYPERCAR,5,887010,HYPERCAR-03,5,5,380,86244.13108057724,35,2414.6356039257794,505.6,40,1,0,57.6189267278387,1,47.88956457562972
1.8,0.45,wec,Le Mans 24 2026,track_position,HYPERCAR,5,887010,HYPERCAR-03,4,4,380,86218.22484066788,34,2464.2189595014092,500.80000000000007,41,2,0,83.52516663719143,0,-1.6937910000001466
1.8,0.45,wec,Le Mans 24 2026,splash_and_dash,HYPERCAR,5,887010,HYPERCAR-03,5,5,380,86292.37033658149,35,2454.28438051744,520.8000000000001,42,1,0,9.379670723588788,1,8.240787983969312
1.8,0.45,wec,Le Mans 24 2026,lap_down,HYPERCAR,5,887010,HYPERCAR-03,6,6,380,86301.75000730508,34,2462.525168501409,518.4000000000001,42,0,0,0.0,0,0.0
1.8,0.45,wec,Le Mans 24 2026,agent,HYPERCAR,5,887010,HYPERCAR-03,18,18,376,86360.03810140902,93,4005.109986857758,467.20000000000005,43,-12,-4,-58.288094103947515,59,-1542.584818356349
1.8,0.45,wec,Le Mans 24 2026,fuel_window,HYPERCAR,5,472274,HYPERCAR-10,1,1,389,86180.86668357567,36,2682.3893274949946,552.8000000000001,20,0,0,0.0,0,0.0
1.8,0.45,wec,Le Mans 24 2026,caution_gambler,HYPERCAR,5,472274,HYPERCAR-10,4,4,389,86242.71046795885,37,2751.905047124124,572.0,20,-3,0,-61.84378438317799,1,-69.51571962912931
1.8,0.45,wec,Le Mans 24 2026,track_position,HYPERCAR,5,472274,HYPERCAR-10,3,3,389,86193.81210723455,36,2683.6725024949947,553.6,20,-2,0,-12.945423658879008,0,-1.2831750000000284
1.8,0.45,wec,Le Mans 24 2026,splash_and_dash,HYPERCAR,5,472274,HYPERCAR-10,1,1,389,86156.95181627665,37,2687.090092990429,560.0,20,0,0,23.91486729902681,1,-4.700765495434553
1.8,0.45,wec,Le Mans 24 2026,lap_down,HYPERCAR,5,472274,HYPERCAR-10,3,3,389,86206.92893223451,36,2682.3893274949946,568.0,20,-2,0,-26.062248658839962,0,0.0
1.8,0.45,wec,Le Mans 24 2026,agent,HYPERCAR,5,472274,HYPERCAR-10,18,18,386,86277.83580014744,91,4040.0127231084675,552.0,23,-17,-3,-96.96911657176679,55,-1357.623395613473
1.8,0.45,wec,Le Mans 24 2026,fuel_window,HYPERCAR,5,80012,HYPERCAR-06,2,2,390,86373.9631019844,37,2600.444062395391,536.8000000000001,18,0,0,0.0,0,0.0
1.8,0.45,wec,Le Mans 24 2026,caution_gambler,HYPERCAR,5,80012,HYPERCAR-06,2,2,390,86373.9631019844,37,2600.444062395391,536.8000000000001,18,0,0,0.0,0,0.0
1.8,0.45,wec,Le Mans 24 2026,track_position,HYPERCAR,5,80012,HYPERCAR-06,2,2,390,86373.9631019844,37,2600.444062395391,536.8000000000001,18,0,0,0.0,0,0.0
1.8,0.45,wec,Le Mans 24 2026,splash_and_dash,HYPERCAR,5,80012,HYPERCAR-06,2,2,390,86361.70772329191,38,2600.5275664425467,528.0,18,0,0,12.255378692483646,1,-0.08350404715565674
1.8,0.45,wec,Le Mans 24 2026,lap_down,HYPERCAR,5,80012,HYPERCAR-06,2,2,390,86373.9631019844,37,2600.444062395391,536.8000000000001,18,0,0,0.0,0,0.0
1.8,0.45,wec,Le Mans 24 2026,agent,HYPERCAR,5,80012,HYPERCAR-06,18,18,385,86193.53085394583,92,3785.571854777465,496.00000000000006,20,-16,-5,180.43224803855992,55,-1185.127792382074
1.8,0.45,wec,Le Mans 24 2026,fuel_window,HYPERCAR,5,851148,HYPERCAR-09,9,9,369,86369.42295319895,33,2303.405749627198,412.8,56,0,0,0.0,0,0.0
1.8,0.45,wec,Le Mans 24 2026,caution_gambler,HYPERCAR,5,851148,HYPERCAR-09,10,10,369,86373.11709559367,34,2306.981781122866,444.00000000000006,56,-1,0,-3.694142394713708,1,-3.5760314956678485
1.8,0.45,wec,Le Mans 24 2026,track_position,HYPERCAR,5,851148,HYPERCAR-09,4,4,369,86332.8196062644,33,2274.798706339492,481.6,57,5,0,36.60334693455661,0,28.607043287705892
1.8,0.45,wec,Le Mans 24 2026,splash_and_dash,HYPERCAR,5,851148,HYPERCAR-09,7,7,369,86349.28327196675,33,2276.459074627198,417.6,56,2,0,20.139681232205476,0,26.94667500000014
1.8,0.45,wec,Le Mans 24 2026,lap_down,HYPERCAR,5,851148,HYPERCAR-09,9,9,369,86369.42295319895,33,2303.405749627198,412.8,56,0,0,0.0,0,0.0
1.8,0.45,wec,Le Mans 24 2026,agent,HYPERCAR,5,851148,HYPERCAR-09,18,18,367,86259.84498370228,109,4162.557133429074,442.40000000000003,60,-9,-2,109.57796949667681,76,-1859.1513838018764
1.8,0.45,wec,Le Mans 24 2026,fuel_window,HYPERCAR,5,589879,HYPERCAR-04,4,4,391,86259.8588352917,37,2783.1818839512944,520.8000000000001,13,0,0,0.0,0,0.0
1.8,0.45,wec,Le Mans 24 2026,caution_gambler,HYPERCAR,5,589879,HYPERCAR-04,4,4,391,86259.8588352917,37,2783.1818839512944,520.8000000000001,13,0,0,0.0,0,0.0
1.8,0.45,wec,Le Mans 24 2026,track_position,HYPERCAR,5,589879,HYPERCAR-04,4,4,391,86304.87017311365,37,2783.6951539512943,568.0,12,0,0,-45.01133782195393,0,-0.5132699999999204
1.8,0.45,wec,Le Mans 24 2026,splash_and_dash,HYPERCAR,5,589879,HYPERCAR-04,4,4,391,86225.88919973087,37,2753.197242856138,520.0,13,0,0,33.9696355608321,0,29.98464109515635
1.8,0.45,wec,Le Mans 24 2026,lap_down,HYPERCAR,5,589879,HYPERCAR-04,4,4,391,86259.8588352917,37,2783.1818839512944,520.8000000000001,13,0,0,0.0,0,0.0
1.8,0.45,wec,Le Mans 24 2026,agent,HYPERCAR,5,589879,HYPERCAR-04,18,18,386,86378.0706572091,88,3946.4320746842704,504.00000000000006,13,-14,-5,-118.21182191740081,51,-1163.250190732976
2.2,0.55,wec,Le Mans 24 2026,fuel_window,HYPERCAR,5,639431,HYPERCAR-03,7,7,389,86176.98716553347,38,2771.0744861062312,588.8000000000001,17,0,0,0.0,0,0.0
2.2,0.55,wec,Le Mans 24 2026,caution_gambler,HYPERCAR,5,639431,HYPERCAR-03,7,7,389,86176.98716553347,38,2771.0744861062312,588.8000000000001,17,0,0,0.0,0,0.0
2.2,0.55,wec,Le Mans 24 2026,track_position,HYPERCAR,5,639431,HYPERCAR-03,10,10,389,86364.36801399711,38,2770.689533606231,613.6,17,-3,0,-187.38084846363927,0,0.384952500000054
2.2,0.55,wec,Le Mans 24 2026,splash_and_dash,HYPERCAR,5,639431,HYPERCAR-03,7,7,390,86442.4462396984,39,2767.9948902192896,592.8000000000001,18,0,1,-265.4590741649299,1,3.079595886941661
2.2,0.55,wec,Le Mans 24 2026,lap_down,HYPERCAR,5,639431,HYPERCAR-03,10,10,389,86364.36801399711,38,2770.689533606231,613.6,17,-3,0,-187.38084846363927,0,0.384952500000054
2.2,0.55,wec,Le Mans 24 2026,agent,HYPERCAR,5,639431,HYPERCAR-03,18,18,384,86152.19236800916,81,3956.9417444234714,515.2,17,-11,-5,24.794797524315072,43,-1185.8672583172402
2.2,0.55,wec,Le Mans 24 2026,fuel_window,HYPERCAR,5,497127,HYPERCAR-17,6,6,394,86292.11408438845,38,2924.7962685032326,543.2,7,0,0,0.0,0,0.0
2.2,0.55,wec,Le Mans 24 2026,caution_gambler,HYPERCAR,5,497127,HYPERCAR-17,6,6,394,86292.11408438845,38,2924.7962685032326,543.2,7,0,0,0.0,0,0.0
2.2,0.55,wec,Le Mans 24 2026,track_position,HYPERCAR,5,497127,HYPERCAR-17,7,7,394,86329.9447486973,38,2957.660423351214,554.4000000000001,7,-1,0,-37.83066430884355,0,-32.864154847981354
2.2,0.55,wec,Le Mans 24 2026,splash_and_dash,HYPERCAR,5,497127,HYPERCAR-17,5,5,395,86469.10391375379,38,2895.3303175883066,549.6,7,1,1,-176.98982936533866,0,29.465950914925997
2.2,0.55,wec,Le Mans 24 2026,lap_down,HYPERCAR,5,497127,HYPERCAR-17,6,6,394,86299.55444898528,38,2925.437856003233,557.6,7,0,0,-7.440364596826839,0,-0.6415875000002416
2.2,0.55,wec,Le Mans 24 2026,agent,HYPERCAR,5,497127,HYPERCAR-17,18,18,390,86387.43725986182,81,4162.961077797165,556.0,8,-12,-4,-95.32317547337152,43,-1238.1648092939322
2.2,0.55,wec,Le Mans 24 2026,fuel_window,HYPERCAR,5,737684,HYPERCAR-04,11,11,379,86263.59798059698,35,2630.883900658249,538.4,38,0,0,0.0,0,0.0
2.2,0.55,wec,Le Mans 24 2026,caution_gambler,HYPERCAR,5,737684,HYPERCAR-04,7,7,380,86313.82771636211,36,2637.829669912101,522.4000000000001,35,4,1,-50.22973576512595,1,-6.945769253852177
2.2,0.55,wec,Le Mans 24 2026,track_position,HYPERCAR,5,737684,HYPERCAR-04,14,14,379,86311.91531765618,35,2659.723018112137,484.00000000000006,38,-3,0,-48.3173370591976,0,-28.83911745388832
2.2,0.55,wec,Le Mans 24 2026,splash_and_dash,HYPERCAR,5,737684,HYPERCAR-04,11,11,379,86226.12085100407,35,2602.3440407739126,531.2,38,0,0,37.47712959290948,0,28.539859884336238
2.2,0.55,wec,Le Mans 24 2026,lap_down,HYPERCAR,5,737684,HYPERCAR-04,14,14,379,86332.04095935257,35,2659.466383112137,519.2,38,-3,0,-68.4429787555855,0,-28.582482453888133
2.2,0.55,wec,Le Mans 24 2026,agent,HYPERCAR,5,737684,HYPERCAR-04,18,18,376,86186.72578851909,81,4095.8398840239092,472.8,39,-7,-3,76.87219207789167,46,-1464.9559833656604
2.2,0.55,wec,Le Mans 24 2026,fuel_window,HYPERCAR,5,279327,HYPERCAR-12,6,6,388,86335.65241683944,37,2797.020588428893,513.6,20,0,0,0.0,0,0.0
2.2,0.55,wec,Le Mans 24 2026,caution_gambler,HYPERCAR,5,279327,HYPERCAR-12,3,3,388,86180.79404413208,37,2760.8365583000214,500.00000000000006,19,3,0,154.85837270735647,0,36.184030128871655
2.2,0.55,wec,Le Mans 24 2026,track_position,HYPERCAR,5,279327,HYPERCAR-12,6,6,388,86319.62251689582,37,2797.405540928893,540.8000000000001,21,0,0,16.029899943619967,0,-0.384952500000054
2.2,0.55,wec,Le Mans 24 2026,splash_and_dash,HYPERCAR,5,279327,HYPERCAR-12,6,6,388,86364.48642025965,38,2828.239586314778,514.4000000000001,20,0,0,-28.834003420211957,1,-31.218997885885074
2.2,0.55,wec,Le Mans 24 2026,lap_down,HYPERCAR,5,279327,HYPERCAR-12,6,6,388,86335.65241683944,37,2797.020588428893,513.6,20,0,0,0.0,0,0.0
2.2,0.55,wec,Le Mans 24 2026,agent,HYPERCAR,5,279327,HYPERCAR-12,18,18,382,86164.22509028681,89,4358.942035081606,508.8,19,-12,-6,171.42732655262807,52,-1561.9214466527133
2.2,0.55,wec,Le Mans 24 2026,fuel_window,HYPERCAR,5,22699,HYPERCAR-09,9,9,375,86243.8487831622,35,2554.624734095455,501.6,49,0,0,0.0,0,0.0
2.2,0.55,wec,Le Mans 24 2026,caution_gambler,HYPERCAR,5,22699,HYPERCAR-09,13,13,375,86285.32249957204,36,2616.1364046582344,509.6,49,-4,0,-41.47371640983329,1,-61.51167056277927
2.2,0.55,wec,Le Mans 24 2026,track_position,HYPERCAR,5,22699,HYPERCAR-09,7,7,375,86251.96508321672,35,2555.1893310954547,435.20000000000005,46,2,0,-8.116300054520252,0,-0.5645969999995941
2.2,0.55,wec,Le Mans 24 2026,splash_and_dash,HYPERCAR,5,22699,HYPERCAR-09,7,7,375,86165.38574844574,36,2553.8158069325023,487.20000000000005,49,2,0,78.46303471646388,1,0.8089271629528412
2.2,0.55,wec,Le Mans 24 2026,lap_down,HYPERCAR,5,22699,HYPERCAR-09,14,14,374,86270.11212100348,34,2474.0269029336614,552.0,49,-5,-1,-26.263337841272005,-1,80.59783116179369
2.2,0.55,wec,Le Mans 24 2026,agent,HYPERCAR,5,22699,HYPERCAR-09,18,18,370,86289.48702958952,88,4282.2820851955685,493.6,51,-9,-5,-45.638246427319245,53,-1727.6573511001134
2.2,0.55,wec,Le Mans 24 2026,fuel_window,HYPERCAR,5,604281,HYPERCAR-17,6,6,369,86374.71470144877,34,2312.046057431933,484.8,58,0,0,0.0,0,0.0
2.2,0.55,wec,Le Mans 24 2026,caution_gambler,HYPERCAR,5,604281,HYPERCAR-17,1,1,370,86347.90457184908,36,2351.638720205225,507.20000000000005,56,5,1,26.81012959968939,2,-39.59266277329198
2.2,0.55,wec,Le Mans 24 2026,track_position,HYPERCAR,5,604281,HYPERCAR-17,2,2,369,86341.64351730842,34,2280.911563058832,468.00000000000006,58,4,0,33.07118414035358,0,31.134494373101006
2.2,0.55,wec,Le Mans 24 2026,splash_and_dash,HYPERCAR,5,604281,HYPERCAR-17,9,9,368,86135.57734383915,35,2329.7810987214966,486.40000000000003,58,-3,-1,239.137357609623,1,-17.73504128956347
2.2,0.55,wec,Le Mans 24 2026,lap_down,HYPERCAR,5,604281,HYPERCAR-17,6,6,369,86374.71470144877,34,2312.046057431933,484.8,58,0,0,0.0,0,0.0
2.2,0.55,wec,Le Mans 24 2026,agent,HYPERCAR,5,604281,HYPERCAR-17,18,18,367,86209.29929044357,96,4125.18654603447,404.0,65,-12,-2,165.41541100520408,62,-1813.1404886025366
2.2,0.55,wec,Le Mans 24 2026,fuel_window,HYPERCAR,5,871382,HYPERCAR-17,8,8,390,86353.2349189015,37,2747.557871465381,570.4000000000001,16,0,0,0.0,0,0.0
2.2,0.55,wec,Le Mans 24 2026,caution_gambler,HYPERCAR,5,871382,HYPERCAR-17,6,6,390,86342.05151525461,38,2812.6505590913744,520.8000000000001,16,2,0,11.183403646879015,1,-65.09268762599322
2.2,0.55,wec,Le Mans 24 2026,track_position,HYPERCAR,5,871382,HYPERCAR-17,8,8,390,86358.80762207562,37,2748.1994589653814,570.4000000000001,16,0,0,-5.572703174126218,0,-0.6415875000002416
2.2,0.55,wec,Le Mans 24 2026,splash_and_dash,HYPERCAR,5,871382,HYPERCAR-17,8,8,390,86379.0064531476,38,2783.0066236292287,563.2,16,0,0,-25.77153424610151,1,-35.44875216384753
2.2,0.55,wec,Le Mans 24 2026,lap_down,HYPERCAR,5,871382,HYPERCAR-17,8,8,390,86358.80762207562,37,2748.1994589653814,570.4000000000001,16,0,0,-5.572703174126218,0,-0.6415875000002416
2.2,0.55,wec,Le Mans 24 2026,agent,HYPERCAR,5,871382,HYPERCAR-17,18,18,385,86355.44019037997,85,4263.912687887418,516.8000000000001,18,-10,-5,-2.2052714784804266,48,-1516.3548164220365
2.2,0.55,wec,Le Mans 24 2026,fuel_window,HYPERCAR,5,967710,HYPERCAR-18,4,4,391,86275.19425630776,37,2747.883563417979,507.20000000000005,18,0,0,0.0,0,0.0
2.2,0.55,wec,Le Mans 24 2026,caution_gambler,HYPERCAR,5,967710,HYPERCAR-18,4,4,391,86275.19425630776,37,2747.883563417979,507.20000000000005,18,0,0,0.0,0,0.0
2.2,0.55,wec,Le Mans 24 2026,track_position,HYPERCAR,5,967710,HYPERCAR-18,4,4,391,86280.96905467888,37,2747.883563417979,512.8000000000001,18,0,0,-5.774798371116049,0,0.0
2.2,0.55,wec,Le Mans 24 2026,splash_and_dash,HYPERCAR,5,967710,HYPERCAR-18,4,4,391,86238.67953947916,37,2719.3538410550427,502.40000000000003,18,0,0,36.51471682860574,0,28.529722362936354
2.2,0.55,wec,Le Mans 24 2026,lap_down,HYPERCAR,5,967710,HYPERCAR-18,4,4,391,86264.5368830176,37,2747.883563417979,496.8,18,0,0,10.65737329015974,0,0.0
2.2,0.55,wec,Le Mans 24 2026,agent,HYPERCAR,5,967710,HYPERCAR-18,18,18,385,86178.3662493881,92,4439.568774547942,439.20000000000005,16,-14,-6,96.82800691966258,55,-1691.6852111299627
2.2,0.55,wec,Le Mans 24 2026,fuel_window,HYPERCAR,5,596591,HYPERCAR-07,5,5,387,86285.38660078552,36,2763.9015192104966,517.6,23,0,0,0.0,0,0.0
2.2,0.55,wec,Le Mans 24 2026,caution_gambler,HYPERCAR,5,596591,HYPERCAR-07,6,6,387,86256.99023060726,36,2739.147449714813,527.2,23,-1,0,28.39637017826317,0,24.75406949568378
2.2,0.55,wec,Le Mans 24 2026,track_position,HYPERCAR,5,596591,HYPERCAR-07,13,13,386,86241.02820651194,36,2785.7061413069446,541.6,23,-8,-1,44.35839427358587,0,-21.80462209644793
2.2,0.55,wec,Le Mans 24 2026,splash_and_dash,HYPERCAR,5,596591,HYPERCAR-07,5,5,387,86254.15149746978,36,2732.8358572645625,519.2,23,0,0,31.235103315746528,0,31.065661945934153
2.2,0.55,wec,Le Mans 24 2026,lap_down,HYPERCAR,5,596591,HYPERCAR-07,5,5,387,86285.38660078552,36,2763.9015192104966,517.6,23,0,0,0.0,0,0.0
2.2,0.55,wec,Le Mans 24 2026,agent,HYPERCAR,5,596591,HYPERCAR-07,18,18,383,86245.98545227323,85,4317.896069479836,492.00000000000006,26,-13,-4,39.40114851229009,49,-1553.9945502693395
2.2,0.55,wec,Le Mans 24 2026,fuel_window,HYPERCAR,5,154210,HYPERCAR-06,7,7,387,86210.03539509045,37,2905.9965126019047,497.6,22,0,0,0.0,0,0.0
2.2,0.55,wec,Le Mans 24 2026,caution_gambler,HYPERCAR,5,154210,HYPERCAR-06,10,10,387,86236.50841409028,39,2944.4562599034566,528.8000000000001,22,-3,0,-26.47301899982267,2,-38.45974730155194
2.2,0.55,wec,Le Mans 24 2026,track_position,HYPERCAR,5,154210,HYPERCAR-06,8,8,387,86204.65491045403,37,2906.2531476019044,506.40000000000003,21,-1,0,5.3804846364218974,0,-0.2566349999997328
2.2,0.55,wec,Le Mans 24 2026,splash_and_dash,HYPERCAR,5,154210,HYPERCAR-06,6,6,387,86196.92930806085,37,2879.0498376019045,504.00000000000006,22,1,0,13.106087029605987,0,26.94667500000014
2.2,0.55,wec,Le Mans 24 2026,lap_down,HYPERCAR,5,154210,HYPERCAR-06,8,8,387,86204.65491045403,37,2906.2531476019044,506.40000000000003,21,-1,0,5.3804846364218974,0,-0.2566349999997328
2.2,0.55,wec,Le Mans 24 2026,agent,HYPERCAR,5,154210,HYPERCAR-06,18,18,384,86356.35453145341,85,4180.220703994365,540.8000000000001,24,-11,-3,-146.3191363629594,48,-1274.2241913924604
2.2,0.55,wec,Le Mans 24 2026,fuel_window,HYPERCAR,5,838952,HYPERCAR-15,8,8,387,86371.41162198626,37,2703.887453843402,648.0,20,0,0,0.0,0,0.0
2.2,0.55,wec,Le Mans 24 2026,caution_gambler,HYPERCAR,5,838952,HYPERCAR-15,7,7,387,86224.47781347494,38,2701.7577927690436,553.6,20,1,0,146.9338085113268,1,2.1296610743584097
2.2,0.55,wec,Le Mans 24 2026,track_position,HYPERCAR,5,838952,HYPERCAR-15,6,6,387,86349.09808996784,37,2704.144088843402,626.4000000000001,19,2,0,22.313532018422848,0,-0.2566350000001876
2.2,0.55,wec,Le Mans 24 2026,splash_and_dash,HYPERCAR,5,838952,HYPERCAR-15,9,9,387,86374.54561471775,38,2706.2064410405173,652.0,20,-1,0,-3.133992731483886,1,-2.318987197115348
2.2,0.55,wec,Le Mans 24 2026,lap_down,HYPERCAR,5,838952,HYPERCAR-15,8,8,387,86371.41162198626,37,2703.887453843402,648.0,20,0,0,0.0,0,0.0
2.2,0.55,wec,Le Mans 24 2026,agent,HYPERCAR,5,838952,HYPERCAR-15,18,18,381,86195.6064972961,91,4337.845600100419,573.6,21,-10,-6,175.80512469015957,54,-1633.9581462570168
2.2,0.55,wec,Le Mans 24 2026,fuel_window,HYPERCAR,5,486540,HYPERCAR-16,1,1,381,86239.12944391846,35,2486.398190245491,484.8,35,0,0,0.0,0,0.0
2.2,0.55,wec,Le Mans 24 2026,caution_gambler,HYPERCAR,5,486540,HYPERCAR-16,11,11,380,86323.15633871808,36,2493.4083555208376,490.40000000000003,37,-10,-1,-84.02689479962282,1,-7.0101652753464805
2.2,0.55,wec,Le Mans 24 2026,track_position,HYPERCAR,5,486540,HYPERCAR-16,2,2,381,86311.21569856012,35,2486.398190245491,488.00000000000006,35,-1,0,-72.08625464166107,0,0.0
2.2,0.55,wec,Le Mans 24 2026,splash_and_dash,HYPERCAR,5,486540,HYPERCAR-16,1,1,381,86237.86161232938,35,2458.305892435631,484.00000000000006,35,0,0,1.2678315890807426,0,28.092297809860156
2.2,0.55,wec,Le Mans 24 2026,lap_down,HYPERCAR,5,486540,HYPERCAR-16,1,1,381,86239.12944391846,35,2486.398190245491,484.8,35,0,0,0.0,0,0.0
2.2,0.55,wec,Le Mans 24 2026,agent,HYPERCAR,5,486540,HYPERCAR-16,18,18,377,86244.84111711655,83,3989.949828665248,456.00000000000006,40,-17,-4,-5.7116731980931945,48,-1503.5516384197567
2.2,0.55,wec,Le Mans 24 2026,fuel_window,HYPERCAR,5,432241,HYPERCAR-14,6,6,388,86304.12974670071,37,2788.2999343768456,458.40000000000003,23,0,0,0.0,0,0.0
2.2,0.55,wec,Le Mans 24 2026,caution_gambler,HYPERCAR,5,432241,HYPERCAR-14,7,7,388,86341.86850575278,38,2831.6731774279656,474.40000000000003,23,-1,0,-37.7387590520666,1,-43.37324305111997
2.2,0.55,wec,Le Mans 24 2026,track_position,HYPERCAR,5,432241,HYPERCAR-14,3,3,388,86283.59712096902,36,2736.4447263090688,464.8,23,3,0,20.53262573169195,-1,51.85520806777686
2.2,0.55,wec,Le Mans 24 2026,splash_and_dash,HYPERCAR,5,432241,HYPERCAR-14,6,6,388,86312.47539019599,38,2801.6150192419523,455.20000000000005,23,0,0,-8.345643495282275,1,-13.315084865106655
2.2,0.55,wec,Le Mans 24 2026,lap_down,HYPERCAR,5,432241,HYPERCAR-14,6,6,388,86304.12974670071,37,2788.2999343768456,458.40000000000003,23,0,0,0.0,0,0.0
2.2,0.55,wec,Le Mans 24 2026,agent,HYPERCAR,5,432241,HYPERCAR-14,18,18,383,86186.18315506076,90,4418.085245365345,490.40000000000003,24,-12,-5,117.94659163994947,53,-1629.7853109884995
2.2,0.55,wec,Le Mans 24 2026,fuel_window,HYPERCAR,5,552122,HYPERCAR-07,15,15,380,86183.28077431154,35,2768.148620935779,496.00000000000006,37,0,0,0.0,0,0.0
2.2,0.55,wec,Le Mans 24 2026,caution_gambler,HYPERCAR,5,552122,HYPERCAR-07,11,11,381,86251.00581615395,36,2704.804133381796,524.8000000000001,36,4,1,-67.72504184240825,1,63.34448755398307
2.2,0.55,wec,Le Mans 24 2026,track_position,HYPERCAR,5,552122,HYPERCAR-07,15,15,381,86300.46044967778,35,2768.148620935779,490.40000000000003,37,0,1,-117.17967536623473,0,0.0
2.2,0.55,wec,Le Mans 24 2026,splash_and_dash,HYPERCAR,5,552122,HYPERCAR-07,15,15,381,86344.8059423117,36,2721.83741882033,501.6,37,0,1,-161.52516800015292,1,46.31120211544885
2.2,0.55,wec,Le Mans 24 2026,lap_down,HYPERCAR,5,552122,HYPERCAR-07,15,15,381,86356.44367111308,35,2768.148620935779,514.4000000000001,37,0,1,-173.16289680154296,0,0.0
2.2,0.55,wec,Le Mans 24 2026,agent,HYPERCAR,5,552122,HYPERCAR-07,18,18,378,86197.62748816451,78,3902.681932864611,540.0,38,-3,-2,-14.346713852966786,43,-1134.533311928832
2.2,0.55,wec,Le Mans 24 2026,fuel_window,HYPERCAR,5,999870,HYPERCAR-11,6,6,392,86192.08818985036,38,2856.1176698341505,598.4000000000001,11,0,0,0.0,0,0.0
2.2,0.55,wec,Le Mans 24 2026,caution_gambler,HYPERCAR,5,999870,HYPERCAR-11,6,6,392,86192.08818985036,38,2856.1176698341505,598.4000000000001,11,0,0,0.0,0,0.0
2.2,0.55,wec,Le Mans 24 2026,track_position,HYPERCAR,5,999870,HYPERCAR-11,8,8,392,86205.21750714137,38,2822.249114700484,647.2,12,-2,0,-13.129317291008192,0,33.86855513366663
2.2,0.55,wec,Le Mans 24 2026,splash_and_dash,HYPERCAR,5,999870,HYPERCAR-11,5,5,392,86160.80884166351,39,2887.6333707105036,600.0,11,1,0,31.27934818684298,1,-31.515700876353094
2.2,0.55,wec,Le Mans 24 2026,lap_down,HYPERCAR,5,999870,HYPERCAR-11,6,6,392,86192.08818985036,38,2856.1176698341505,598.4000000000001,11,0,0,0.0,0,0.0
2.2,0.55,wec,Le Mans 24 2026,agent,HYPERCAR,5,999870,HYPERCAR-11,18,18,387,86248.91328441717,85,4323.939954756834,558.4000000000001,11,-12,-5,-56.82509456681146,47,-1467.8222849226831
2.2,0.55,wec,Le Mans 24 2026,fuel_window,HYPERCAR,5,22006,HYPERCAR-09,16,16,380,86277.89992241909,35,2669.539143087064,480.8,37,0,0,0.0,0,0.0
2.2,0.55,wec,Le Mans 24 2026,caution_gambler,HYPERCAR,5,22006,HYPERCAR-09,16,16,380,86302.71914118224,36,2715.6111612889936,488.8,37,0,0,-24.819218763150275,1,-46.072018201929495
2.2,0.55,wec,Le Mans 24 2026,track_position,HYPERCAR,5,22006,HYPERCAR-09,7,7,382,86367.13128026719,34,2618.3197234102727,504.8,38,9,2,-89.2313578480971,-1,51.219419676791404
2.2,0.55,wec,Le Mans 24 2026,splash_and_dash,HYPERCAR,5,22006,HYPERCAR-09,13,13,380,86241.88117576673,35,2638.4898378045295,477.6,37,3,0,36.018746652363916,0,31.049305282534533
2.2,0.55,wec,Le Mans 24 2026,lap_down,HYPERCAR,5,22006,HYPERCAR-09,16,16,380,86277.89992241909,35,2669.539143087064,480.8,37,0,0,0.0,0,0.0
2.2,0.55,wec,Le Mans 24 2026,agent,HYPERCAR,5,22006,HYPERCAR-09,18,18,377,86333.9925923582,87,4038.0155526047533,438.40000000000003,41,-2,-3,-56.092669939112966,52,-1368.4764095176893
2.2,0.55,wec,Le Mans 24 2026,fuel_window,HYPERCAR,5,654215,HYPERCAR-12,3,3,356,86326.50432147527,29,1952.2717537132876,416.8,85,0,0,0.0,0,0.0
2.2,0.55,wec,Le Mans 24 2026,caution_gambler,HYPERCAR,5,654215,HYPERCAR-12,2,2,355,86330.83569169539,34,2190.9468236267076,413.6,83,1,-1,-4.331370220126701,5,-238.67506991341997
2.2,0.55,wec,Le Mans 24 2026,track_position,HYPERCAR,5,654215,HYPERCAR-12,9,9,356,86365.97567206864,29,1952.7336967132876,423.20000000000005,86,-6,0,-39.47135059337597,0,-0.4619430000000193
2.2,0.55,wec,Le Mans 24 2026,splash_and_dash,HYPERCAR,5,654215,HYPERCAR-12,3,3,356,86326.50432147527,29,1952.2717537132876,416.8,85,0,0,0.0,0,0.0
2.2,0.55,wec,Le Mans 24 2026,lap_down,HYPERCAR,5,654215,HYPERCAR-12,3,3,356,86326.50432147527,29,1952.2717537132876,416.8,85,0,0,0.0,0,0.0
2.2,0.55,wec,Le Mans 24 2026,agent,HYPERCAR,5,654215,HYPERCAR-12,18,18,353,86322.34479087823,111,4489.9715317718155,328.8,89,-15,-3,4.15953059704043,82,-2537.699778058528
2.2,0.55,wec,Le Mans 24 2026,fuel_window,HYPERCAR,5,541577,HYPERCAR-05,13,13,377,86274.90519754248,36,2546.934394392416,476.8,40,0,0,0.0,0,0.0
2.2,0.55,wec,Le Mans 24 2026,caution_gambler,HYPERCAR,5,541577,HYPERCAR-05,6,6,378,86365.71454804305,38,2642.228930929793,485.6,39,7,1,-90.80935050056723,2,-95.2945365373771
2.2,0.55,wec,Le Mans 24 2026,track_position,HYPERCAR,5,541577,HYPERCAR-05,7,7,378,86201.0639763976,33,2283.6659845130152,504.00000000000006,41,6,1,73.841221144874,-3,263.2684098794007
2.2,0.55,wec,Le Mans 24 2026,splash_and_dash,HYPERCAR,5,541577,HYPERCAR-05,9,9,377,86224.28375654525,36,2518.1280583419766,473.6,40,4,0,50.62144099723082,0,28.806336050439313
2.2,0.55,wec,Le Mans 24 2026,lap_down,HYPERCAR,5,541577,HYPERCAR-05,13,13,377,86274.90519754248,36,2546.934394392416,476.8,40,0,0,0.0,0,0.0
2.2,0.55,wec,Le Mans 24 2026,agent,HYPERCAR,5,541577,HYPERCAR-05,18,18,374,86238.64477631141,93,4304.738532940847,497.6,41,-5,-3,36.260421231068904,57,-1757.8041385484312
2.2,0.55,wec,Le Mans 24 2026,fuel_window,HYPERCAR,5,436123,HYPERCAR-13,2,2,386,86204.68000440832,36,2580.688411290823,558.4000000000001,28,0,0,0.0,0,0.0
2.2,0.55,wec,Le Mans 24 2026,caution_gambler,HYPERCAR,5,436123,HYPERCAR-13,2,2,386,86260.73684655844,36,2580.1837245263264,563.2,29,0,0,-56.056842150122975,0,0.504686764496455
2.2,0.55,wec,Le Mans 24 2026,track_position,HYPERCAR,5,436123,HYPERCAR-13,2,2,386,86263.44929136279,35,2506.4557818782105,552.8000000000001,30,0,0,-58.76928695446986,-1,74.23262941261237
2.2,0.55,wec,Le Mans 24 2026,splash_and_dash,HYPERCAR,5,436123,HYPERCAR-13,2,2,386,86169.76238400563,37,2598.498285322004,555.2,28,0,0,34.917620402688044,1,-17.809874031181153
2.2,0.55,wec,Le Mans 24 2026,lap_down,HYPERCAR,5,436123,HYPERCAR-13,4,4,386,86336.48596792165,36,2608.997243345488,519.2,30,-2,0,-131.80596351332497,0,-28.308832054665345
2.2,0.55,wec,Le Mans 24 2026,agent,HYPERCAR,5,436123,HYPERCAR-13,18,18,380,86261.5591414401,90,4258.885550492469,540.0,27,-16,-6,-56.879137031777645,54,-1678.1971392016458
2.2,0.55,wec,Le Mans 24 2026,fuel_window,HYPERCAR,5,359372,HYPERCAR-16,2,2,377,86301.25677502807,35,2573.525424667378,398.40000000000003,40,0,0,0.0,0,0.0
2.2,0.55,wec,Le Mans 24 2026,caution_gambler,HYPERCAR,5,359372,HYPERCAR-16,2,2,377,86264.49382914022,37,2623.032240928579,444.8,40,0,0,36.76294588785095,2,-49.50681626120104
2.2,0.55,wec,Le Mans 24 2026,track_position,HYPERCAR,5,359372,HYPERCAR-16,2,2,377,86281.68300200831,34,2543.9756212996913,416.00000000000006,40,0,0,19.573773019757937,-1,29.549803367686764
2.2,0.55,wec,Le Mans 24 2026,splash_and_dash,HYPERCAR,5,359372,HYPERCAR-16,3,3,377,86301.91729240585,36,2582.1709365108068,393.6,40,-1,0,-0.6605173777788877,1,-8.645511843428721
2.2,0.55,wec,Le Mans 24 2026,lap_down,HYPERCAR,5,359372,HYPERCAR-16,2,2,377,86301.25677502807,35,2573.525424667378,398.40000000000003,40,0,0,0.0,0,0.0
2.2,0.55,wec,Le Mans 24 2026,agent,HYPERCAR,5,359372,HYPERCAR-16,18,18,371,86302.44629367534,98,4620.730531228912,488.00000000000006,41,-16,-6,-1.1895186472684145,63,-2047.2051065615337
2.2,0.55,wec,Le Mans 24 2026,fuel_window,HYPERCAR,5,340792,HYPERCAR-04,1,1,381,86376.79806730463,34,2543.1835128536786,458.40000000000003,37,0,0,0.0,0,0.0
2.2,0.55,wec,Le Mans 24 2026,caution_gambler,HYPERCAR,5,340792,HYPERCAR-04,4,4,380,86287.20875323353,35,2553.6336001097907,498.40000000000003,38,-3,-1,89.58931407109776,1,-10.450087256112056
2.2,0.55,wec,Le Mans 24 2026,track_position,HYPERCAR,5,340792,HYPERCAR-04,6,6,380,86376.51977236546,34,2542.7985603536786,490.40000000000003,36,-5,-1,0.2782949391694274,0,0.384952500000054
2.2,0.55,wec,Le Mans 24 2026,splash_and_dash,HYPERCAR,5,340792,HYPERCAR-04,2,2,380,86148.82750877412,35,2555.9196569847795,468.00000000000006,37,-1,-1,227.9705585305055,1,-12.7361441311009
2.2,0.55,wec,Le Mans 24 2026,lap_down,HYPERCAR,5,340792,HYPERCAR-04,1,1,381,86376.79806730463,34,2543.1835128536786,458.40000000000003,37,0,0,0.0,0,0.0
2.2,0.55,wec,Le Mans 24 2026,agent,HYPERCAR,5,340792,HYPERCAR-04,18,18,374,86147.28356962129,93,4190.215249501088,492.00000000000006,39,-17,-7,229.51449768333987,59,-1647.0317366474092
2.2,0.55,wec,Le Mans 24 2026,fuel_window,HYPERCAR,5,594289,HYPERCAR-08,9,9,384,86362.80311976811,37,2713.4725379140064,515.2,32,0,0,0.0,0,0.0
2.2,0.55,wec,Le Mans 24 2026,caution_gambler,HYPERCAR,5,594289,HYPERCAR-08,2,2,385,86369.65083255687,37,2659.8854596753667,488.8,32,7,1,-6.847712788759964,0,53.587078238639606
2.2,0.55,wec,Le Mans 24 2026,track_position,HYPERCAR,5,594289,HYPERCAR-08,6,6,384,86198.92619097295,35,2597.3587205993663,488.00000000000006,32,3,0,163.87692879515816,-2,116.11381731464007
2.2,0.55,wec,Le Mans 24 2026,splash_and_dash,HYPERCAR,5,594289,HYPERCAR-08,9,9,384,86366.2803273067,38,2713.919186822418,520.0,32,0,0,-3.47720753858448,1,-0.4466489084115892
2.2,0.55,wec,Le Mans 24 2026,lap_down,HYPERCAR,5,594289,HYPERCAR-08,9,9,384,86359.57339391316,37,2714.114125414006,511.20000000000005,32,0,0,3.229725854951539,0,-0.6415874999997868
2.2,0.55,wec,Le Mans 24 2026,agent,HYPERCAR,5,594289,HYPERCAR-08,18,18,381,86361.00388252568,88,4020.121812360637,462.40000000000003,35,-9,-3,1.7992372424341738,51,-1306.6492744466304
2.2,0.55,wec,Le Mans 24 2026,fuel_window,HYPERCAR,5,237316,HYPERCAR-15,5,5,389,86274.25429827865,37,2863.823912474341,552.0,20,0,0,0.0,0,0.0
2.2,0.55,wec,Le Mans 24 2026,caution_gambler,HYPERCAR,5,237316,HYPERCAR-15,8,8,388,86246.76550720075,37,2867.7777535427485,560.8000000000001,20,-3,-1,27.48879107790708,0,-3.9538410684076553
2.2,0.55,wec,Le Mans 24 2026,track_position,HYPERCAR,5,237316,HYPERCAR-15,9,9,388,86318.74105807062,36,2774.8100842884287,604.8000000000001,21,-4,-1,-44.486759791965596,-1,89.01382818591219
2.2,0.55,wec,Le Mans 24 2026,splash_and_dash,HYPERCAR,5,237316,HYPERCAR-15,5,5,389,86244.68981070454,37,2834.690531091955,554.4,20,0,0,29.564487574112718,0,29.133381382385778
2.2,0.55,wec,Le Mans 24 2026,lap_down,HYPERCAR,5,237316,HYPERCAR-15,8,8,388,86227.31404354937,36,2775.1950367884288,631.2,22,-3,-1,46.94025472928479,-1,88.62887568591213
2.2,0.55,wec,Le Mans 24 2026,agent,HYPERCAR,5,237316,HYPERCAR-15,18,18,384,86252.24144025863,81,4153.6167873318755,522.4000000000001,21,-13,-5,22.012858020025305,44,-1289.7928748575346
2.2,0.55,wec,Le Mans 24 2026,fuel_window,HYPERCAR,5,936516,HYPERCAR-03,6,6,389,86318.71815811643,38,2764.193865741709,613.6,20,0,0,0.0,0,0.0
2.2,0.55,wec,Le Mans 24 2026,caution_gambler,HYPERCAR,5,936516,HYPERCAR-03,6,6,389,86318.71815811643,38,2764.193865741709,613.6,20,0,0,0.0,0,0.0
2.2,0.55,wec,Le Mans 24 2026,track_position,HYPERCAR,5,936516,HYPERCAR-03,3,3,389,86227.31909758215,37,2726.9095356336425,549.6,20,3,0,91.39906053428422,-1,37.28433010806657
2.2,0.55,wec,Le Mans 24 2026,splash_and_dash,HYPERCAR,5,936516,HYPERCAR-03,6,6,389,86348.42643022179,39,2790.6871323127593,620.0,20,0,0,-29.708272105359356,1,-26.4932665710503
2.2,0.55,wec,Le Mans 24 2026,lap_down,HYPERCAR,5,936516,HYPERCAR-03,1,1,390,86331.19241020417,37,2698.8734908832016,532.8000000000001,19,5,1,-12.474252087733475,-1,65.32037485850742
2.2,0.55,wec,Le Mans 24 2026,agent,HYPERCAR,5,936516,HYPERCAR-03,18,18,384,86322.56295890287,85,4309.786755736285,537.6,18,-12,-5,-3.8448007864353713,47,-1545.5928899945761
2.2,0.55,wec,Le Mans 24 2026,fuel_window,HYPERCAR,5,764388,HYPERCAR-06,8,8,392,86312.17221531775,38,2835.32507629403,574.4000000000001,12,0,0,0.0,0,0.0
2.2,0.55,wec,Le Mans 24 2026,caution_gambler,HYPERCAR,5,764388,HYPERCAR-06,8,8,392,86312.17221531775,38,2835.32507629403,574.4000000000001,12,0,0,0.0,0,0.0
2.2,0.55,wec,Le Mans 24 2026,track_position,HYPERCAR,5,764388,HYPERCAR-06,1,1,393,86319.76970010645,37,2769.289915793036,561.6,11,7,1,-7.597484788697329,-1,66.03516050099415
2.2,0.55,wec,Le Mans 24 2026,splash_and_dash,HYPERCAR,5,764388,HYPERCAR-06,8,8,392,86314.65200991309,39,2841.0820888071044,573.6,12,0,0,-2.4797945953323506,1,-5.757012513074187
2.2,0.55,wec,Le Mans 24 2026,lap_down,HYPERCAR,5,764388,HYPERCAR-06,8,8,392,86312.17221531775,38,2835.32507629403,574.4000000000001,12,0,0,0.0,0,0.0
2.2,0.55,wec,Le Mans 24 2026,agent,HYPERCAR,5,764388,HYPERCAR-06,18,18,388,86340.62912306967,86,4177.329401314273,544.0,13,-10,-4,-28.456907751911785,48,-1342.004325020243
2.2,0.55,wec,Le Mans 24 2026,fuel_window,HYPERCAR,5,146757,HYPERCAR-03,5,5,389,86311.72443870643,36,2696.141505355559,536.8000000000001,21,0,0,0.0,0,0.0
2.2,0.55,wec,Le Mans 24 2026,caution_gambler,HYPERCAR,5,146757,HYPERCAR-03,6,6,389,86205.92873061693,37,2753.4287832233595,494.40000000000003,21,-1,0,105.79570808949939,1,-57.28727786780064
2.2,0.55,wec,Le Mans 24 2026,track_position,HYPERCAR,5,146757,HYPERCAR-03,5,5,389,86311.72443870643,36,2696.141505355559,536.8000000000001,21,0,0,0.0,0,0.0
2.2,0.55,wec,Le Mans 24 2026,splash_and_dash,HYPERCAR,5,146757,HYPERCAR-03,5,5,389,86305.3553463882,37,2696.5112957769365,533.6,21,0,0,6.369092318229377,1,-0.3697904213777292
2.2,0.55,wec,Le Mans 24 2026,lap_down,HYPERCAR,5,146757,HYPERCAR-03,5,5,389,86311.72443870643,36,2696.141505355559,536.8000000000001,21,0,0,0.0,0,0.0
2.2,0.55,wec,Le Mans 24 2026,agent,HYPERCAR,5,146757,HYPERCAR-03,18,18,383,86257.71768567147,84,4091.096077416849,526.4000000000001,20,-13,-6,54.00675303496246,48,-1394.95457206129
2.2,0.55,wec,Le Mans 24 2026,fuel_window,HYPERCAR,5,218235,HYPERCAR-14,12,12,394,86222.7442549711,39,3114.1766071934835,557.6,3,0,0,0.0,0,0.0
2.2,0.55,wec,Le Mans 24 2026,caution_gambler,HYPERCAR,5,218235,HYPERCAR-14,12,12,394,86222.7442549711,39,3114.1766071934835,557.6,3,0,0,0.0,0,0.0
2.2,0.55,wec,Le Mans 24 2026,track_position,HYPERCAR,5,218235,HYPERCAR-14,11,11,395,86371.85222680427,38,3050.686611475227,570.4000000000001,3,1,1,-149.10797183317482,-1,63.48999571825652
2.2,0.55,wec,Le Mans 24 2026,splash_and_dash,HYPERCAR,5,218235,HYPERCAR-14,12,12,394,86192.20762432418,39,3084.517194464292,559.2,3,0,0,30.536630646922276,0,29.659412729191445
2.2,0.55,wec,Le Mans 24 2026,lap_down,HYPERCAR,5,218235,HYPERCAR-14,11,11,395,86371.85222680427,38,3050.686611475227,570.4000000000001,3,1,1,-149.10797183317482,-1,63.48999571825652
2.2,0.55,wec,Le Mans 24 2026,agent,HYPERCAR,5,218235,HYPERCAR-14,18,18,389,86247.57297970248,81,4382.628444528682,526.4000000000001,3,-6,-5,-24.82872473138559,42,-1268.4518373351984
2.2,0.55,wec,Le Mans 24 2026,fuel_window,HYPERCAR,5,665085,HYPERCAR-13,10,10,384,86381.44200451742,36,2695.619623160951,486.40000000000003,26,0,0,0.0,0,0.0
2.2,0.55,wec,Le Mans 24 2026,caution_gambler,HYPERCAR,5,665085,HYPERCAR-13,11,11,384,86203.3012347721,37,2679.6255165367247,537.6,26,-1,0,178.1407697453251,1,15.994106624226333
2.2,0.55,wec,Le Mans 24 2026,track_position,HYPERCAR,5,665085,HYPERCAR-13,7,7,384,86280.26009623647,36,2695.619623160951,502.40000000000003,26,3,0,101.18190828095248,0,0.0
2.2,0.55,wec,Le Mans 24 2026,splash_and_dash,HYPERCAR,5,665085,HYPERCAR-13,10,10,384,86378.40549262566,37,2692.2142174609166,489.6,26,0,0,3.036511891754344,1,3.4054057000344073
2.2,0.55,wec,Le Mans 24 2026,lap_down,HYPERCAR,5,665085,HYPERCAR-13,8,8,384,86344.29275483807,36,2695.619623160951,452.8,26,2,0,37.14924967935076,0,0.0
2.2,0.55,wec,Le Mans 24 2026,agent,HYPERCAR,5,665085,HYPERCAR-13,18,18,380,86379.54028000377,85,4155.122824420283,448.0,26,-8,-4,1.901724513649242,49,-1459.503201259332
2.2,0.55,wec,Le Mans 24 2026,fuel_window,HYPERCAR,5,729373,HYPERCAR-07,9,9,380,86278.02383350539,35,2692.357385715927,457.6,38,0,0,0.0,0,0.0
2.2,0.55,wec,Le Mans 24 2026,caution_gambler,HYPERCAR,5,729373,HYPERCAR-07,7,7,380,86231.94787690816,35,2662.7437191140684,455.20000000000005,38,2,0,46.07595659722574,0,29.613666601858768
2.2,0.55,wec,Le Mans 24 2026,track_position,HYPERCAR,5,729373,HYPERCAR-07,4,4,380,86183.33983688791,35,2668.573734923792,527.2,36,5,0,94.6839966174739,0,23.783650792135177
2.2,0.55,wec,Le Mans 24 2026,splash_and_dash,HYPERCAR,5,729373,HYPERCAR-07,8,8,380,86245.84352362875,35,2661.3030839837184,457.6,38,1,0,32.18030987663951,0,31.05430173220884
2.2,0.55,wec,Le Mans 24 2026,lap_down,HYPERCAR,5,729373,HYPERCAR-07,9,9,380,86278.02383350539,35,2692.357385715927,457.6,38,0,0,0.0,0,0.0
2.2,0.55,wec,Le Mans 24 2026,agent,HYPERCAR,5,729373,HYPERCAR-07,18,18,377,86273.61698075195,84,4172.549447284606,436.8,38,-9,-3,4.406852753440035,49,-1480.1920615686786
2.2,0.55,wec,Le Mans 24 2026,fuel_window,HYPERCAR,5,886406,HYPERCAR-18,4,4,385,86329.43694883779,35,2523.5979052842545,580.8000000000001,26,0,0,0.0,0,0.0
2.2,0.55,wec,Le Mans 24 2026,caution_gambler,HYPERCAR,5,886406,HYPERCAR-18,5,5,385,86374.0239828658,36,2582.2275729674793,547.2,27,-1,0,-44.58703402800893,1,-58.62966768322485
2.2,0.55,wec,Le Mans 24 2026,track_position,HYPERCAR,5,886406,HYPERCAR-18,2,2,385,86216.02957760241,35,2524.1368387842545,560.0,26,2,0,113.4073712353711,0,-0.5389334999999846
2.2,0.55,wec,Le Mans 24 2026,splash_and_dash,HYPERCAR,5,886406,HYPERCAR-18,4,4,385,86329.9938986088,36,2526.8937377949132,581.6,26,0,0,-0.5569497710093856,1,-3.2958325106587836
2.2,0.55,wec,Le Mans 24 2026,lap_down,HYPERCAR,5,886406,HYPERCAR-18,4,4,385,86329.43694883779,35,2523.5979052842545,580.8000000000001,26,0,0,0.0,0,0.0
2.2,0.55,wec,Le Mans 24 2026,agent,HYPERCAR,5,886406,HYPERCAR-18,18,18,380,86175.73305846288,97,4537.618710593433,468.00000000000006,29,-14,-5,153.7038903749053,62,-2014.0208053091787
2.2,0.55,wec,Le Mans 24 2026,fuel_window,HYPERCAR,5,266896,HYPERCAR-15,10,10,374,86369.05578932712,35,2391.6776357708973,490.40000000000003,50,0,0,0.0,0,0.0
2.2,0.55,wec,Le Mans 24 2026,caution_gambler,HYPERCAR,5,266896,HYPERCAR-15,7,7,374,86292.55134157607,36,2492.0721640001,492.00000000000006,50,3,0,76.5044477510528,1,-100.39452822920293
2.2,0.55,wec,Le Mans 24 2026,track_position,HYPERCAR,5,266896,HYPERCAR-15,6,6,374,86265.97410533586,35,2418.3881273532566,564.8000000000001,50,4,0,103.08168399125861,0,-26.710491582359282
2.2,0.55,wec,Le Mans 24 2026,splash_and_dash,HYPERCAR,5,266896,HYPERCAR-15,11,11,373,86133.22258175511,36,2410.5989618968315,495.20000000000005,50,-1,-1,235.83320757201,1,-18.92132612593423
2.2,0.55,wec,Le Mans 24 2026,lap_down,HYPERCAR,5,266896,HYPERCAR-15,8,8,374,86302.52529171282,35,2392.319223270897,501.6,50,2,0,66.53049761429429,0,-0.6415874999997868
2.2,0.55,wec,Le Mans 24 2026,agent,HYPERCAR,5,266896,HYPERCAR-15,18,18,369,86288.45328109026,97,4172.726160227913,409.6,49,-8,-5,80.60250823685783,62,-1781.048524457016
2.2,0.55,wec,Le Mans 24 2026,fuel_window,HYPERCAR,5,967217,HYPERCAR-18,9,9,383,86220.17459127404,36,2820.6215440954293,592.0,35,0,0,0.0,0,0.0
2.2,0.55,wec,Le Mans 24 2026,caution_gambler,HYPERCAR,5,967217,HYPERCAR-18,14,14,382,86224.16643681409,36,2821.314458595429,619.2,34,-5,-1,-3.991845540047507,0,-0.6929144999999153
2.2,0.55,wec,Le Mans 24 2026,track_position,HYPERCAR,5,967217,HYPERCAR-18,11,11,383,86271.00308516668,36,2821.2118045954294,577.6,34,-2,0,-50.8284938926372,0,-0.5902605000001131
2.2,0.55,wec,Le Mans 24 2026,splash_and_dash,HYPERCAR,5,967217,HYPERCAR-18,7,7,383,86182.5330845549,36,2792.275486890539,585.6,35,2,0,37.641506719141034,0,28.346057204890258
2.2,0.55,wec,Le Mans 24 2026,lap_down,HYPERCAR,5,967217,HYPERCAR-18,11,11,382,86214.50972637358,36,2820.2879185954293,614.4000000000001,34,-2,-1,5.664864900463726,0,0.3336254999999255
2.2,0.55,wec,Le Mans 24 2026,agent,HYPERCAR,5,967217,HYPERCAR-18,18,18,380,86361.97023138734,92,4584.62719568768,458.40000000000003,34,-9,-3,-141.79564011329785,56,-1764.0056515922506
2.2,0.55,wec,Le Mans 24 2026,fuel_window,HYPERCAR,5,694703,HYPERCAR-05,8,8,395,86395.76710505111,39,3058.887149863884,560.0,7,0,0,0.0,0,0.0
2.2,0.55,wec,Le Mans 24 2026,caution_gambler,HYPERCAR,5,694703,HYPERCAR-05,8,8,395,86395.76710505111,39,3058.887149863884,560.0,7,0,0,0.0,0,0.0
2.2,0.55,wec,Le Mans 24 2026,track_position,HYPERCAR,5,694703,HYPERCAR-05,8,8,395,86395.07070199706,39,3058.887149863884,546.4000000000001,7,0,0,0.6964030540548265,0,0.0
2.2,0.55,wec,Le Mans 24 2026,splash_and_dash,HYPERCAR,5,694703,HYPERCAR-05,8,8,395,86395.49472750541,39,3041.454986939623,560.0,7,0,0,0.2723775456979638,0,17.43216292426132
2.2,0.55,wec,Le Mans 24 2026,lap_down,HYPERCAR,5,694703,HYPERCAR-05,8,8,395,86395.76710505111,39,3058.887149863884,560.0,7,0,0,0.0,0,0.0
2.2,0.55,wec,Le Mans 24 2026,agent,HYPERCAR,5,694703,HYPERCAR-05,18,18,391,86376.50359847989,81,4215.069503268728,563.2,8,-10,-4,19.263506571223843,42,-1156.182353404844
2.2,0.55,wec,Le Mans 24 2026,fuel_window,HYPERCAR,5,492801,HYPERCAR-12,4,4,388,86315.09450122864,36,2724.8743571513796,420.0,24,0,0,0.0,0,0.0
2.2,0.55,wec,Le Mans 24 2026,caution_gambler,HYPERCAR,5,492801,HYPERCAR-12,4,4,388,86326.35371096103,36,2725.4902811513793,431.20000000000005,24,0,0,-11.259209732394083,0,-0.6159239999997226
2.2,0.55,wec,Le Mans 24 2026,track_position,HYPERCAR,5,492801,HYPERCAR-12,8,8,387,86220.73655401371,36,2754.648760037368,566.4000000000001,24,-4,-1,94.35794721492857,0,-29.774402885988366
2.2,0.55,wec,Le Mans 24 2026,splash_and_dash,HYPERCAR,5,492801,HYPERCAR-12,4,4,388,86325.78828010942,37,2737.015860789283,420.0,24,0,0,-10.69377888078452,1,-12.141503637903497
2.2,0.55,wec,Le Mans 24 2026,lap_down,HYPERCAR,5,492801,HYPERCAR-12,4,4,388,86315.09450122864,36,2724.8743571513796,420.0,24,0,0,0.0,0,0.0
2.2,0.55,wec,Le Mans 24 2026,agent,HYPERCAR,5,492801,HYPERCAR-12,18,18,383,86351.46943420374,83,4067.220167099498,483.20000000000005,24,-14,-5,-36.37493297510082,47,-1342.3458099481186
2.2,0.55,wec,Le Mans 24 2026,fuel_window,HYPERCAR,5,228824,HYPERCAR-06,9,9,388,86188.15075214788,38,2818.9205176994988,563.2,18,0,0,0.0,0,0.0
2.2,0.55,wec,Le Mans 24 2026,caution_gambler,HYPERCAR,5,228824,HYPERCAR-06,4,4,389,86178.49067253526,39,2850.606550306591,593.6,17,5,1,9.660079612614936,1,-31.68603260709233
2.2,0.55,wec,Le Mans 24 2026,track_position,HYPERCAR,5,228824,HYPERCAR-06,1,1,390,86312.98387076824,37,2753.454281853651,612.8000000000001,17,8,2,-124.83311862035771,-1,65.46623584584768
2.2,0.55,wec,Le Mans 24 2026,splash_and_dash,HYPERCAR,5,228824,HYPERCAR-06,9,9,388,86161.97602212074,39,2832.645107439164,568.8000000000001,18,0,0,26.17473002713814,1,-13.724589739665134
2.2,0.55,wec,Le Mans 24 2026,lap_down,HYPERCAR,5,228824,HYPERCAR-06,9,9,388,86188.15075214788,38,2818.9205176994988,563.2,18,0,0,0.0,0,0.0
2.2,0.55,wec,Le Mans 24 2026,agent,HYPERCAR,5,228824,HYPERCAR-06,18,18,384,86374.1400488105,87,4117.950757099434,563.2,19,-9,-4,-185.9892966626212,49,-1299.030239399935
2.2,0.55,wec,Le Mans 24 2026,fuel_window,HYPERCAR,5,472690,HYPERCAR-18,3,3,382,86357.21903426883,36,2719.885615473385,476.00000000000006,32,0,0,0.0,0,0.0
2.2,0.55,wec,Le Mans 24 2026,caution_gambler,HYPERCAR,5,472690,HYPERCAR-18,1,1,382,86315.15445542891,37,2728.2527980214177,540.0,31,2,0,42.06457883991243,1,-8.367182548032815
2.2,0.55,wec,Le Mans 24 2026,track_position,HYPERCAR,5,472690,HYPERCAR-18,9,9,381,86208.28399916163,36,2720.5272029733846,456.00000000000006,32,-6,-1,148.93503510719165,0,-0.6415874999997868
2.2,0.55,wec,Le Mans 24 2026,splash_and_dash,HYPERCAR,5,472690,HYPERCAR-18,4,4,382,86372.70553676046,37,2735.702417641183,477.6,32,-1,0,-15.486502491636202,1,-15.81680216779796
2.2,0.55,wec,Le Mans 24 2026,lap_down,HYPERCAR,5,472690,HYPERCAR-18,9,9,381,86208.28399916163,36,2720.5272029733846,456.00000000000006,32,-6,-1,148.93503510719165,0,-0.6415874999997868
2.2,0.55,wec,Le Mans 24 2026,agent,HYPERCAR,5,472690,HYPERCAR-18,18,18,378,86214.22615707644,85,4070.5668571789715,460.8,33,-15,-4,142.99287719238782,49,-1350.6812417055867
2.2,0.55,wec,Le Mans 24 2026,fuel_window,HYPERCAR,5,792194,HYPERCAR-04,9,9,390,86239.63311013335,37,2854.601241622282,581.6,17,0,0,0.0,0,0.0
2.2,0.55,wec,Le Mans 24 2026,caution_gambler,HYPERCAR,5,792194,HYPERCAR-04,9,9,390,86239.63311013335,37,2854.601241622282,581.6,17,0,0,0.0,0,0.0
2.2,0.55,wec,Le Mans 24 2026,track_position,HYPERCAR,5,792194,HYPERCAR-04,9,9,390,86245.18346394935,37,2854.601241622282,591.2,17,0,0,-5.550353815997369,0,0.0
2.2,0.55,wec,Le Mans 24 2026,splash_and_dash,HYPERCAR,5,792194,HYPERCAR-04,7,7,390,86206.68323533486,37,2823.0669199196236,581.6,17,2,0,32.94987479849078,0,31.534321702658417
2.2,0.55,wec,Le Mans 24 2026,lap_down,HYPERCAR,5,792194,HYPERCAR-04,9,9,390,86239.63311013335,37,2854.601241622282,581.6,17,0,0,0.0,0,0.0
2.2,0.55,wec,Le Mans 24 2026,agent,HYPERCAR,5,792194,HYPERCAR-04,18,18,387,86362.18679769096,81,4188.95828561858,496.8,20,-9,-3,-122.55368755760719,44,-1334.3570439962978
2.2,0.55,wec,Le Mans 24 2026,fuel_window,HYPERCAR,5,311473,HYPERCAR-16,4,4,397,86315.58191986292,39,3057.421910721729,540.8000000000001,2,0,0,0.0,0,0.0
2.2,0.55,wec,Le Mans 24 2026,caution_gambler,HYPERCAR,5,311473,HYPERCAR-16,4,4,397,86315.58191986292,39,3057.421910721729,540.8000000000001,2,0,0,0.0,0,0.0
2.2,0.55,wec,Le Mans 24 2026,track_position,HYPERCAR,5,311473,HYPERCAR-16,5,5,397,86353.9857770703,39,3058.0634982217293,540.8000000000001,2,-1,0,-38.40385720737686,0,-0.6415875000002416
2.2,0.55,wec,Le Mans 24 2026,splash_and_dash,HYPERCAR,5,311473,HYPERCAR-16,4,4,397,86334.8560343497,40,3070.7271314002355,549.6,2,0,0,-19.274114486775943,1,-13.30522067850643
2.2,0.55,wec,Le Mans 24 2026,lap_down,HYPERCAR,5,311473,HYPERCAR-16,4,4,397,86315.58191986292,39,3057.421910721729,540.8000000000001,2,0,0,0.0,0,0.0
2.2,0.55,wec,Le Mans 24 2026,agent,HYPERCAR,5,311473,HYPERCAR-16,18,18,392,86362.48793319786,85,4304.973428271544,545.6,1,-14,-5,-46.906013334941235,46,-1247.5515175498153
2.2,0.55,wec,Le Mans 24 2026,fuel_window,HYPERCAR,5,576934,HYPERCAR-08,15,15,372,86243.87770991125,34,2519.4765432289714,507.20000000000005,53,0,0,0.0,0,0.0
2.2,0.55,wec,Le Mans 24 2026,caution_gambler,HYPERCAR,5,576934,HYPERCAR-08,13,13,372,86207.14121138433,38,2693.075224061708,517.6,52,2,0,36.73649852692324,4,-173.5986808327366
2.2,0.55,wec,Le Mans 24 2026,track_position,HYPERCAR,5,576934,HYPERCAR-08,14,14,373,86367.77212694973,34,2482.5234644501675,572.0,53,1,1,-123.89441703847842,0,36.953078778803956
2.2,0.55,wec,Le Mans 24 2026,splash_and_dash,HYPERCAR,5,576934,HYPERCAR-08,15,15,372,86211.43060245315,34,2489.1527654146626,507.20000000000005,53,0,0,32.44710745809425,0,30.32377781430887
2.2,0.55,wec,Le Mans 24 2026,lap_down,HYPERCAR,5,576934,HYPERCAR-08,15,15,372,86206.78217819118,34,2520.1181307289717,521.6,53,0,0,37.09553172007145,0,-0.6415875000002416
2.2,0.55,wec,Le Mans 24 2026,agent,HYPERCAR,5,576934,HYPERCAR-08,18,18,369,86380.76760420011,99,4422.962394842938,454.40000000000003,56,-3,-3,-136.8898942888627,65,-1903.4858516139666
2.2,0.55,wec,Le Mans 24 2026,fuel_window,HYPERCAR,5,547095,HYPERCAR-15,13,13,377,86213.00037236168,34,2575.2517967047484,483.20000000000005,40,0,0,0.0,0,0.0
2.2,0.55,wec,Le Mans 24 2026,caution_gambler,HYPERCAR,5,547095,HYPERCAR-15,8,8,378,86282.22329978195,35,2515.064797799001,512.0,37,5,1,-69.22292742026912,1,60.18699890574726
2.2,0.55,wec,Le Mans 24 2026,track_position,HYPERCAR,5,547095,HYPERCAR-15,15,15,377,86216.82837871101,34,2575.6367492047484,504.8,41,-2,0,-3.828006349329371,0,-0.384952500000054
2.2,0.55,wec,Le Mans 24 2026,splash_and_dash,HYPERCAR,5,547095,HYPERCAR-15,10,10,377,86174.19292919895,35,2570.0669030036897,476.00000000000006,40,3,0,38.80744316273194,1,5.184893701058627
2.2,0.55,wec,Le Mans 24 2026,lap_down,HYPERCAR,5,547095,HYPERCAR-15,15,15,377,86216.82837871101,34,2575.6367492047484,504.8,41,-2,0,-3.828006349329371,0,-0.384952500000054
2.2,0.55,wec,Le Mans 24 2026,agent,HYPERCAR,5,547095,HYPERCAR-15,18,18,373,86242.2547341559,88,4209.035729683036,432.00000000000006,39,-5,-4,-29.254361794213764,54,-1633.7839329782878
2.2,0.55,wec,Le Mans 24 2026,fuel_window,HYPERCAR,5,432349,HYPERCAR-18,6,6,376,86212.19132864774,35,2490.974458485974,512.8000000000001,44,0,0,0.0,0,0.0
2.2,0.55,wec,Le Mans 24 2026,caution_gambler,HYPERCAR,5,432349,HYPERCAR-18,2,2,377,86256.13453981694,37,2524.531596875605,517.6,44,4,1,-43.94321116920037,2,-33.557138389630836
2.2,0.55,wec,Le Mans 24 2026,track_position,HYPERCAR,5,432349,HYPERCAR-18,6,6,376,86211.2646322109,35,2490.820477485974,511.20000000000005,44,0,0,0.9266964368289337,0,0.15398099999993065
2.2,0.55,wec,Le Mans 24 2026,splash_and_dash,HYPERCAR,5,432349,HYPERCAR-18,2,2,376,86182.49118778587,35,2463.2132003637525,514.4,44,4,0,29.700140861867112,0,27.761258122221534
2.2,0.55,wec,Le Mans 24 2026,lap_down,HYPERCAR,5,432349,HYPERCAR-18,6,6,376,86212.19132864774,35,2490.974458485974,512.8000000000001,44,0,0,0.0,0,0.0
2.2,0.55,wec,Le Mans 24 2026,agent,HYPERCAR,5,432349,HYPERCAR-18,18,18,372,86128.25231501403,110,4691.944178134203,479.20000000000005,48,-12,-4,83.93901363370242,75,-2200.969719648229
2.2,0.55,wec,Le Mans 24 2026,fuel_window,HYPERCAR,5,315807,HYPERCAR-10,4,4,383,86298.80338724062,36,2716.1892195512555,508.8,29,0,0,0.0,0,0.0
2.2,0.55,wec,Le Mans 24 2026,caution_gambler,HYPERCAR,5,315807,HYPERCAR-10,5,5,383,86306.07709703849,37,2770.54273102911,544.0,30,-1,0,-7.273709797867923,1,-54.35351147785468
2.2,0.55,wec,Le Mans 24 2026,track_position,HYPERCAR,5,315807,HYPERCAR-10,6,6,383,86312.4442336955,36,2716.0352385512556,564.0,29,-2,0,-13.640846454873099,0,0.15398099999993065
2.2,0.55,wec,Le Mans 24 2026,splash_and_dash,HYPERCAR,5,315807,HYPERCAR-10,6,6,383,86319.71784888879,37,2734.242563939098,515.2,29,-2,0,-20.914461648164433,1,-18.05334438784257
2.2,0.55,wec,Le Mans 24 2026,lap_down,HYPERCAR,5,315807,HYPERCAR-10,4,4,383,86298.80338724062,36,2716.1892195512555,508.8,29,0,0,0.0,0,0.0
2.2,0.55,wec,Le Mans 24 2026,agent,HYPERCAR,5,315807,HYPERCAR-10,18,18,379,86372.68921875772,95,4475.707260810441,566.4000000000001,32,-14,-4,-73.88583151709463,59,-1759.5180412591853
2.2,0.55,wec,Le Mans 24 2026,fuel_window,HYPERCAR,5,797125,HYPERCAR-01,9,9,384,86331.01635456545,36,2726.664669862459,560.0,30,0,0,0.0,0,0.0
2.2,0.55,wec,Le Mans 24 2026,caution_gambler,HYPERCAR,5,797125,HYPERCAR-01,11,11,384,86348.2254703332,36,2689.204556419354,562.4000000000001,30,-2,0,-17.20911576774961,0,37.460113443105
2.2,0.55,wec,Le Mans 24 2026,track_position,HYPERCAR,5,797125,HYPERCAR-01,7,7,384,86302.5103098199,35,2673.3684818513616,577.6,30,2,0,28.506044745547115,-1,53.296188011097456
2.2,0.55,wec,Le Mans 24 2026,splash_and_dash,HYPERCAR,5,797125,HYPERCAR-01,7,7,384,86302.065405509,36,2698.2202344697735,554.4000000000001,30,2,0,28.950949056452373,0,28.44443539268559
2.2,0.55,wec,Le Mans 24 2026,lap_down,HYPERCAR,5,797125,HYPERCAR-01,9,9,384,86331.01635456545,36,2726.664669862459,560.0,30,0,0,0.0,0,0.0
2.2,0.55,wec,Le Mans 24 2026,agent,HYPERCAR,5,797125,HYPERCAR-01,18,18,380,86263.52251232229,87,4245.706591166914,498.40000000000003,30,-9,-4,67.49384224315872,51,-1519.0419213044552
2.2,0.55,wec,Le Mans 24 2026,fuel_window,HYPERCAR,5,497366,HYPERCAR-08,9,9,378,86177.14097920881,34,2575.692597959346,552.0,39,0,0,0.0,0,0.0
2.2,0.55,wec,Le Mans 24 2026,caution_gambler,HYPERCAR,5,497366,HYPERCAR-08,1,1,379,86269.65762883362,37,2643.7974486140474,497.6,38,8,1,-92.516649624813,3,-68.1048506547013
2.2,0.55,wec,Le Mans 24 2026,track_position,HYPERCAR,5,497366,HYPERCAR-08,10,10,379,86372.37338832155,34,2536.800009044463,548.8000000000001,39,-1,1,-195.2324091127375,0,38.89258891488316
2.2,0.55,wec,Le Mans 24 2026,splash_and_dash,HYPERCAR,5,497366,HYPERCAR-08,9,9,378,86144.03551371025,35,2584.9959663310337,550.4000000000001,39,0,0,33.10546549856372,1,-9.303368371687611
2.2,0.55,wec,Le Mans 24 2026,lap_down,HYPERCAR,5,497366,HYPERCAR-08,9,9,378,86177.14097920881,34,2575.692597959346,552.0,39,0,0,0.0,0,0.0
2.2,0.55,wec,Le Mans 24 2026,agent,HYPERCAR,5,497366,HYPERCAR-08,18,18,375,86225.8111283169,88,4343.553420840864,408.0,42,-9,-3,-48.67014910808939,54,-1767.8608228815183
2.2,0.55,wec,Le Mans 24 2026,fuel_window,HYPERCAR,5,175084,HYPERCAR-08,11,11,383,86338.0007848721,36,2743.217235313699,493.6,32,0,0,0.0,0,0.0
2.2,0.55,wec,Le Mans 24 2026,caution_gambler,HYPERCAR,5,175084,HYPERCAR-08,17,17,382,86215.09730143713,39,2876.500725059474,560.8000000000001,32,-6,-1,122.90348343497317,3,-133.2834897457751
2.2,0.55,wec,Le Mans 24 2026,track_position,HYPERCAR,5,175084,HYPERCAR-08,11,11,383,86345.67073685523,36,2744.115457813699,496.8,32,0,0,-7.669951983130886,0,-0.8982224999999744
2.2,0.55,wec,Le Mans 24 2026,splash_and_dash,HYPERCAR,5,175084,HYPERCAR-08,12,12,383,86344.00571964605,37,2749.3916114574595,495.20000000000005,32,-1,0,-6.0049347739550285,1,-6.174376143760583
2.2,0.55,wec,Le Mans 24 2026,lap_down,HYPERCAR,5,175084,HYPERCAR-08,11,11,383,86338.0007848721,36,2743.217235313699,493.6,32,0,0,0.0,0,0.0
2.2,0.55,wec,Le Mans 24 2026,agent,HYPERCAR,5,175084,HYPERCAR-08,18,18,380,86296.83032560674,91,4337.4532020741735,446.40000000000003,35,-7,-3,41.17045926535502,55,-1594.2359667604746
2.2,0.55,wec,Le Mans 24 2026,fuel_window,HYPERCAR,5,887010,HYPERCAR-03,2,2,379,86220.50126216642,34,2498.0947795014094,426.40000000000003,39,0,0,0.0,0,0.0
2.2,0.55,wec,Le Mans 24 2026,caution_gambler,HYPERCAR,5,887010,HYPERCAR-03,5,5,379,86244.02979732242,35,2458.656503650078,425.6,41,-3,0,-23.528535156001453,1,39.43827585133158
2.2,0.55,wec,Le Mans 24 2026,track_position,HYPERCAR,5,887010,HYPERCAR-03,3,3,379,86271.12215087748,34,2497.607173001409,428.0,38,-1,0,-50.62088871105516,0,0.4876065000003109
2.2,0.55,wec,Le Mans 24 2026,splash_and_dash,HYPERCAR,5,887010,HYPERCAR-03,2,2,379,86188.91465053946,34,2469.6931623401147,426.40000000000003,39,0,0,31.586611626960803,0,28.40161716129478
2.2,0.55,wec,Le Mans 24 2026,lap_down,HYPERCAR,5,887010,HYPERCAR-03,2,2,379,86220.50126216642,34,2498.0947795014094,426.40000000000003,39,0,0,0.0,0,0.0
2.2,0.55,wec,Le Mans 24 2026,agent,HYPERCAR,5,887010,HYPERCAR-03,18,18,374,86230.26032993544,80,3996.564464906904,466.40000000000003,42,-16,-5,-9.759067769016838,46,-1498.4696854054946
2.2,0.55,wec,Le Mans 24 2026,fuel_window,HYPERCAR,5,472274,HYPERCAR-10,5,5,388,86225.0852449632,36,2748.5821508672634,618.4000000000001,20,0,0,0.0,0,0.0
2.2,0.55,wec,Le Mans 24 2026,caution_gambler,HYPERCAR,5,472274,HYPERCAR-10,7,7,388,86240.85903040464,37,2793.608234624124,613.6,20,-2,0,-15.773785441444488,1,-45.02608375686077
2.2,0.55,wec,Le Mans 24 2026,track_position,HYPERCAR,5,472274,HYPERCAR-10,5,5,388,86201.39500372333,36,2749.223738367263,584.0,20,0,0,23.6902412398631,0,-0.6415874999997868
2.2,0.55,wec,Le Mans 24 2026,splash_and_dash,HYPERCAR,5,472274,HYPERCAR-10,4,4,388,86194.54624931353,36,2720.782037957251,619.2,20,1,0,30.538995649665594,0,27.800112910012558
2.2,0.55,wec,Le Mans 24 2026,lap_down,HYPERCAR,5,472274,HYPERCAR-10,5,5,388,86225.0852449632,36,2748.5821508672634,618.4000000000001,20,0,0,0.0,0,0.0
2.2,0.55,wec,Le Mans 24 2026,agent,HYPERCAR,5,472274,HYPERCAR-10,18,18,385,86201.38318999868,85,4294.349383747564,463.20000000000005,23,-13,-3,23.702054964509443,49,-1545.767232880301
2.2,0.55,wec,Le Mans 24 2026,fuel_window,HYPERCAR,5,80012,HYPERCAR-06,2,2,390,86350.09201427788,37,2643.2251168953912,559.2,20,0,0,0.0,0,0.0
2.2,0.55,wec,Le Mans 24 2026,caution_gambler,HYPERCAR,5,80012,HYPERCAR-06,2,2,390,86357.75218700424,38,2679.7676779417748,580.0,19,0,0,-7.660172726362362,1,-36.542561046383526
2.2,0.55,wec,Le Mans 24 2026,track_position,HYPERCAR,5,80012,HYPERCAR-06,2,2,390,86350.09201427788,37,2643.2251168953912,559.2,20,0,0,0.0,0,0.0
2.2,0.55,wec,Le Mans 24 2026,splash_and_dash,HYPERCAR,5,80012,HYPERCAR-06,2,2,390,86361.5962241553,38,2651.5143212384714,565.6,20,0,0,-11.504209877428366,1,-8.2892043430802
2.2,0.55,wec,Le Mans 24 2026,lap_down,HYPERCAR,5,80012,HYPERCAR-06,2,2,390,86350.09201427788,37,2643.2251168953912,559.2,20,0,0,0.0,0,0.0
2.2,0.55,wec,Le Mans 24 2026,agent,HYPERCAR,5,80012,HYPERCAR-06,18,18,384,86153.37047335439,91,4176.2724626747495,518.4000000000001,22,-16,-6,196.72154092349228,54,-1533.0473457793582
2.2,0.55,wec,Le Mans 24 2026,fuel_window,HYPERCAR,5,851148,HYPERCAR-09,7,7,369,86363.63621382503,33,2340.617824627198,466.40000000000003,56,0,0,0.0,0,0.0
2.2,0.55,wec,Le Mans 24 2026,caution_gambler,HYPERCAR,5,851148,HYPERCAR-09,7,7,369,86345.85377679339,34,2348.017717622866,426.40000000000003,56,0,0,17.782437031637528,1,-7.399892995667869
2.2,0.55,wec,Le Mans 24 2026,track_position,HYPERCAR,5,851148,HYPERCAR-09,5,5,369,86239.20960280648,33,2340.155881627198,486.40000000000003,57,2,0,124.42661101854173,0,0.46194299999979194
2.2,0.55,wec,Le Mans 24 2026,splash_and_dash,HYPERCAR,5,851148,HYPERCAR-09,6,6,369,86352.68599869615,33,2313.671149627198,464.8,56,1,0,10.950215128876152,0,26.94667500000014
2.2,0.55,wec,Le Mans 24 2026,lap_down,HYPERCAR,5,851148,HYPERCAR-09,7,7,369,86363.63621382503,33,2340.617824627198,466.40000000000003,56,0,0,0.0,0,0.0
2.2,0.55,wec,Le Mans 24 2026,agent,HYPERCAR,5,851148,HYPERCAR-09,18,18,366,86237.80992385952,97,4263.035736033767,427.20000000000005,63,-11,-3,125.8262899655092,64,-1922.4179114065687
2.2,0.55,wec,Le Mans 24 2026,fuel_window,HYPERCAR,5,589879,HYPERCAR-04,6,6,390,86228.90371197951,37,2826.0399289512943,511.20000000000005,14,0,0,0.0,0,0.0
2.2,0.55,wec,Le Mans 24 2026,caution_gambler,HYPERCAR,5,589879,HYPERCAR-04,6,6,390,86228.90371197951,37,2826.0399289512943,511.20000000000005,14,0,0,0.0,0,0.0
2.2,0.55,wec,Le Mans 24 2026,track_position,HYPERCAR,5,589879,HYPERCAR-04,6,6,390,86320.02792230978,37,2826.296563951294,620.0,13,0,0,-91.12421033026476,0,-0.2566349999997328
2.2,0.55,wec,Le Mans 24 2026,splash_and_dash,HYPERCAR,5,589879,HYPERCAR-04,6,6,390,86197.08644573228,37,2797.0537688957406,511.20000000000005,14,0,0,31.81726624723524,0,28.986160055553682
2.2,0.55,wec,Le Mans 24 2026,lap_down,HYPERCAR,5,589879,HYPERCAR-04,6,6,390,86228.90371197951,37,2826.0399289512943,511.20000000000005,14,0,0,0.0,0,0.0
2.2,0.55,wec,Le Mans 24 2026,agent,HYPERCAR,5,589879,HYPERCAR-04,18,18,384,86147.44325063651,85,4267.044371552151,532.8000000000001,12,-12,-6,81.46046134299831,48,-1441.0044426008562
2.6,0.65,wec,Le Mans 24 2026,fuel_window,HYPERCAR,5,639431,HYPERCAR-03,5,5,390,86191.21145522853,38,2797.7194998565064,548.0,16,0,0,0.0,0,0.0
2.6,0.65,wec,Le Mans 24 2026,caution_gambler,HYPERCAR,5,639431,HYPERCAR-03,5,5,390,86191.21145522853,38,2797.7194998565064,548.0,16,0,0,0.0,0,0.0
2.6,0.65,wec,Le Mans 24 2026,track_position,HYPERCAR,5,639431,HYPERCAR-03,4,4,391,86283.44731487198,37,2738.02082792788,576.0,19,1,1,-92.23585964344966,-1,59.69867192862648
2.6,0.65,wec,Le Mans 24 2026,splash_and_dash,HYPERCAR,5,639431,HYPERCAR-03,5,5,390,86159.83367403681,39,2804.1845931582616,546.4000000000001,16,0,0,31.377781191724353,1,-6.465093301755132
2.6,0.65,wec,Le Mans 24 2026,lap_down,HYPERCAR,5,639431,HYPERCAR-03,5,5,390,86191.21145522853,38,2797.7194998565064,548.0,16,0,0,0.0,0,0.0
2.6,0.65,wec,Le Mans 24 2026,agent,HYPERCAR,5,639431,HYPERCAR-03,18,18,384,86346.00128217976,77,4164.135833750285,558.4000000000001,16,-13,-6,-154.7898269512225,39,-1366.4163338937788
2.6,0.65,wec,Le Mans 24 2026,fuel_window,HYPERCAR,5,497127,HYPERCAR-17,7,7,394,86298.88327029545,38,2970.400308003233,615.2,6,0,0,0.0,0,0.0
2.6,0.65,wec,Le Mans 24 2026,caution_gambler,HYPERCAR,5,497127,HYPERCAR-17,7,7,394,86298.88327029545,38,2970.400308003233,615.2,6,0,0,0.0,0,0.0
2.6,0.65,wec,Le Mans 24 2026,track_position,HYPERCAR,5,497127,HYPERCAR-17,8,8,394,86430.78899342031,37,2911.77020991639,585.6,8,-1,0,-131.90572312485892,-1,58.63009808684319
2.6,0.65,wec,Le Mans 24 2026,splash_and_dash,HYPERCAR,5,497127,HYPERCAR-17,4,4,395,86470.97777228827,38,2943.453633003233,612.8000000000001,6,3,1,-172.09450199281855,0,26.94667500000014
2.6,0.65,wec,Le Mans 24 2026,lap_down,HYPERCAR,5,497127,HYPERCAR-17,7,7,394,86298.33849781974,38,2970.400308003233,614.4000000000001,6,0,0,0.5447724757104879,0,0.0
2.6,0.65,wec,Le Mans 24 2026,agent,HYPERCAR,5,497127,HYPERCAR-17,18,18,388,86329.13555339164,79,4437.014623767532,517.6,7,-11,-6,-30.25228309618251,41,-1466.6143157642987
2.6,0.65,wec,Le Mans 24 2026,fuel_window,HYPERCAR,5,737684,HYPERCAR-04,11,11,379,86191.08847371118,35,2670.918960658249,502.40000000000003,38,0,0,0.0,0,0.0
2.6,0.65,wec,Le Mans 24 2026,caution_gambler,HYPERCAR,5,737684,HYPERCAR-04,8,8,380,86357.10792384016,35,2602.731049535275,545.6,38,3,1,-166.01945012898068,0,68.18791112297413
2.6,0.65,wec,Le Mans 24 2026,track_position,HYPERCAR,5,737684,HYPERCAR-04,12,12,379,86275.39173293472,35,2700.4509926121373,563.2,37,-1,0,-84.3032592235395,0,-29.532031953888236
2.6,0.65,wec,Le Mans 24 2026,splash_and_dash,HYPERCAR,5,737684,HYPERCAR-04,11,11,379,86160.5149840512,36,2688.9824975059482,500.8,38,0,0,30.573489659975166,1,-18.063536847699197
2.6,0.65,wec,Le Mans 24 2026,lap_down,HYPERCAR,5,737684,HYPERCAR-04,13,13,379,86374.2606700973,35,2670.918960658249,498.40000000000003,39,-2,0,-183.17219638612005,0,0.0
2.6,0.65,wec,Le Mans 24 2026,agent,HYPERCAR,5,737684,HYPERCAR-04,18,18,375,86355.9178010094,80,4399.526126117877,408.8,35,-7,-4,-164.82932729822642,45,-1728.6071654596276
2.6,0.65,wec,Le Mans 24 2026,fuel_window,HYPERCAR,5,279327,HYPERCAR-12,4,4,388,86222.72049884086,37,2843.651167928893,481.6,20,0,0,0.0,0,0.0
2.6,0.65,wec,Le Mans 24 2026,caution_gambler,HYPERCAR,5,279327,HYPERCAR-12,6,6,387,86250.17401014379,37,2805.3627308000214,592.0,20,-2,-1,-27.453511302926927,0,38.288437128871465
2.6,0.65,wec,Le Mans 24 2026,track_position,HYPERCAR,5,279327,HYPERCAR-12,5,5,388,86321.61197021556,37,2843.651167928893,504.8,21,-1,0,-98.89147137469263,0,0.0
2.6,0.65,wec,Le Mans 24 2026,splash_and_dash,HYPERCAR,5,279327,HYPERCAR-12,4,4,388,86189.74271764916,37,2816.7044929288927,478.40000000000003,20,0,0,32.97778119170107,0,26.94667500000014
2.6,0.65,wec,Le Mans 24 2026,lap_down,HYPERCAR,5,279327,HYPERCAR-12,4,4,388,86222.72049884086,37,2843.651167928893,481.6,20,0,0,0.0,0,0.0
2.6,0.65,wec,Le Mans 24 2026,agent,HYPERCAR,5,279327,HYPERCAR-12,18,18,381,86256.15757102621,81,4394.161968321982,485.6,21,-14,-7,-33.43707218534837,44,-1550.5108003930895
2.6,0.65,wec,Le Mans 24 2026,fuel_window,HYPERCAR,5,22699,HYPERCAR-09,14,14,375,86352.79608825801,35,2597.1748170954547,551.2,49,0,0,0.0,0,0.0
2.6,0.65,wec,Le Mans 24 2026,caution_gambler,HYPERCAR,5,22699,HYPERCAR-09,14,14,374,86302.651196006,36,2663.305917658234,473.6,49,0,-1,50.144892252006684,1,-66.13110056277947
2.6,0.65,wec,Le Mans 24 2026,track_position,HYPERCAR,5,22699,HYPERCAR-09,14,14,374,86292.9182616887,34,2509.7761584336613,520.8000000000001,49,0,-1,59.877826569310855,-1,87.39865866179343
2.6,0.65,wec,Le Mans 24 2026,splash_and_dash,HYPERCAR,5,22699,HYPERCAR-09,9,9,375,86301.14401089081,35,2543.281467095455,559.2,49,5,0,51.65207736719458,0,53.89334999999983
2.6,0.65,wec,Le Mans 24 2026,lap_down,HYPERCAR,5,22699,HYPERCAR-09,14,14,375,86352.79608825801,35,2597.1748170954547,551.2,49,0,0,0.0,0,0.0
2.6,0.65,wec,Le Mans 24 2026,agent,HYPERCAR,5,22699,HYPERCAR-09,18,18,371,86308.37731676792,88,4738.335994668005,408.0,51,-4,-4,44.418771490090876,53,-2141.16117757255
2.6,0.65,wec,Le Mans 24 2026,fuel_window,HYPERCAR,5,604281,HYPERCAR-17,8,8,368,86183.4023702958,34,2351.0032504319333,490.40000000000003,59,0,0,0.0,0,0.0
2.6,0.65,wec,Le Mans 24 2026,caution_gambler,HYPERCAR,5,604281,HYPERCAR-17,1,1,369,86378.21407844266,36,2426.9682597813135,537.6,55,7,1,-194.8117081468663,2,-75.96500934938013
2.6,0.65,wec,Le Mans 24 2026,track_position,HYPERCAR,5,604281,HYPERCAR-17,1,1,369,86331.5157455321,33,2226.801679703138,497.6,59,7,1,-148.11337523630937,-1,124.20157072879556
2.6,0.65,wec,Le Mans 24 2026,splash_and_dash,HYPERCAR,5,604281,HYPERCAR-17,6,6,368,86156.23049366691,35,2381.977430718388,490.40000000000003,59,2,0,27.171876628883183,1,-30.97418028645461
2.6,0.65,wec,Le Mans 24 2026,lap_down,HYPERCAR,5,604281,HYPERCAR-17,8,8,368,86183.4023702958,34,2351.0032504319333,490.40000000000003,59,0,0,0.0,0,0.0
2.6,0.65,wec,Le Mans 24 2026,agent,HYPERCAR,5,604281,HYPERCAR-17,18,18,364,86176.81514345537,92,4479.084391750175,413.6,60,-10,-4,6.587226840420044,58,-2128.081141318242
2.6,0.65,wec,Le Mans 24 2026,fuel_window,HYPERCAR,5,871382,HYPERCAR-17,7,7,390,86378.55181815437,37,2789.4663669653814,571.2,15,0,0,0.0,0,0.0
2.6,0.65,wec,Le Mans 24 2026,caution_gambler,HYPERCAR,5,871382,HYPERCAR-17,10,10,389,86214.22901542524,38,2859.1784845913744,562.4000000000001,15,-3,-1,164.3228027291334,1,-69.71211762599296
2.6,0.65,wec,Le Mans 24 2026,track_position,HYPERCAR,5,871382,HYPERCAR-17,8,8,389,86188.30911479198,37,2789.4663669653814,582.4000000000001,15,-1,-1,190.24270336239715,0,0.0
2.6,0.65,wec,Le Mans 24 2026,splash_and_dash,HYPERCAR,5,871382,HYPERCAR-17,8,8,389,86131.14259516448,38,2835.6107816407443,563.2,15,-1,-1,247.40922298989608,1,-46.144414675362896
2.6,0.65,wec,Le Mans 24 2026,lap_down,HYPERCAR,5,871382,HYPERCAR-17,7,7,390,86378.55181815437,37,2789.4663669653814,571.2,15,0,0,0.0,0,0.0
2.6,0.65,wec,Le Mans 24 2026,agent,HYPERCAR,5,871382,HYPERCAR-17,18,18,383,86245.67974804537,88,4752.75503890905,534.4000000000001,18,-11,-7,132.87207010900602,51,-1963.2886719436688
2.6,0.65,wec,Le Mans 24 2026,fuel_window,HYPERCAR,5,967710,HYPERCAR-18,5,5,390,86187.8262391872,37,2792.2814184179792,518.4000000000001,18,0,0,0.0,0,0.0
2.6,0.65,wec,Le Mans 24 2026,caution_gambler,HYPERCAR,5,967710,HYPERCAR-18,5,5,390,86187.8262391872,37,2792.2814184179792,518.4000000000001,18,0,0,0.0,0,0.0
2.6,0.65,wec,Le Mans 24 2026,track_position,HYPERCAR,5,967710,HYPERCAR-18,5,5,390,86180.65841084854,37,2792.2814184179792,527.2,18,0,0,7.167828338657273,0,0.0
2.6,0.65,wec,Le Mans 24 2026,splash_and_dash,HYPERCAR,5,967710,HYPERCAR-18,5,5,390,86154.04845799554,38,2821.266808413692,514.4000000000001,18,0,0,33.777781191660324,1,-28.98538999571292
2.6,0.65,wec,Le Mans 24 2026,lap_down,HYPERCAR,5,967710,HYPERCAR-18,5,5,390,86187.8262391872,37,2792.2814184179792,518.4000000000001,18,0,0,0.0,0,0.0
2.6,0.65,wec,Le Mans 24 2026,agent,HYPERCAR,5,967710,HYPERCAR-18,18,18,384,86209.19351190196,83,4485.994272390331,476.00000000000006,15,-13,-6,-21.367272714764113,46,-1693.7128539723521
2.6,0.65,wec,Le Mans 24 2026,fuel_window,HYPERCAR,5,596591,HYPERCAR-07,8,8,387,86346.4257144557,36,2740.4987043759497,470.40000000000003,21,0,0,0.0,0,0.0
2.6,0.65,wec,Le Mans 24 2026,caution_gambler,HYPERCAR,5,596591,HYPERCAR-07,7,7,387,86336.20417623027,36,2714.6154408802663,472.00000000000006,21,1,0,10.221538225436234,0,25.883263495683423
2.6,0.65,wec,Le Mans 24 2026,track_position,HYPERCAR,5,596591,HYPERCAR-07,9,9,387,86371.10116609944,36,2824.3297088069444,547.2,22,-1,0,-24.67545164373587,0,-83.83100443099465
2.6,0.65,wec,Le Mans 24 2026,splash_and_dash,HYPERCAR,5,596591,HYPERCAR-07,9,9,387,86363.77728434754,37,2761.219715637575,468.8,21,-1,0,-17.351569891834515,1,-20.721011261625335
2.6,0.65,wec,Le Mans 24 2026,lap_down,HYPERCAR,5,596591,HYPERCAR-07,8,8,387,86346.4257144557,36,2740.4987043759497,470.40000000000003,21,0,0,0.0,0,0.0
2.6,0.65,wec,Le Mans 24 2026,agent,HYPERCAR,5,596591,HYPERCAR-07,18,18,382,86267.35161251362,82,4570.9657090363435,440.00000000000006,25,-10,-5,79.07410194208205,46,-1830.4670046603937
2.6,0.65,wec,Le Mans 24 2026,fuel_window,HYPERCAR,5,154210,HYPERCAR-06,9,9,387,86292.81591313968,37,2954.2438926019045,535.2,22,0,0,0.0,0,0.0
2.6,0.65,wec,Le Mans 24 2026,caution_gambler,HYPERCAR,5,154210,HYPERCAR-06,8,8,387,86237.20327236701,39,3000.6336614034567,488.8,22,1,0,55.61264077266969,2,-46.389768801552236
2.6,0.65,wec,Le Mans 24 2026,track_position,HYPERCAR,5,154210,HYPERCAR-06,10,10,387,86435.00205819587,37,2954.2438926019045,532.8000000000001,22,-1,0,-142.1861450561846,0,0.0
2.6,0.65,wec,Le Mans 24 2026,splash_and_dash,HYPERCAR,5,154210,HYPERCAR-06,9,9,387,86289.7505273394,37,2927.2972176019043,539.2,22,0,0,3.0653858002769994,0,26.94667500000014
2.6,0.65,wec,Le Mans 24 2026,lap_down,HYPERCAR,5,154210,HYPERCAR-06,10,10,387,86435.00205819587,37,2954.2438926019045,532.8000000000001,22,-1,0,-142.1861450561846,0,0.0
2.6,0.65,wec,Le Mans 24 2026,agent,HYPERCAR,5,154210,HYPERCAR-06,18,18,383,86341.48371740381,83,4521.37750336099,474.40000000000003,23,-9,-4,-48.66780426412879,46,-1567.1336107590855
2.6,0.65,wec,Le Mans 24 2026,fuel_window,HYPERCAR,5,838952,HYPERCAR-15,9,9,387,86350.00180191733,37,2749.055213843402,591.2,20,0,0,0.0,0,0.0
2.6,0.65,wec,Le Mans 24 2026,caution_gambler,HYPERCAR,5,838952,HYPERCAR-15,1,1,387,86283.15450539712,38,2750.5184427690438,578.4000000000001,20,8,0,66.84729652020906,1,-1.4632289256419426
2.6,0.65,wec,Le Mans 24 2026,track_position,HYPERCAR,5,838952,HYPERCAR-15,5,5,387,86340.82212067436,37,2749.055213843402,566.4000000000001,19,4,0,9.17968124296749,0,0.0
2.6,0.65,wec,Le Mans 24 2026,splash_and_dash,HYPERCAR,5,838952,HYPERCAR-15,10,10,387,86356.23739901792,38,2760.8758054096606,588.8000000000001,20,-1,0,-6.235597100589075,1,-11.820591566258827
2.6,0.65,wec,Le Mans 24 2026,lap_down,HYPERCAR,5,838952,HYPERCAR-15,9,9,387,86350.00180191733,37,2749.055213843402,591.2,20,0,0,0.0,0,0.0
2.6,0.65,wec,Le Mans 24 2026,agent,HYPERCAR,5,838952,HYPERCAR-15,18,18,381,86139.99308732634,86,4534.403853939572,512.8000000000001,21,-9,-6,210.0087145909929,49,-1785.3486400961706
2.6,0.65,wec,Le Mans 24 2026,fuel_window,HYPERCAR,5,486540,HYPERCAR-16,3,3,381,86372.39807731028,35,2494.683004670391,532.0,36,0,0,0.0,0,0.0
2.6,0.65,wec,Le Mans 24 2026,caution_gambler,HYPERCAR,5,486540,HYPERCAR-16,10,10,380,86325.8569481702,37,2613.2929889786546,523.2,36,-7,-1,46.541129140081466,2,-118.60998430826385
2.6,0.65,wec,Le Mans 24 2026,track_position,HYPERCAR,5,486540,HYPERCAR-16,9,9,380,86274.22611312661,35,2522.789033245491,513.6,36,-6,-1,98.17196418366802,0,-28.106028575100027
2.6,0.65,wec,Le Mans 24 2026,splash_and_dash,HYPERCAR,5,486540,HYPERCAR-16,3,3,381,86371.79156395818,35,2478.514999670391,532.0,36,0,0,0.6065133521042299,0,16.168004999999994
2.6,0.65,wec,Le Mans 24 2026,lap_down,HYPERCAR,5,486540,HYPERCAR-16,3,3,381,86372.39807731028,35,2494.683004670391,532.0,36,0,0,0.0,0,0.0
2.6,0.65,wec,Le Mans 24 2026,agent,HYPERCAR,5,486540,HYPERCAR-16,18,18,377,86259.50646626197,82,4366.427984158793,447.20000000000005,39,-15,-4,112.89161104831146,47,-1871.7449794884024
2.6,0.65,wec,Le Mans 24 2026,fuel_window,HYPERCAR,5,432241,HYPERCAR-14,8,8,387,86179.70122607242,37,2804.5580922360405,521.6,22,0,0,0.0,0,0.0
2.6,0.65,wec,Le Mans 24 2026,caution_gambler,HYPERCAR,5,432241,HYPERCAR-14,4,4,388,86296.79196816031,38,2852.2171397871602,510.40000000000003,21,4,1,-117.09074208789389,1,-47.659047551119784
2.6,0.65,wec,Le Mans 24 2026,track_position,HYPERCAR,5,432241,HYPERCAR-14,7,7,388,86364.49857540276,36,2770.910806809069,500.8,21,1,1,-184.79734933034342,-1,33.64728542697139
2.6,0.65,wec,Le Mans 24 2026,splash_and_dash,HYPERCAR,5,432241,HYPERCAR-14,8,8,387,86151.33899797655,38,2829.72694871071,521.6,22,0,0,28.362228095866158,1,-25.16885647466961
2.6,0.65,wec,Le Mans 24 2026,lap_down,HYPERCAR,5,432241,HYPERCAR-14,8,8,387,86179.70122607242,37,2804.5580922360405,521.6,22,0,0,0.0,0,0.0
2.6,0.65,wec,Le Mans 24 2026,agent,HYPERCAR,5,432241,HYPERCAR-14,18,18,383,86349.09273103191,84,4501.995771525336,468.00000000000006,24,-10,-4,-169.39150495949434,47,-1697.4376792892954
2.6,0.65,wec,Le Mans 24 2026,fuel_window,HYPERCAR,5,552122,HYPERCAR-07,16,16,380,86355.98425817101,35,2803.795222435779,554.4000000000001,36,0,0,0.0,0,0.0
2.6,0.65,wec,Le Mans 24 2026,caution_gambler,HYPERCAR,5,552122,HYPERCAR-07,8,8,381,86219.74927958172,36,2746.1993588817963,560.0,37,8,1,136.2349785892875,1,57.59586355398278
2.6,0.65,wec,Le Mans 24 2026,track_position,HYPERCAR,5,552122,HYPERCAR-07,13,13,381,86317.46893286062,35,2771.2188076829575,568.0,36,3,1,38.515325310392655,0,32.57641475282162
2.6,0.65,wec,Le Mans 24 2026,splash_and_dash,HYPERCAR,5,552122,HYPERCAR-07,16,16,380,86297.27374204408,35,2749.9018724357793,552.8000000000001,36,0,0,58.71051612692827,0,53.89334999999983
2.6,0.65,wec,Le Mans 24 2026,lap_down,HYPERCAR,5,552122,HYPERCAR-07,16,16,380,86355.98425817101,35,2803.795222435779,554.4000000000001,36,0,0,0.0,0,0.0
2.6,0.65,wec,Le Mans 24 2026,agent,HYPERCAR,5,552122,HYPERCAR-07,18,18,378,86326.3702327727,76,4188.196886726382,496.8,36,-2,-2,29.614025398317608,41,-1384.401664290603
2.6,0.65,wec,Le Mans 24 2026,fuel_window,HYPERCAR,5,999870,HYPERCAR-11,1,1,394,86365.69763767705,38,2868.4434147004836,594.4000000000001,10,0,0,0.0,0,0.0
2.6,0.65,wec,Le Mans 24 2026,caution_gambler,HYPERCAR,5,999870,HYPERCAR-11,1,1,394,86365.69763767705,38,2868.4434147004836,594.4000000000001,10,0,0,0.0,0,0.0
2.6,0.65,wec,Le Mans 24 2026,track_position,HYPERCAR,5,999870,HYPERCAR-11,4,4,392,86210.08481550793,38,2868.4434147004836,613.6,13,-3,-2,155.61282216911786,0,0.0
2.6,0.65,wec,Le Mans 24 2026,splash_and_dash,HYPERCAR,5,999870,HYPERCAR-11,2,2,393,86133.38750272832,39,2912.722203909397,596.8000000000001,10,-1,-1,232.31013494872604,1,-44.27878920891362
2.6,0.65,wec,Le Mans 24 2026,lap_down,HYPERCAR,5,999870,HYPERCAR-11,3,3,393,86226.82971498262,38,2868.4434147004836,566.4000000000001,11,-2,-1,138.8679226944223,0,0.0
2.6,0.65,wec,Le Mans 24 2026,agent,HYPERCAR,5,999870,HYPERCAR-11,18,18,387,86250.54672239856,79,4468.408344348328,557.6,11,-17,-7,115.15091527848563,41,-1599.9649296478442
2.6,0.65,wec,Le Mans 24 2026,fuel_window,HYPERCAR,5,22006,HYPERCAR-09,7,7,381,86194.69606431575,34,2608.9972219626657,518.4000000000001,39,0,0,0.0,0,0.0
2.6,0.65,wec,Le Mans 24 2026,caution_gambler,HYPERCAR,5,22006,HYPERCAR-09,10,10,381,86245.49903758577,35,2650.603579633074,535.2,39,-3,0,-50.80297327002336,1,-41.606357670408215
2.6,0.65,wec,Le Mans 24 2026,track_position,HYPERCAR,5,22006,HYPERCAR-09,6,6,382,86337.82307652057,34,2608.9972219626657,503.20000000000005,37,1,1,-143.1270122048154,0,0.0
2.6,0.65,wec,Le Mans 24 2026,splash_and_dash,HYPERCAR,5,22006,HYPERCAR-09,6,6,381,86167.57994794592,35,2624.437360025933,520.0,39,1,0,27.11611636982707,1,-15.440138063267113
2.6,0.65,wec,Le Mans 24 2026,lap_down,HYPERCAR,5,22006,HYPERCAR-09,7,7,381,86194.69606431575,34,2608.9972219626657,518.4000000000001,39,0,0,0.0,0,0.0
2.6,0.65,wec,Le Mans 24 2026,agent,HYPERCAR,5,22006,HYPERCAR-09,18,18,377,86163.83919107477,86,4411.31759515959,451.20000000000005,39,-11,-4,30.85687324097671,52,-1802.3203731969247
2.6,0.65,wec,Le Mans 24 2026,fuel_window,HYPERCAR,5,654215,HYPERCAR-12,13,13,356,86380.82985986592,30,2065.991993911339,340.8,86,0,0,0.0,0,0.0
2.6,0.65,wec,Le Mans 24 2026,caution_gambler,HYPERCAR,5,654215,HYPERCAR-12,12,12,356,86375.31672091456,34,2236.4995361267074,337.6,86,1,0,5.513138951355359,4,-170.50754221536863
2.6,0.65,wec,Le Mans 24 2026,track_position,HYPERCAR,5,654215,HYPERCAR-12,13,13,356,86373.732170824,30,2065.991993911339,353.6,86,0,0,7.097689041911508,0,0.0
2.6,0.65,wec,Le Mans 24 2026,splash_and_dash,HYPERCAR,5,654215,HYPERCAR-12,13,13,356,86380.82985986592,30,2065.991993911339,340.8,86,0,0,0.0,0,0.0
2.6,0.65,wec,Le Mans 24 2026,lap_down,HYPERCAR,5,654215,HYPERCAR-12,13,13,356,86380.82985986592,30,2065.991993911339,340.8,86,0,0,0.0,0,0.0
2.6,0.65,wec,Le Mans 24 2026,agent,HYPERCAR,5,654215,HYPERCAR-12,18,18,352,86200.43650021359,110,4999.938957932961,322.40000000000003,90,-5,-4,180.3933596523275,80,-2933.946964021622
2.6,0.65,wec,Le Mans 24 2026,fuel_window,HYPERCAR,5,541577,HYPERCAR-05,4,4,378,86373.11753732176,36,2594.2835518924157,482.40000000000003,39,0,0,0.0,0,0.0
2.6,0.65,wec,Le Mans 24 2026,caution_gambler,HYPERCAR,5,541577,HYPERCAR-05,6,6,377,86203.26817351849,38,2671.819253471447,515.2,40,-2,-1,169.8493638032669,2,-77.53570157903141
2.6,0.65,wec,Le Mans 24 2026,track_position,HYPERCAR,5,541577,HYPERCAR-05,6,6,377,86205.1118206596,34,2432.485007857253,472.8,40,-2,-1,168.00571666215546,-2,161.79854403516265
2.6,0.65,wec,Le Mans 24 2026,splash_and_dash,HYPERCAR,5,541577,HYPERCAR-05,2,2,378,86323.12694391418,36,2567.336876892416,487.20000000000005,39,2,0,49.99059340757958,0,26.946674999999686
2.6,0.65,wec,Le Mans 24 2026,lap_down,HYPERCAR,5,541577,HYPERCAR-05,4,4,378,86373.11753732176,36,2594.2835518924157,482.40000000000003,39,0,0,0.0,0,0.0
2.6,0.65,wec,Le Mans 24 2026,agent,HYPERCAR,5,541577,HYPERCAR-05,18,18,373,86351.82016097357,95,4826.110247441811,472.00000000000006,45,-14,-5,21.297376348185935,59,-2231.8266955493955
2.6,0.65,wec,Le Mans 24 2026,fuel_window,HYPERCAR,5,436123,HYPERCAR-13,1,1,386,86338.39656866051,36,2622.057973290823,587.2,27,0,0,0.0,0,0.0
2.6,0.65,wec,Le Mans 24 2026,caution_gambler,HYPERCAR,5,436123,HYPERCAR-13,3,3,385,86206.95830455318,36,2620.937362526326,546.4000000000001,28,-2,-1,131.43826410733163,0,1.120610764497087
2.6,0.65,wec,Le Mans 24 2026,track_position,HYPERCAR,5,436123,HYPERCAR-13,1,1,386,86292.82358024587,35,2480.9420197406193,544.8000000000001,28,0,0,45.57298841464217,-1,141.1159535502038
2.6,0.65,wec,Le Mans 24 2026,splash_and_dash,HYPERCAR,5,436123,HYPERCAR-13,2,2,386,86368.67207024038,37,2649.4723576103597,593.6,27,-1,0,-30.27550157987571,1,-27.414384319536566
2.6,0.65,wec,Le Mans 24 2026,lap_down,HYPERCAR,5,436123,HYPERCAR-13,1,1,386,86338.39656866051,36,2622.057973290823,587.2,27,0,0,0.0,0,0.0
2.6,0.65,wec,Le Mans 24 2026,agent,HYPERCAR,5,436123,HYPERCAR-13,18,18,379,86188.07034800047,85,4425.787142810673,448.8,29,-17,-7,150.32622066003387,49,-1803.7291695198496
2.6,0.65,wec,Le Mans 24 2026,fuel_window,HYPERCAR,5,359372,HYPERCAR-16,5,5,377,86467.80595080493,35,2616.6401046673777,527.2,41,0,0,0.0,0,0.0
2.6,0.65,wec,Le Mans 24 2026,caution_gambler,HYPERCAR,5,359372,HYPERCAR-16,6,6,377,86500.4375406421,37,2675.283126928579,510.40000000000003,41,-1,0,-32.631589837168576,2,-58.64302226120117
2.6,0.65,wec,Le Mans 24 2026,track_position,HYPERCAR,5,359372,HYPERCAR-16,2,2,377,86305.99388698833,34,2580.289473799691,398.40000000000003,40,3,0,161.81206381660013,-1,36.350630867686505
2.6,0.65,wec,Le Mans 24 2026,splash_and_dash,HYPERCAR,5,359372,HYPERCAR-16,3,3,377,86450.68937044423,35,2589.693429667378,531.2,41,2,0,17.116580360700027,0,26.946674999999686
2.6,0.65,wec,Le Mans 24 2026,lap_down,HYPERCAR,5,359372,HYPERCAR-16,5,5,377,86467.80595080493,35,2616.6401046673777,527.2,41,0,0,0.0,0,0.0
2.6,0.65,wec,Le Mans 24 2026,agent,HYPERCAR,5,359372,HYPERCAR-16,18,18,370,86260.03311079119,97,5004.578233106593,466.40000000000003,41,-13,-7,207.7728400137421,62,-2387.9381284392152
2.6,0.65,wec,Le Mans 24 2026,fuel_window,HYPERCAR,5,340792,HYPERCAR-04,5,5,379,86184.15864979861,34,2575.5708498536787,508.80000000000007,37,0,0,0.0,0,0.0
2.6,0.65,wec,Le Mans 24 2026,caution_gambler,HYPERCAR,5,340792,HYPERCAR-04,5,5,379,86224.63718444377,36,2697.29180945922,424.8,37,0,0,-40.47853464515356,2,-121.72095960554134
2.6,0.65,wec,Le Mans 24 2026,track_position,HYPERCAR,5,340792,HYPERCAR-04,5,5,379,86189.85753145831,34,2575.5708498536787,490.40000000000003,36,0,0,-5.698881659700419,0,0.0
2.6,0.65,wec,Le Mans 24 2026,splash_and_dash,HYPERCAR,5,340792,HYPERCAR-04,5,5,379,86147.18086860691,35,2596.5671644034696,501.6,37,0,0,36.97778119170107,1,-20.996314549790895
2.6,0.65,wec,Le Mans 24 2026,lap_down,HYPERCAR,5,340792,HYPERCAR-04,5,5,379,86184.15864979861,34,2575.5708498536787,508.80000000000007,37,0,0,0.0,0,0.0
2.6,0.65,wec,Le Mans 24 2026,agent,HYPERCAR,5,340792,HYPERCAR-04,18,18,374,86239.46031461906,91,4554.3104243235775,532.8000000000001,40,-13,-5,-55.30166482045024,57,-1978.7395744698988
2.6,0.65,wec,Le Mans 24 2026,fuel_window,HYPERCAR,5,594289,HYPERCAR-08,8,8,384,86290.70071627355,37,2763.131410414006,508.00000000000006,31,0,0,0.0,0,0.0
2.6,0.65,wec,Le Mans 24 2026,caution_gambler,HYPERCAR,5,594289,HYPERCAR-08,4,4,384,86185.84856218207,37,2706.8496646753665,568.8000000000001,32,4,0,104.85215409148077,0,56.28174573863953
2.6,0.65,wec,Le Mans 24 2026,track_position,HYPERCAR,5,594289,HYPERCAR-08,2,2,384,86189.56591990891,35,2600.761133117997,520.0,32,6,0,101.13479636464035,-2,162.37027729600914
2.6,0.65,wec,Le Mans 24 2026,splash_and_dash,HYPERCAR,5,594289,HYPERCAR-08,5,5,384,86236.8952981939,37,2709.238060414006,509.6,31,3,0,53.80541807966074,0,53.89334999999983
2.6,0.65,wec,Le Mans 24 2026,lap_down,HYPERCAR,5,594289,HYPERCAR-08,8,8,384,86290.70071627355,37,2763.131410414006,508.00000000000006,31,0,0,0.0,0,0.0
2.6,0.65,wec,Le Mans 24 2026,agent,HYPERCAR,5,594289,HYPERCAR-08,18,18,381,86203.92037724199,80,4191.816084884474,504.00000000000006,34,-10,-3,86.78033903156756,43,-1428.6846744704676
2.6,0.65,wec,Le Mans 24 2026,fuel_window,HYPERCAR,5,237316,HYPERCAR-15,7,7,388,86230.11933830782,37,2906.707620974341,571.2,20,0,0,0.0,0,0.0
2.6,0.65,wec,Le Mans 24 2026,caution_gambler,HYPERCAR,5,237316,HYPERCAR-15,6,6,389,86318.56804527817,37,2871.1092570517258,582.4000000000001,20,1,1,-88.4487069703464,0,35.598363922615135
2.6,0.65,wec,Le Mans 24 2026,track_position,HYPERCAR,5,237316,HYPERCAR-15,7,7,388,86239.41125844173,36,2811.5345527884288,546.4000000000001,21,0,0,-9.291920133910025,-1,95.17306818591214
2.6,0.65,wec,Le Mans 24 2026,splash_and_dash,HYPERCAR,5,237316,HYPERCAR-15,6,6,388,86204.34155711609,37,2879.760945974341,575.2,20,1,0,25.777781191733084,0,26.946674999999686
2.6,0.65,wec,Le Mans 24 2026,lap_down,HYPERCAR,5,237316,HYPERCAR-15,7,7,388,86230.11933830782,37,2906.707620974341,571.2,20,0,0,0.0,0,0.0
2.6,0.65,wec,Le Mans 24 2026,agent,HYPERCAR,5,237316,HYPERCAR-15,18,18,383,86241.82083053731,79,4405.001313061805,460.00000000000006,22,-11,-5,-11.701492229491123,42,-1498.2936920874645
2.6,0.65,wec,Le Mans 24 2026,fuel_window,HYPERCAR,5,936516,HYPERCAR-03,6,6,388,86210.37268466747,38,2813.313804741709,598.4000000000001,19,0,0,0.0,0,0.0
2.6,0.65,wec,Le Mans 24 2026,caution_gambler,HYPERCAR,5,936516,HYPERCAR-03,6,6,388,86210.37268466747,38,2813.313804741709,598.4000000000001,19,0,0,0.0,0,0.0
2.6,0.65,wec,Le Mans 24 2026,track_position,HYPERCAR,5,936516,HYPERCAR-03,5,5,389,86343.06880567037,37,2739.652792383202,618.4000000000001,19,1,1,-132.6961210028967,-1,73.66101235850738
2.6,0.65,wec,Le Mans 24 2026,splash_and_dash,HYPERCAR,5,936516,HYPERCAR-03,6,6,388,86191.79490347576,38,2786.367129741709,609.6,19,0,0,18.57778119170689,0,26.94667500000014
2.6,0.65,wec,Le Mans 24 2026,lap_down,HYPERCAR,5,936516,HYPERCAR-03,6,6,388,86210.37268466747,38,2813.313804741709,598.4000000000001,19,0,0,0.0,0,0.0
2.6,0.65,wec,Le Mans 24 2026,agent,HYPERCAR,5,936516,HYPERCAR-03,18,18,383,86333.78783119793,83,4622.793137102407,532.0,19,-12,-5,-123.41514653046033,45,-1809.4793323606978
2.6,0.65,wec,Le Mans 24 2026,fuel_window,HYPERCAR,5,764388,HYPERCAR-06,9,9,392,86319.82206595974,37,2809.170994793036,548.0,13,0,0,0.0,0,0.0
2.6,0.65,wec,Le Mans 24 2026,caution_gambler,HYPERCAR,5,764388,HYPERCAR-06,9,9,392,86319.82206595974,37,2809.170994793036,548.0,13,0,0,0.0,0,0.0
2.6,0.65,wec,Le Mans 24 2026,track_position,HYPERCAR,5,764388,HYPERCAR-06,12,12,392,86331.41163738957,37,2809.170994793036,560.0,13,-3,0,-11.589571429823991,0,0.0
2.6,0.65,wec,Le Mans 24 2026,splash_and_dash,HYPERCAR,5,764388,HYPERCAR-06,12,12,392,86342.083931043,38,2829.9100777940303,552.0,13,-3,0,-22.26186508325918,1,-20.73908300099447
2.6,0.65,wec,Le Mans 24 2026,lap_down,HYPERCAR,5,764388,HYPERCAR-06,12,12,392,86341.96469266963,37,2809.170994793036,570.4000000000001,13,-3,0,-22.142626709886827,0,0.0
2.6,0.65,wec,Le Mans 24 2026,agent,HYPERCAR,5,764388,HYPERCAR-06,18,18,387,86359.89639043176,83,4424.699713698825,604.0,12,-9,-5,-40.074324472021544,46,-1615.528718905789
2.6,0.65,wec,Le Mans 24 2026,fuel_window,HYPERCAR,5,146757,HYPERCAR-03,4,4,389,86339.22696290778,36,2735.278342855559,513.6,21,0,0,0.0,0,0.0
2.6,0.65,wec,Le Mans 24 2026,caution_gambler,HYPERCAR,5,146757,HYPERCAR-03,9,9,388,86203.68067166225,37,2798.2115907233597,512.0,21,-5,-1,135.54629124552594,1,-62.933247867800674
2.6,0.65,wec,Le Mans 24 2026,track_position,HYPERCAR,5,146757,HYPERCAR-03,4,4,389,86339.22696290778,36,2735.278342855559,513.6,21,0,0,0.0,0,0.0
2.6,0.65,wec,Le Mans 24 2026,splash_and_dash,HYPERCAR,5,146757,HYPERCAR-03,4,4,389,86341.08186630992,37,2744.31824072336,509.6,21,0,0,-1.8549034021416446,1,-9.039897867800846
2.6,0.65,wec,Le Mans 24 2026,lap_down,HYPERCAR,5,146757,HYPERCAR-03,4,4,389,86339.22696290778,36,2735.278342855559,513.6,21,0,0,0.0,0,0.0
2.6,0.65,wec,Le Mans 24 2026,agent,HYPERCAR,5,146757,HYPERCAR-03,18,18,383,86333.02154613013,82,4394.846609650999,492.8,21,-14,-6,6.205416777651408,46,-1659.5682667954402
2.6,0.65,wec,Le Mans 24 2026,fuel_window,HYPERCAR,5,218235,HYPERCAR-14,13,13,394,86282.0689751423,39,3166.915099693483,574.4000000000001,5,0,0,0.0,0,0.0
2.6,0.65,wec,Le Mans 24 2026,caution_gambler,HYPERCAR,5,218235,HYPERCAR-14,13,13,394,86282.0689751423,39,3166.915099693483,574.4000000000001,5,0,0,0.0,0,0.0
2.6,0.65,wec,Le Mans 24 2026,track_position,HYPERCAR,5,218235,HYPERCAR-14,12,12,394,86232.8221367169,38,3095.0844664752267,642.4000000000001,4,1,0,49.24683842540253,-1,71.83063321825648
2.6,0.65,wec,Le Mans 24 2026,splash_and_dash,HYPERCAR,5,218235,HYPERCAR-14,13,13,394,86245.44508222459,39,3139.9684246934835,567.2,5,0,0,36.623892917719786,0,26.946674999999686
2.6,0.65,wec,Le Mans 24 2026,lap_down,HYPERCAR,5,218235,HYPERCAR-14,12,12,394,86207.64036831338,38,3095.0844664752267,616.8000000000001,4,1,0,74.42860682892206,-1,71.83063321825648
2.6,0.65,wec,Le Mans 24 2026,agent,HYPERCAR,5,218235,HYPERCAR-14,18,18,389,86379.18167509433,78,4581.969353243029,509.6,5,-5,-5,-97.1126999520202,39,-1415.054253549546
2.6,0.65,wec,Le Mans 24 2026,fuel_window,HYPERCAR,5,665085,HYPERCAR-13,16,16,383,86186.0918742052,36,2736.0652991609513,474.40000000000003,26,0,0,0.0,0,0.0
2.6,0.65,wec,Le Mans 24 2026,caution_gambler,HYPERCAR,5,665085,HYPERCAR-13,5,5,385,86364.46028309889,37,2723.4331110367248,468.8,25,11,2,-178.36840889368614,1,12.632188124226559
2.6,0.65,wec,Le Mans 24 2026,track_position,HYPERCAR,5,665085,HYPERCAR-13,9,9,384,86192.15080959734,36,2710.530939634281,525.6,25,7,1,-6.058935392138665,0,25.534359526670414
2.6,0.65,wec,Le Mans 24 2026,splash_and_dash,HYPERCAR,5,665085,HYPERCAR-13,16,16,383,86155.06798128744,37,2742.827866833359,472.8,26,0,0,31.02389291775762,1,-6.76256767240784
2.6,0.65,wec,Le Mans 24 2026,lap_down,HYPERCAR,5,665085,HYPERCAR-13,16,16,383,86186.0918742052,36,2736.0652991609513,474.40000000000003,26,0,0,0.0,0,0.0
2.6,0.65,wec,Le Mans 24 2026,agent,HYPERCAR,5,665085,HYPERCAR-13,18,18,379,86314.70643222884,81,4401.228244163265,443.20000000000005,27,-2,-4,-128.61455802363344,45,-1665.1629450023138
2.6,0.65,wec,Le Mans 24 2026,fuel_window,HYPERCAR,5,729373,HYPERCAR-07,13,13,379,86314.38238697304,35,2730.7243182159273,520.8000000000001,36,0,0,0.0,0,0.0
2.6,0.65,wec,Le Mans 24 2026,caution_gambler,HYPERCAR,5,729373,HYPERCAR-07,13,13,379,86275.09590796178,35,2702.3681631140685,532.0,36,0,0,39.28647901126533,0,28.356155101858803
2.6,0.65,wec,Le Mans 24 2026,track_position,HYPERCAR,5,729373,HYPERCAR-07,9,9,380,86188.26077363898,35,2730.7243182159273,583.2,35,4,1,126.12161333406402,0,0.0
2.6,0.65,wec,Le Mans 24 2026,splash_and_dash,HYPERCAR,5,729373,HYPERCAR-07,13,13,379,86331.798731785,36,2751.6666711723033,518.4000000000001,36,0,0,-17.416344811965246,1,-20.942352956376
2.6,0.65,wec,Le Mans 24 2026,lap_down,HYPERCAR,5,729373,HYPERCAR-07,13,13,379,86321.62111015095,35,2730.7243182159273,528.8000000000001,36,0,0,-7.238723177913926,0,0.0
2.6,0.65,wec,Le Mans 24 2026,agent,HYPERCAR,5,729373,HYPERCAR-07,18,18,377,86149.23445545441,81,4411.435524782289,453.6,38,-5,-2,165.14793151862978,46,-1680.7112065663614
2.6,0.65,wec,Le Mans 24 2026,fuel_window,HYPERCAR,5,886406,HYPERCAR-18,1,1,385,86247.1828315883,35,2558.6285827842544,567.2,28,0,0,0.0,0,0.0
2.6,0.65,wec,Le Mans 24 2026,caution_gambler,HYPERCAR,5,886406,HYPERCAR-18,4,4,385,86281.80929038022,35,2558.6285827842544,557.6,28,-3,0,-34.62645879191405,0,0.0
2.6,0.65,wec,Le Mans 24 2026,track_position,HYPERCAR,5,886406,HYPERCAR-18,5,5,385,86287.215878507,35,2558.6285827842544,588.0,29,-4,0,-40.033046918702894,0,0.0
2.6,0.65,wec,Le Mans 24 2026,splash_and_dash,HYPERCAR,5,886406,HYPERCAR-18,1,1,385,86215.89727384863,35,2531.6819077842547,566.4000000000001,28,0,0,31.285557739669457,0,26.946674999999686
2.6,0.65,wec,Le Mans 24 2026,lap_down,HYPERCAR,5,886406,HYPERCAR-18,1,1,385,86247.1828315883,35,2558.6285827842544,567.2,28,0,0,0.0,0,0.0
2.6,0.65,wec,Le Mans 24 2026,agent,HYPERCAR,5,886406,HYPERCAR-18,18,18,380,86319.68174851591,82,4404.654366220657,480.00000000000006,30,-17,-5,-72.49891692760866,47,-1846.0257834364024
2.6,0.65,wec,Le Mans 24 2026,fuel_window,HYPERCAR,5,266896,HYPERCAR-15,6,6,374,86237.54632450426,35,2491.984139301128,500.8,49,0,0,0.0,0,0.0
2.6,0.65,wec,Le Mans 24 2026,caution_gambler,HYPERCAR,5,266896,HYPERCAR-15,6,6,374,86238.64135736275,37,2551.0244105463967,492.00000000000006,49,0,0,-1.0950328584876843,2,-59.04027124526874
2.6,0.65,wec,Le Mans 24 2026,track_position,HYPERCAR,5,266896,HYPERCAR-15,7,7,374,86242.80480372866,35,2431.1737622708974,536.8000000000001,51,-1,0,-5.258479224401526,0,60.810377030230484
2.6,0.65,wec,Le Mans 24 2026,splash_and_dash,HYPERCAR,5,266896,HYPERCAR-15,6,6,374,86218.61465503855,35,2465.037464301128,512.0,49,0,0,18.931669465717277,0,26.94667500000014
2.6,0.65,wec,Le Mans 24 2026,lap_down,HYPERCAR,5,266896,HYPERCAR-15,4,4,374,86231.0697332687,35,2459.193092353257,528.8000000000001,49,2,0,6.476591235565138,0,32.79104694787111
2.6,0.65,wec,Le Mans 24 2026,agent,HYPERCAR,5,266896,HYPERCAR-15,18,18,369,86281.44932174693,98,4646.740947455164,396.00000000000006,53,-12,-5,-43.90299724266515,63,-2154.756808154036
2.6,0.65,wec,Le Mans 24 2026,fuel_window,HYPERCAR,5,967217,HYPERCAR-18,12,12,382,86223.08393184924,36,2866.148593095429,627.2,31,0,0,0.0,0,0.0
2.6,0.65,wec,Le Mans 24 2026,caution_gambler,HYPERCAR,5,967217,HYPERCAR-18,12,12,382,86206.88319316217,37,2915.360032956496,619.2,30,0,0,16.200738687068224,1,-49.21143986106699
2.6,0.65,wec,Le Mans 24 2026,track_position,HYPERCAR,5,967217,HYPERCAR-18,17,17,381,86234.44620645625,36,2866.148593095429,636.8000000000001,31,-5,-1,-11.362274607017753,0,0.0
2.6,0.65,wec,Le Mans 24 2026,splash_and_dash,HYPERCAR,5,967217,HYPERCAR-18,10,10,382,86205.30615065756,36,2839.201918095429,639.2,31,2,0,17.777781191674876,0,26.94667500000014
2.6,0.65,wec,Le Mans 24 2026,lap_down,HYPERCAR,5,967217,HYPERCAR-18,5,5,382,86157.87420408468,37,2951.180406302538,611.2,31,7,0,65.20972776455164,1,-85.03181320710883
2.6,0.65,wec,Le Mans 24 2026,agent,HYPERCAR,5,967217,HYPERCAR-18,18,18,379,86292.88085898587,89,4869.7864247627585,516.0,34,-6,-3,-69.79692713663098,53,-2003.6378316673295
2.6,0.65,wec,Le Mans 24 2026,fuel_window,HYPERCAR,5,694703,HYPERCAR-05,6,6,395,86374.57821729874,39,3109.572562363884,572.0,6,0,0,0.0,0,0.0
2.6,0.65,wec,Le Mans 24 2026,caution_gambler,HYPERCAR,5,694703,HYPERCAR-05,6,6,395,86374.57821729874,39,3109.572562363884,572.0,6,0,0,0.0,0,0.0
2.6,0.65,wec,Le Mans 24 2026,track_position,HYPERCAR,5,694703,HYPERCAR-05,7,7,395,86330.79066674026,39,3109.572562363884,568.8000000000001,7,-1,0,43.7875505584816,0,0.0
2.6,0.65,wec,Le Mans 24 2026,splash_and_dash,HYPERCAR,5,694703,HYPERCAR-05,6,6,395,86373.71907886853,39,3093.404557363884,572.0,6,0,0,0.8591384302126244,0,16.168004999999994
2.6,0.65,wec,Le Mans 24 2026,lap_down,HYPERCAR,5,694703,HYPERCAR-05,6,6,395,86374.57821729874,39,3109.572562363884,572.0,6,0,0,0.0,0,0.0
2.6,0.65,wec,Le Mans 24 2026,agent,HYPERCAR,5,694703,HYPERCAR-05,18,18,389,86289.31089466931,78,4401.951877275479,621.6,9,-12,-6,85.26732262942824,39,-1292.379314911595
2.6,0.65,wec,Le Mans 24 2026,fuel_window,HYPERCAR,5,492801,HYPERCAR-12,6,6,387,86226.01831063125,36,2762.1634226513793,553.6,24,0,0,0.0,0,0.0
2.6,0.65,wec,Le Mans 24 2026,caution_gambler,HYPERCAR,5,492801,HYPERCAR-12,6,6,387,86206.25947977857,36,2762.1634226513793,536.8000000000001,24,0,0,19.7588308526756,0,0.0
2.6,0.65,wec,Le Mans 24 2026,track_position,HYPERCAR,5,492801,HYPERCAR-12,7,7,387,86280.87904384288,36,2792.245787537368,529.6,22,-1,0,-54.860733211637125,0,-30.08236488598868
2.6,0.65,wec,Le Mans 24 2026,splash_and_dash,HYPERCAR,5,492801,HYPERCAR-12,6,6,387,86203.73436592269,36,2735.2167476513796,560.0,24,0,0,22.2839447085571,0,26.946674999999686
2.6,0.65,wec,Le Mans 24 2026,lap_down,HYPERCAR,5,492801,HYPERCAR-12,6,6,387,86228.28962398616,36,2762.1634226513793,556.0,24,0,0,-2.271313354911399,0,0.0
2.6,0.65,wec,Le Mans 24 2026,agent,HYPERCAR,5,492801,HYPERCAR-12,18,18,381,86209.79283064736,81,4341.550427717526,487.20000000000005,23,-12,-6,16.225479983884725,45,-1579.3870050661467
2.6,0.65,wec,Le Mans 24 2026,fuel_window,HYPERCAR,5,228824,HYPERCAR-06,5,5,389,86302.28692810175,38,2872.3005976994987,580.8000000000001,17,0,0,0.0,0,0.0
2.6,0.65,wec,Le Mans 24 2026,caution_gambler,HYPERCAR,5,228824,HYPERCAR-06,5,5,389,86343.8699505134,37,2771.50466634261,626.4000000000001,18,0,0,-41.583022411650745,-1,100.79593135688856
2.6,0.65,wec,Le Mans 24 2026,track_position,HYPERCAR,5,228824,HYPERCAR-06,3,3,390,86382.76326954358,36,2725.020772117742,648.0,18,2,1,-80.47634144182666,-2,147.27982558175654
2.6,0.65,wec,Le Mans 24 2026,splash_and_dash,HYPERCAR,5,228824,HYPERCAR-06,5,5,389,86320.80828121898,39,2895.6069452823626,579.2,17,0,0,-18.521353117233957,1,-23.306347582863964
2.6,0.65,wec,Le Mans 24 2026,lap_down,HYPERCAR,5,228824,HYPERCAR-06,3,3,390,86372.93638890708,37,2798.2370893536513,595.2,17,2,1,-70.64946080533264,-1,74.06350834584737
2.6,0.65,wec,Le Mans 24 2026,agent,HYPERCAR,5,228824,HYPERCAR-06,18,18,383,86297.36376481428,89,4536.376992484883,520.8000000000001,17,-13,-6,4.923163287472562,51,-1664.0763947853843
2.6,0.65,wec,Le Mans 24 2026,fuel_window,HYPERCAR,5,472690,HYPERCAR-18,6,6,382,86370.49725174057,36,2766.387877473385,563.2,32,0,0,0.0,0,0.0
2.6,0.65,wec,Le Mans 24 2026,caution_gambler,HYPERCAR,5,472690,HYPERCAR-18,6,6,381,86205.03378184173,36,2727.905507081046,516.8000000000001,33,0,-1,165.4634698988375,0,38.48237039233891
2.6,0.65,wec,Le Mans 24 2026,track_position,HYPERCAR,5,472690,HYPERCAR-18,6,6,381,86201.04094598949,36,2766.387877473385,568.0,31,0,-1,169.45630575108225,0,0.0
2.6,0.65,wec,Le Mans 24 2026,splash_and_dash,HYPERCAR,5,472690,HYPERCAR-18,7,7,381,86129.79668028466,37,2791.022605656531,560.0,32,-1,-1,240.70057145590545,1,-24.634728183146308
2.6,0.65,wec,Le Mans 24 2026,lap_down,HYPERCAR,5,472690,HYPERCAR-18,6,6,382,86370.49725174057,36,2766.387877473385,563.2,32,0,0,0.0,0,0.0
2.6,0.65,wec,Le Mans 24 2026,agent,HYPERCAR,5,472690,HYPERCAR-18,18,18,376,86306.62328722591,85,4390.051880344243,535.2,33,-12,-6,63.87396451465611,49,-1623.664002870858
2.6,0.65,wec,Le Mans 24 2026,fuel_window,HYPERCAR,5,792194,HYPERCAR-04,8,8,390,86193.87137997597,37,2896.1761116222824,532.0,16,0,0,0.0,0,0.0
2.6,0.65,wec,Le Mans 24 2026,caution_gambler,HYPERCAR,5,792194,HYPERCAR-04,8,8,390,86193.87137997597,37,2896.1761116222824,532.0,16,0,0,0.0,0,0.0
2.6,0.65,wec,Le Mans 24 2026,track_position,HYPERCAR,5,792194,HYPERCAR-04,9,9,391,86360.71727899193,37,2896.1761116222824,591.2,17,-1,1,-166.8458990159561,0,0.0
2.6,0.65,wec,Le Mans 24 2026,splash_and_dash,HYPERCAR,5,792194,HYPERCAR-04,8,8,390,86169.95526360616,38,2916.3236747794645,536.8000000000001,16,0,0,23.916116369815427,1,-20.14756315718205
2.6,0.65,wec,Le Mans 24 2026,lap_down,HYPERCAR,5,792194,HYPERCAR-04,9,9,390,86232.50907928392,37,2896.1761116222824,552.0,16,-1,0,-38.637699307946605,0,0.0
2.6,0.65,wec,Le Mans 24 2026,agent,HYPERCAR,5,792194,HYPERCAR-04,18,18,386,86380.77368295394,75,4295.712606248844,535.2,20,-10,-4,-186.9023029779637,38,-1399.5364946265618
2.6,0.65,wec,Le Mans 24 2026,fuel_window,HYPERCAR,5,311473,HYPERCAR-16,4,4,397,86376.00756297541,39,3108.620593221729,535.2,2,0,0,0.0,0,0.0
2.6,0.65,wec,Le Mans 24 2026,caution_gambler,HYPERCAR,5,311473,HYPERCAR-16,4,4,397,86376.00756297541,39,3108.620593221729,535.2,2,0,0,0.0,0,0.0
2.6,0.65,wec,Le Mans 24 2026,track_position,HYPERCAR,5,311473,HYPERCAR-16,5,5,397,86382.58236134645,39,3108.620593221729,528.8000000000001,2,-1,0,-6.5747983710316475,0,0.0
2.6,0.65,wec,Le Mans 24 2026,splash_and_dash,HYPERCAR,5,311473,HYPERCAR-16,5,5,396,86152.44449463558,40,3131.921417170939,549.6,2,-1,-1,223.563068339834,1,-23.3008239492101
2.6,0.65,wec,Le Mans 24 2026,lap_down,HYPERCAR,5,311473,HYPERCAR-16,4,4,397,86376.00756297541,39,3108.620593221729,535.2,2,0,0,0.0,0,0.0
2.6,0.65,wec,Le Mans 24 2026,agent,HYPERCAR,5,311473,HYPERCAR-16,18,18,391,86305.71866128265,79,4413.9010730766,513.6,2,-14,-6,70.28890169276565,40,-1305.2804798548714
2.6,0.65,wec,Le Mans 24 2026,fuel_window,HYPERCAR,5,576934,HYPERCAR-08,16,16,372,86382.92543575718,34,2482.0617145160613,504.8,53,0,0,0.0,0,0.0
2.6,0.65,wec,Le Mans 24 2026,caution_gambler,HYPERCAR,5,576934,HYPERCAR-08,3,3,372,86312.97213400617,37,2669.4924377516268,488.8,52,13,0,69.95330175101117,3,-187.43072323556544
2.6,0.65,wec,Le Mans 24 2026,track_position,HYPERCAR,5,576934,HYPERCAR-08,2,2,372,86309.71649408225,34,2455.0553624907116,535.2,51,14,0,73.20894167492224,0,27.00635202534977
2.6,0.65,wec,Le Mans 24 2026,splash_and_dash,HYPERCAR,5,576934,HYPERCAR-08,16,16,371,86147.01441228214,35,2503.057063324013,504.8,53,0,-1,235.91102347504057,1,-20.995348807951814
2.6,0.65,wec,Le Mans 24 2026,lap_down,HYPERCAR,5,576934,HYPERCAR-08,7,7,372,86330.54834650237,34,2493.5995782695154,526.4000000000001,52,9,0,52.37708925480547,0,-11.537863753454076
2.6,0.65,wec,Le Mans 24 2026,agent,HYPERCAR,5,576934,HYPERCAR-08,18,18,369,86262.69380472036,96,4720.636622976998,438.40000000000003,55,-2,-3,120.23163103681873,62,-2238.574908460937
2.6,0.65,wec,Le Mans 24 2026,fuel_window,HYPERCAR,5,547095,HYPERCAR-15,13,13,377,86206.49617144484,34,2581.5267790251537,469.6,40,0,0,0.0,0,0.0
2.6,0.65,wec,Le Mans 24 2026,caution_gambler,HYPERCAR,5,547095,HYPERCAR-15,1,1,378,86299.59995782659,35,2553.996327299001,497.6,38,12,1,-93.10378638174734,1,27.530451726152478
2.6,0.65,wec,Le Mans 24 2026,track_position,HYPERCAR,5,547095,HYPERCAR-15,12,12,377,86296.47864195521,34,2611.1806967047482,470.40000000000003,40,1,0,-89.98247051036742,0,-29.653917679594542
2.6,0.65,wec,Le Mans 24 2026,splash_and_dash,HYPERCAR,5,547095,HYPERCAR-15,9,9,377,86178.31839025315,34,2554.5801040251536,471.20000000000005,40,4,0,28.17778119169816,0,26.94667500000014
2.6,0.65,wec,Le Mans 24 2026,lap_down,HYPERCAR,5,547095,HYPERCAR-15,13,13,377,86206.49617144484,34,2581.5267790251537,469.6,40,0,0,0.0,0,0.0
2.6,0.65,wec,Le Mans 24 2026,agent,HYPERCAR,5,547095,HYPERCAR-15,18,18,373,86169.05691357693,81,4312.763283791442,440.8,43,-5,-4,37.43925786791078,47,-1731.236504766288
2.6,0.65,wec,Le Mans 24 2026,fuel_window,HYPERCAR,5,432349,HYPERCAR-18,6,6,377,86319.06806616964,35,2511.4981833768707,543.2,41,0,0,0.0,0,0.0
2.6,0.65,wec,Le Mans 24 2026,caution_gambler,HYPERCAR,5,432349,HYPERCAR-18,5,5,377,86303.09821398043,38,2629.851069169521,534.4000000000001,41,1,0,15.96985218921327,3,-118.35288579265034
2.6,0.65,wec,Le Mans 24 2026,track_position,HYPERCAR,5,432349,HYPERCAR-18,5,5,377,86336.05093167449,35,2511.4981833768707,536.0,41,1,0,-16.982865504847723,0,0.0
2.6,0.65,wec,Le Mans 24 2026,splash_and_dash,HYPERCAR,5,432349,HYPERCAR-18,7,7,377,86327.19164031175,36,2529.560640258594,536.8000000000001,41,-1,0,-8.123574142111465,1,-18.062456881723392
2.6,0.65,wec,Le Mans 24 2026,lap_down,HYPERCAR,5,432349,HYPERCAR-18,6,6,377,86319.06806616964,35,2511.4981833768707,543.2,41,0,0,0.0,0,0.0
2.6,0.65,wec,Le Mans 24 2026,agent,HYPERCAR,5,432349,HYPERCAR-18,18,18,372,86169.86140844041,107,5089.022330824496,436.8,45,-12,-5,149.20665772922803,72,-2577.524147447625
2.6,0.65,wec,Le Mans 24 2026,fuel_window,HYPERCAR,5,315807,HYPERCAR-10,4,4,383,86273.18793368216,36,2760.766719051255,483.20000000000005,29,0,0,0.0,0,0.0
2.6,0.65,wec,Le Mans 24 2026,caution_gambler,HYPERCAR,5,315807,HYPERCAR-10,7,7,383,86359.66117440508,37,2819.97063202911,572.0,30,-3,0,-86.47324072291667,1,-59.203912977855
2.6,0.65,wec,Le Mans 24 2026,track_position,HYPERCAR,5,315807,HYPERCAR-10,7,7,382,86265.54262494922,36,2760.766719051255,552.0,29,-3,-1,7.6453087329427944,0,0.0
2.6,0.65,wec,Le Mans 24 2026,splash_and_dash,HYPERCAR,5,315807,HYPERCAR-10,4,4,383,86243.85626421653,36,2733.8200440512555,484.00000000000006,29,0,0,29.331669465624145,0,26.946674999999686
2.6,0.65,wec,Le Mans 24 2026,lap_down,HYPERCAR,5,315807,HYPERCAR-10,4,4,383,86273.18793368216,36,2760.766719051255,483.20000000000005,29,0,0,0.0,0,0.0
2.6,0.65,wec,Le Mans 24 2026,agent,HYPERCAR,5,315807,HYPERCAR-10,18,18,377,86339.242610192,90,4772.473440012104,504.00000000000006,32,-14,-6,-66.05467650984065,54,-2011.706720960849
2.6,0.65,wec,Le Mans 24 2026,fuel_window,HYPERCAR,5,797125,HYPERCAR-01,10,10,384,86360.19033265632,36,2744.3054072630252,557.6,30,0,0,0.0,0,0.0
2.6,0.65,wec,Le Mans 24 2026,caution_gambler,HYPERCAR,5,797125,HYPERCAR-01,12,12,384,86408.46751728137,38,2822.9373694603987,585.6,30,-2,0,-48.27718462505436,2,-78.63196219737347
2.6,0.65,wec,Le Mans 24 2026,track_position,HYPERCAR,5,797125,HYPERCAR-01,7,7,385,86483.09740260294,35,2683.3101692519276,528.8000000000001,30,3,1,-122.90706994662469,-1,60.995238011097626
2.6,0.65,wec,Le Mans 24 2026,splash_and_dash,HYPERCAR,5,797125,HYPERCAR-01,10,10,384,86344.67838619743,36,2717.358732263025,556.0,30,0,0,15.511946458893362,0,26.94667500000014
2.6,0.65,wec,Le Mans 24 2026,lap_down,HYPERCAR,5,797125,HYPERCAR-01,7,7,385,86483.09740260294,35,2683.3101692519276,528.8000000000001,30,3,1,-122.90706994662469,-1,60.995238011097626
2.6,0.65,wec,Le Mans 24 2026,agent,HYPERCAR,5,797125,HYPERCAR-01,18,18,379,86303.23138629612,86,4576.053840680171,445.6,30,-8,-5,56.95894636020239,50,-1831.7484334171454
2.6,0.65,wec,Le Mans 24 2026,fuel_window,HYPERCAR,5,497366,HYPERCAR-08,5,5,379,86363.41878538593,34,2610.4153134593457,510.40000000000003,38,0,0,0.0,0,0.0
2.6,0.65,wec,Le Mans 24 2026,caution_gambler,HYPERCAR,5,497366,HYPERCAR-08,6,6,378,86310.53933310749,36,2657.506312745007,509.6,38,-1,-1,52.87945227844466,2,-47.09099928566138
2.6,0.65,wec,Le Mans 24 2026,track_position,HYPERCAR,5,497366,HYPERCAR-08,14,14,378,86343.2810327967,34,2572.1129850444627,569.6,39,-9,-1,20.13775258923124,0,38.30232841488305
2.6,0.65,wec,Le Mans 24 2026,splash_and_dash,HYPERCAR,5,497366,HYPERCAR-08,5,5,379,86376.47099143831,35,2628.6064022513724,508.8,38,0,0,-13.052206052379915,1,-18.191088792026676
2.6,0.65,wec,Le Mans 24 2026,lap_down,HYPERCAR,5,497366,HYPERCAR-08,5,5,379,86363.41878538593,34,2610.4153134593457,510.40000000000003,38,0,0,0.0,0,0.0
2.6,0.65,wec,Le Mans 24 2026,agent,HYPERCAR,5,497366,HYPERCAR-08,18,18,374,86380.3571452499,95,4855.012675503739,479.20000000000005,41,-13,-5,-16.9383598639688,61,-2244.5973620443933
2.6,0.65,wec,Le Mans 24 2026,fuel_window,HYPERCAR,5,175084,HYPERCAR-08,14,14,383,86349.59548632607,36,2782.431063313699,552.8000000000001,31,0,0,0.0,0,0.0
2.6,0.65,wec,Le Mans 24 2026,caution_gambler,HYPERCAR,5,175084,HYPERCAR-08,17,17,382,86325.89731620869,39,2894.1373155563156,531.2,32,-3,-1,23.69817011737905,3,-111.70625224261676
2.6,0.65,wec,Le Mans 24 2026,track_position,HYPERCAR,5,175084,HYPERCAR-08,13,13,383,86343.25252911513,36,2782.431063313699,590.4000000000001,32,1,0,6.342957210945315,0,0.0
2.6,0.65,wec,Le Mans 24 2026,splash_and_dash,HYPERCAR,5,175084,HYPERCAR-08,14,14,383,86370.394222429,37,2800.553129060385,557.6,31,0,0,-20.798736102922703,1,-18.122065746686076
2.6,0.65,wec,Le Mans 24 2026,lap_down,HYPERCAR,5,175084,HYPERCAR-08,14,14,382,86211.18934410032,36,2782.431063313699,575.2,32,0,-1,138.40614222575095,0,0.0
2.6,0.65,wec,Le Mans 24 2026,agent,HYPERCAR,5,175084,HYPERCAR-08,18,18,379,86288.69639111069,89,4656.635365519635,436.8,33,-4,-4,60.89909521538357,53,-1874.2043022059365
2.6,0.65,wec,Le Mans 24 2026,fuel_window,HYPERCAR,5,887010,HYPERCAR-03,4,4,379,86232.47109575549,34,2531.919272501409,453.6,40,0,0,0.0,0,0.0
2.6,0.65,wec,Le Mans 24 2026,caution_gambler,HYPERCAR,5,887010,HYPERCAR-03,8,8,378,86199.01005459856,35,2531.6929441917273,497.6,39,-4,-1,33.46104115693015,1,0.22632830968177586
2.6,0.65,wec,Le Mans 24 2026,track_position,HYPERCAR,5,887010,HYPERCAR-03,6,6,379,86357.97496488842,34,2531.919272501409,482.40000000000003,39,-2,0,-125.50386913292459,0,0.0
2.6,0.65,wec,Le Mans 24 2026,splash_and_dash,HYPERCAR,5,887010,HYPERCAR-03,4,4,379,86200.73942628986,34,2504.9725975014094,452.00000000000006,40,0,0,31.731669465632876,0,26.946674999999686
2.6,0.65,wec,Le Mans 24 2026,lap_down,HYPERCAR,5,887010,HYPERCAR-03,4,4,379,86232.47109575549,34,2531.919272501409,453.6,40,0,0,0.0,0,0.0
2.6,0.65,wec,Le Mans 24 2026,agent,HYPERCAR,5,887010,HYPERCAR-03,18,18,373,86264.6382305986,91,4817.929140519985,437.6,42,-14,-6,-32.16713484311185,57,-2286.0098680185756
2.6,0.65,wec,Le Mans 24 2026,fuel_window,HYPERCAR,5,472274,HYPERCAR-10,3,3,388,86211.98528136156,36,2825.0095010385435,533.6,20,0,0,0.0,0,0.0
2.6,0.65,wec,Le Mans 24 2026,caution_gambler,HYPERCAR,5,472274,HYPERCAR-10,3,3,388,86218.73508448296,36,2761.1249454949943,586.4000000000001,20,0,0,-6.749803121405421,0,63.88455554354914
2.6,0.65,wec,Le Mans 24 2026,track_position,HYPERCAR,5,472274,HYPERCAR-10,3,3,388,86220.11396800663,36,2825.0095010385435,541.6,20,0,0,-8.128686645068228,0,0.0
2.6,0.65,wec,Le Mans 24 2026,splash_and_dash,HYPERCAR,5,472274,HYPERCAR-10,2,2,388,86181.85361189587,36,2798.0628260385433,533.6,20,1,0,30.131669465685263,0,26.94667500000014
2.6,0.65,wec,Le Mans 24 2026,lap_down,HYPERCAR,5,472274,HYPERCAR-10,3,3,388,86211.98528136156,36,2825.0095010385435,533.6,20,0,0,0.0,0,0.0
2.6,0.65,wec,Le Mans 24 2026,agent,HYPERCAR,5,472274,HYPERCAR-10,18,18,385,86315.53080638622,78,4369.923700019624,506.40000000000003,25,-15,-3,-103.54552502465958,42,-1544.914198981081
2.6,0.65,wec,Le Mans 24 2026,fuel_window,HYPERCAR,5,80012,HYPERCAR-06,1,1,390,86357.16073116346,37,2685.7495363953913,574.4000000000001,19,0,0,0.0,0,0.0
2.6,0.65,wec,Le Mans 24 2026,caution_gambler,HYPERCAR,5,80012,HYPERCAR-06,4,4,389,86355.89201624155,38,2727.8867404417747,607.2,20,-3,-1,1.2687149219127605,1,-42.13720404638343
2.6,0.65,wec,Le Mans 24 2026,track_position,HYPERCAR,5,80012,HYPERCAR-06,1,1,389,86182.57493783865,37,2685.7495363953913,609.6,19,0,-1,174.5857933248044,0,0.0
2.6,0.65,wec,Le Mans 24 2026,splash_and_dash,HYPERCAR,5,80012,HYPERCAR-06,1,1,390,86370.90974525925,38,2703.483544956841,573.6,19,0,0,-13.749014095796156,1,-17.734008561449627
2.6,0.65,wec,Le Mans 24 2026,lap_down,HYPERCAR,5,80012,HYPERCAR-06,1,1,390,86357.16073116346,37,2685.7495363953913,574.4000000000001,19,0,0,0.0,0,0.0
2.6,0.65,wec,Le Mans 24 2026,agent,HYPERCAR,5,80012,HYPERCAR-06,18,18,384,86274.77055871043,82,4281.394586962652,488.8,21,-17,-6,82.39017245302966,45,-1595.645050567261
2.6,0.65,wec,Le Mans 24 2026,fuel_window,HYPERCAR,5,851148,HYPERCAR-09,3,3,369,86331.30136919799,33,2349.9414343394924,414.40000000000003,58,0,0,0.0,0,0.0
2.6,0.65,wec,Le Mans 24 2026,caution_gambler,HYPERCAR,5,851148,HYPERCAR-09,2,2,369,86307.89406569634,34,2359.98466783516,394.40000000000003,58,1,0,23.40730350164813,1,-10.043233495667664
2.6,0.65,wec,Le Mans 24 2026,track_position,HYPERCAR,5,851148,HYPERCAR-09,4,4,368,86106.6240720357,34,2434.1859601217693,488.00000000000006,58,-1,-1,224.67729716228496,1,-84.24452578227692
2.6,0.65,wec,Le Mans 24 2026,splash_and_dash,HYPERCAR,5,851148,HYPERCAR-09,3,3,369,86331.30136919799,33,2349.9414343394924,414.40000000000003,58,0,0,0.0,0,0.0
2.6,0.65,wec,Le Mans 24 2026,lap_down,HYPERCAR,5,851148,HYPERCAR-09,3,3,369,86331.30136919799,33,2349.9414343394924,414.40000000000003,58,0,0,0.0,0,0.0
2.6,0.65,wec,Le Mans 24 2026,agent,HYPERCAR,5,851148,HYPERCAR-09,18,18,365,86354.48266756053,95,4661.688851638392,467.20000000000005,62,-15,-4,-23.181298362542293,62,-2311.7474172989
2.6,0.65,wec,Le Mans 24 2026,fuel_window,HYPERCAR,5,589879,HYPERCAR-04,4,4,391,86262.05051352724,37,2869.411243951294,497.6,13,0,0,0.0,0,0.0
2.6,0.65,wec,Le Mans 24 2026,caution_gambler,HYPERCAR,5,589879,HYPERCAR-04,4,4,391,86262.05051352724,37,2869.411243951294,497.6,13,0,0,0.0,0,0.0
2.6,0.65,wec,Le Mans 24 2026,track_position,HYPERCAR,5,589879,HYPERCAR-04,9,9,390,86341.6220863782,37,2869.411243951294,637.6,14,-5,-1,-79.57157285095309,0,0.0
2.6,0.65,wec,Le Mans 24 2026,splash_and_dash,HYPERCAR,5,589879,HYPERCAR-04,4,4,391,86239.47273233552,37,2842.4645689512945,504.8,13,0,0,22.577781191721442,0,26.946674999999686
2.6,0.65,wec,Le Mans 24 2026,lap_down,HYPERCAR,5,589879,HYPERCAR-04,4,4,391,86262.05051352724,37,2869.411243951294,497.6,13,0,0,0.0,0,0.0
2.6,0.65,wec,Le Mans 24 2026,agent,HYPERCAR,5,589879,HYPERCAR-04,18,18,384,86334.0313518421,82,4521.1401062046525,520.0,13,-14,-7,-71.98083831486292,45,-1651.7288622533583
