series,race,strategy,class,pace_rank,seed,focal,class_pos,overall_pos,laps,race_time_s,stops,pit_time_s,traffic_time_s,caution_laps,d_class_pos,d_laps,d_race_time_s,d_stops,d_pit_time_s
wec,Le Mans 24 2026,fuel_window,HYPERCAR,5,639431,HYPERCAR-03,6,6,391,86292.14180413625,37,2566.1862964950674,587.2,18,0,0,0.0,0,0.0
wec,Le Mans 24 2026,caution_gambler,HYPERCAR,5,639431,HYPERCAR-03,6,6,391,86292.14180413625,37,2566.1862964950674,587.2,18,0,0,0.0,0,0.0
wec,Le Mans 24 2026,track_position,HYPERCAR,5,639431,HYPERCAR-03,4,4,392,86263.99731433402,38,2602.858508173419,584.0,17,2,1,28.144489802230964,1,-36.67221167835169
wec,Le Mans 24 2026,splash_and_dash,HYPERCAR,5,639431,HYPERCAR-03,6,6,391,86281.05781126529,38,2561.0411863637473,584.8000000000001,18,0,0,11.083992870961083,1,5.1451101313200525
wec,Le Mans 24 2026,lap_down,HYPERCAR,5,639431,HYPERCAR-03,7,7,391,86275.81512127601,37,2566.1862964950674,578.4000000000001,18,-1,0,16.32668286023545,0,0.0
wec,Le Mans 24 2026,agent,HYPERCAR,5,639431,HYPERCAR-03,5,5,391,86280.75265202016,42,2610.846094411421,600.8000000000001,17,1,0,11.389152116084006,5,-44.659797916353455
wec,Le Mans 24 2026,fuel_window,HYPERCAR,5,497127,HYPERCAR-17,7,7,395,86301.46712689978,38,2796.288335351214,540.0,8,0,0,0.0,0,0.0
wec,Le Mans 24 2026,caution_gambler,HYPERCAR,5,497127,HYPERCAR-17,7,7,395,86301.46712689978,38,2796.288335351214,540.0,8,0,0,0.0,0,0.0
wec,Le Mans 24 2026,track_position,HYPERCAR,5,497127,HYPERCAR-17,6,6,395,86316.51079590459,38,2822.157143351214,492.00000000000006,7,1,0,-15.04366900480818,0,-25.868808000000172
wec,Le Mans 24 2026,splash_and_dash,HYPERCAR,5,497127,HYPERCAR-17,7,7,395,86165.5239703339,39,2780.680806486514,544.0,7,0,0,135.94315656587423,1,15.607528864699816
wec,Le Mans 24 2026,lap_down,HYPERCAR,5,497127,HYPERCAR-17,7,7,395,86301.46712689978,38,2796.288335351214,540.0,8,0,0,0.0,0,0.0
wec,Le Mans 24 2026,agent,HYPERCAR,5,497127,HYPERCAR-17,6,6,395,86316.51079590459,38,2822.157143351214,492.00000000000006,7,1,0,-15.04366900480818,0,-25.868808000000172
wec,Le Mans 24 2026,fuel_window,HYPERCAR,5,737684,HYPERCAR-04,3,3,381,86277.12222125528,35,2522.682514297261,504.00000000000006,36,0,0,0.0,0,0.0
wec,Le Mans 24 2026,caution_gambler,HYPERCAR,5,737684,HYPERCAR-04,7,7,380,86184.31714389907,35,2500.714558297261,477.6,36,-4,-1,92.80507735621359,0,21.96795599999996
wec,Le Mans 24 2026,track_position,HYPERCAR,5,737684,HYPERCAR-04,10,10,380,86342.3553413467,35,2520.321472297261,579.2,37,-7,-1,-65.23312009141955,0,2.3610419999999976
wec,Le Mans 24 2026,splash_and_dash,HYPERCAR,5,737684,HYPERCAR-04,2,2,381,86268.47999203685,36,2513.317502996572,507.20000000000005,36,1,0,8.642229218428838,1,9.365011300689275
wec,Le Mans 24 2026,lap_down,HYPERCAR,5,737684,HYPERCAR-04,3,3,381,86277.12222125528,35,2522.682514297261,504.00000000000006,36,0,0,0.0,0,0.0
wec,Le Mans 24 2026,agent,HYPERCAR,5,737684,HYPERCAR-04,2,2,381,86320.11358494502,40,2547.379733941831,514.4000000000001,36,1,0,-42.991363689739956,5,-24.69721964456994
wec,Le Mans 24 2026,fuel_window,HYPERCAR,5,279327,HYPERCAR-12,4,4,389,86281.66804770204,37,2666.985411216475,545.6,18,0,0,0.0,0,0.0
wec,Le Mans 24 2026,caution_gambler,HYPERCAR,5,279327,HYPERCAR-12,4,4,390,86385.63503920635,37,2650.0475012164748,476.8,19,0,1,-103.96699150430504,0,16.9379100000001
wec,Le Mans 24 2026,track_position,HYPERCAR,5,279327,HYPERCAR-12,4,4,389,86279.93780724872,37,2666.985411216475,543.2,18,0,0,1.7302404533256777,0,0.0
wec,Le Mans 24 2026,splash_and_dash,HYPERCAR,5,279327,HYPERCAR-12,4,4,389,86289.15130237813,38,2673.207548632204,550.4000000000001,18,0,0,-7.483254676088109,1,-6.222137415729321
wec,Le Mans 24 2026,lap_down,HYPERCAR,5,279327,HYPERCAR-12,4,4,389,86281.66804770204,37,2666.985411216475,545.6,18,0,0,0.0,0,0.0
wec,Le Mans 24 2026,agent,HYPERCAR,5,279327,HYPERCAR-12,5,5,389,86359.7659842248,39,2683.0285086748754,583.2,20,-1,0,-78.09793652275403,2,-16.043097458400553
wec,Le Mans 24 2026,fuel_window,HYPERCAR,5,22699,HYPERCAR-09,1,1,376,86253.31642498432,35,2416.0229729845582,438.40000000000003,44,0,0,0.0,0,0.0
wec,Le Mans 24 2026,caution_gambler,HYPERCAR,5,22699,HYPERCAR-09,5,5,376,86375.78686754052,36,2486.8395553962146,448.00000000000006,46,-4,0,-122.47044255619403,1,-70.81658241165633
wec,Le Mans 24 2026,track_position,HYPERCAR,5,22699,HYPERCAR-09,6,6,375,86291.45022350254,35,2433.0635369845586,446.40000000000003,46,-5,-1,-38.1337985182181,0,-17.04056400000036
wec,Le Mans 24 2026,splash_and_dash,HYPERCAR,5,22699,HYPERCAR-09,1,1,376,86199.17936725725,35,2368.6247979971527,435.20000000000005,44,0,0,54.137057727071806,0,47.39817498740558
wec,Le Mans 24 2026,lap_down,HYPERCAR,5,22699,HYPERCAR-09,1,1,376,86253.31642498432,35,2416.0229729845582,438.40000000000003,44,0,0,0.0,0,0.0
wec,Le Mans 24 2026,agent,HYPERCAR,5,22699,HYPERCAR-09,16,16,375,86320.12077125878,38,2465.827411974963,500.8,49,-15,-1,-66.80434627445356,3,-49.80443899040483
wec,Le Mans 24 2026,fuel_window,HYPERCAR,5,604281,HYPERCAR-17,7,7,369,86197.99359801465,34,2240.140009239552,496.00000000000006,57,0,0,0.0,0,0.0
wec,Le Mans 24 2026,caution_gambler,HYPERCAR,5,604281,HYPERCAR-17,1,1,370,86376.36341622882,36,2271.0284464272036,502.40000000000003,58,6,1,-178.36981821416703,2,-30.88843718765156
wec,Le Mans 24 2026,track_position,HYPERCAR,5,604281,HYPERCAR-17,2,2,369,86112.42517306762,34,2221.149019239552,498.40000000000003,58,5,0,85.56842494703596,0,18.990989999999783
wec,Le Mans 24 2026,splash_and_dash,HYPERCAR,5,604281,HYPERCAR-17,2,2,370,86384.55169667464,35,2217.7649460752473,496.8,57,5,1,-186.55809865998162,1,22.37506316430472
wec,Le Mans 24 2026,lap_down,HYPERCAR,5,604281,HYPERCAR-17,7,7,369,86197.99359801465,34,2240.140009239552,496.00000000000006,57,0,0,0.0,0,0.0
wec,Le Mans 24 2026,agent,HYPERCAR,5,604281,HYPERCAR-17,4,4,369,86134.6232576561,40,2326.4225850634643,523.2,59,3,0,63.37034035855322,6,-86.28257582391234
wec,Le Mans 24 2026,fuel_window,HYPERCAR,5,871382,HYPERCAR-17,5,5,390,86180.32607238847,37,2640.539186396072,492.00000000000006,15,0,0,0.0,0,0.0
wec,Le Mans 24 2026,caution_gambler,HYPERCAR,5,871382,HYPERCAR-17,11,11,390,86330.52940253558,38,2699.5153510714354,512.0,17,-6,0,-150.20333014710923,1,-58.97616467536318
wec,Le Mans 24 2026,track_position,HYPERCAR,5,871382,HYPERCAR-17,5,5,390,86193.43504909832,37,2643.1055363960722,502.40000000000003,15,0,0,-13.108976709845592,0,-2.5663500000000568
wec,Le Mans 24 2026,splash_and_dash,HYPERCAR,5,871382,HYPERCAR-17,5,5,390,86139.73349821642,38,2646.0492093178736,491.20000000000005,15,0,0,40.59257417205663,1,-5.510022921801465
wec,Le Mans 24 2026,lap_down,HYPERCAR,5,871382,HYPERCAR-17,5,5,390,86189.16373574336,37,2643.1055363960722,498.40000000000003,15,0,0,-8.837663354890537,0,-2.5663500000000568
wec,Le Mans 24 2026,agent,HYPERCAR,5,871382,HYPERCAR-17,6,6,390,86228.66377843615,42,2771.2159952569286,520.8000000000001,15,-1,0,-48.337706047677784,5,-130.67680886085645
wec,Le Mans 24 2026,fuel_window,HYPERCAR,5,967710,HYPERCAR-18,4,4,392,86267.57383739464,37,2619.3094284179792,448.00000000000006,16,0,0,0.0,0,0.0
wec,Le Mans 24 2026,caution_gambler,HYPERCAR,5,967710,HYPERCAR-18,4,4,392,86267.57383739464,37,2619.3094284179792,448.00000000000006,16,0,0,0.0,0,0.0
wec,Le Mans 24 2026,track_position,HYPERCAR,5,967710,HYPERCAR-18,5,5,392,86370.1641080799,37,2618.282888417979,576.8000000000001,17,-1,0,-102.59027068526484,0,1.0265400000002955
wec,Le Mans 24 2026,splash_and_dash,HYPERCAR,5,967710,HYPERCAR-18,4,4,392,86237.49966616175,37,2586.0202516507593,454.40000000000003,16,0,0,30.074171232889057,0,33.28917676721994
wec,Le Mans 24 2026,lap_down,HYPERCAR,5,967710,HYPERCAR-18,4,4,392,86268.11646410443,37,2619.3094284179792,448.8,16,0,0,-0.5426267097936943,0,0.0
wec,Le Mans 24 2026,agent,HYPERCAR,5,967710,HYPERCAR-18,4,4,392,86321.617700026,38,2639.3125934136924,573.6,17,0,0,-54.04386263136985,1,-20.003164995713178
wec,Le Mans 24 2026,fuel_window,HYPERCAR,5,596591,HYPERCAR-07,5,5,389,86317.62911169144,36,2609.5775408069444,528.0,22,0,0,0.0,0,0.0
wec,Le Mans 24 2026,caution_gambler,HYPERCAR,5,596591,HYPERCAR-07,4,4,389,86308.325633654,36,2591.6130908069445,551.2,21,1,0,9.303478037429159,0,17.964449999999943
wec,Le Mans 24 2026,track_position,HYPERCAR,5,596591,HYPERCAR-07,11,11,388,86258.9416801203,36,2652.6922208069445,599.2,23,-6,-1,58.68743157113204,0,-43.114680000000135
wec,Le Mans 24 2026,splash_and_dash,HYPERCAR,5,596591,HYPERCAR-07,3,3,389,86295.73288610476,37,2587.404644864056,530.4000000000001,22,2,0,21.896225586679066,1,22.172895942888317
wec,Le Mans 24 2026,lap_down,HYPERCAR,5,596591,HYPERCAR-07,5,5,389,86317.62911169144,36,2609.5775408069444,528.0,22,0,0,0.0,0,0.0
wec,Le Mans 24 2026,agent,HYPERCAR,5,596591,HYPERCAR-07,8,8,388,86256.13018604771,36,2617.3279178069447,599.2,22,-3,-1,61.49892564372567,0,-7.750377000000299
wec,Le Mans 24 2026,fuel_window,HYPERCAR,5,154210,HYPERCAR-06,3,3,389,86221.17695808614,37,2778.674385821146,464.00000000000006,22,0,0,0.0,0,0.0
wec,Le Mans 24 2026,caution_gambler,HYPERCAR,5,154210,HYPERCAR-06,2,2,389,86181.71336776267,39,2812.346252490201,471.20000000000005,23,1,0,39.46359032347391,2,-33.67186666905491
wec,Le Mans 24 2026,track_position,HYPERCAR,5,154210,HYPERCAR-06,6,6,389,86274.8304035967,37,2779.7009258211465,450.40000000000003,22,-3,0,-53.6534455105575,0,-1.0265400000002955
wec,Le Mans 24 2026,splash_and_dash,HYPERCAR,5,154210,HYPERCAR-06,1,1,389,86199.03100858329,37,2751.7277108211465,464.00000000000006,22,2,0,22.14594950285391,0,26.946674999999686
wec,Le Mans 24 2026,lap_down,HYPERCAR,5,154210,HYPERCAR-06,3,3,389,86221.17695808614,37,2778.674385821146,464.00000000000006,22,0,0,0.0,0,0.0
wec,Le Mans 24 2026,agent,HYPERCAR,5,154210,HYPERCAR-06,4,4,389,86191.67790197262,38,2748.142443556679,460.00000000000006,22,-1,0,29.499056113520055,1,30.531942264467034
wec,Le Mans 24 2026,fuel_window,HYPERCAR,5,838952,HYPERCAR-15,7,7,388,86336.68496299321,37,2571.147108521578,568.8000000000001,20,0,0,0.0,0,0.0
wec,Le Mans 24 2026,caution_gambler,HYPERCAR,5,838952,HYPERCAR-15,3,3,388,86291.45872611724,38,2575.2686500878362,540.0,20,4,0,45.226236875969335,1,-4.121541566258202
wec,Le Mans 24 2026,track_position,HYPERCAR,5,838952,HYPERCAR-15,16,16,387,86326.64067663437,36,2518.8179181580726,626.4000000000001,21,-9,-1,10.0442863588396,-1,52.329190363505404
wec,Le Mans 24 2026,splash_and_dash,HYPERCAR,5,838952,HYPERCAR-15,7,7,388,86324.66965393996,38,2558.6706822079423,572.8000000000001,20,0,0,12.015309053254896,1,12.476426313635784
wec,Le Mans 24 2026,lap_down,HYPERCAR,5,838952,HYPERCAR-15,8,8,388,86345.63307825856,37,2571.147108521578,529.6,21,-1,0,-8.948115265346132,0,0.0
wec,Le Mans 24 2026,agent,HYPERCAR,5,838952,HYPERCAR-15,9,9,388,86337.36950407637,38,2541.1580033923965,562.4000000000001,20,-2,0,-0.6845410831592744,1,29.989105129181553
wec,Le Mans 24 2026,fuel_window,HYPERCAR,5,486540,HYPERCAR-16,9,9,380,86178.91302235385,35,2420.3255794392644,518.4000000000001,35,0,0,0.0,0,0.0
wec,Le Mans 24 2026,caution_gambler,HYPERCAR,5,486540,HYPERCAR-16,6,6,381,86370.4396277097,36,2468.430637136746,521.6,36,3,1,-191.52660535584437,1,-48.1050576974817
wec,Le Mans 24 2026,track_position,HYPERCAR,5,486540,HYPERCAR-16,7,7,380,86254.67189092841,35,2398.4602774392642,495.20000000000005,35,2,0,-75.75886857455771,0,21.865302000000156
wec,Le Mans 24 2026,splash_and_dash,HYPERCAR,5,486540,HYPERCAR-16,7,7,381,86325.18034810731,35,2390.48498205755,523.2,35,2,1,-146.2673257534625,0,29.84059738171436
wec,Le Mans 24 2026,lap_down,HYPERCAR,5,486540,HYPERCAR-16,9,9,380,86178.91302235385,35,2420.3255794392644,518.4000000000001,35,0,0,0.0,0,0.0
wec,Le Mans 24 2026,agent,HYPERCAR,5,486540,HYPERCAR-16,8,8,381,86359.91571628604,40,2528.3053750285503,508.00000000000006,35,1,1,-181.00269393218332,5,-107.97979558928591
wec,Le Mans 24 2026,fuel_window,HYPERCAR,5,432241,HYPERCAR-14,5,5,388,86332.72365452412,37,2673.473067801962,447.20000000000005,23,0,0,0.0,0,0.0
wec,Le Mans 24 2026,caution_gambler,HYPERCAR,5,432241,HYPERCAR-14,11,11,387,86187.6215508359,38,2711.678982276631,471.20000000000005,23,-6,-1,145.10210368821572,1,-38.205914474669044
wec,Le Mans 24 2026,track_position,HYPERCAR,5,432241,HYPERCAR-14,11,11,387,86204.02476643909,36,2655.390496936994,495.20000000000005,23,-6,-1,128.69888808502583,-1,18.082570864967693
wec,Le Mans 24 2026,splash_and_dash,HYPERCAR,5,432241,HYPERCAR-14,4,4,388,86320.26772729048,38,2665.9865819381594,444.0,23,1,0,12.455927233633702,1,7.4864858638025
wec,Le Mans 24 2026,lap_down,HYPERCAR,5,432241,HYPERCAR-14,5,5,388,86332.72365452412,37,2673.473067801962,447.20000000000005,23,0,0,0.0,0,0.0
wec,Le Mans 24 2026,agent,HYPERCAR,5,432241,HYPERCAR-14,4,4,388,86324.01031892527,36,2600.5732609369943,452.8,23,1,0,8.713335598848062,-1,72.89980686496756
wec,Le Mans 24 2026,fuel_window,HYPERCAR,5,552122,HYPERCAR-07,12,12,382,86295.90532784395,35,2629.0557078844004,482.40000000000003,36,0,0,0.0,0,0.0
wec,Le Mans 24 2026,caution_gambler,HYPERCAR,5,552122,HYPERCAR-07,9,9,382,86235.22404772947,36,2632.3184981796244,504.8,35,3,0,60.68128011448425,1,-3.262790295224022
wec,Le Mans 24 2026,track_position,HYPERCAR,5,552122,HYPERCAR-07,13,13,382,86320.30586922479,35,2675.9685858844005,500.8,35,-1,0,-24.4005413808336,0,-46.91287800000009
wec,Le Mans 24 2026,splash_and_dash,HYPERCAR,5,552122,HYPERCAR-07,9,9,382,86219.60739210744,35,2567.513458903027,464.00000000000006,36,3,0,76.29793573651114,0,61.54224898137318
wec,Le Mans 24 2026,lap_down,HYPERCAR,5,552122,HYPERCAR-07,13,13,382,86349.4947840889,35,2675.9685858844005,497.6,35,-1,0,-53.58945624495391,0,-46.91287800000009
wec,Le Mans 24 2026,agent,HYPERCAR,5,552122,HYPERCAR-07,12,12,382,86263.96670575965,35,2616.4805928844003,480.8,35,0,0,31.938622084300732,0,12.575115000000096
wec,Le Mans 24 2026,fuel_window,HYPERCAR,5,999870,HYPERCAR-11,14,14,393,86371.34315494636,38,2738.950733672895,528.8000000000001,14,0,0,0.0,0,0.0
wec,Le Mans 24 2026,caution_gambler,HYPERCAR,5,999870,HYPERCAR-11,14,14,393,86371.34315494636,38,2738.950733672895,528.8000000000001,14,0,0,0.0,0,0.0
wec,Le Mans 24 2026,track_position,HYPERCAR,5,999870,HYPERCAR-11,9,9,393,86250.6550761126,38,2742.5436236728947,545.6,13,5,0,120.68807883375848,0,-3.5928899999998976
wec,Le Mans 24 2026,splash_and_dash,HYPERCAR,5,999870,HYPERCAR-11,14,14,393,86375.64672667522,39,2737.5985451427055,536.0,14,0,0,-4.303571728858515,1,1.3521885301893235
wec,Le Mans 24 2026,lap_down,HYPERCAR,5,999870,HYPERCAR-11,9,9,393,86250.67116194323,38,2742.5436236728947,541.6,13,5,0,120.67199300312495,0,-3.5928899999998976
wec,Le Mans 24 2026,agent,HYPERCAR,5,999870,HYPERCAR-11,9,9,393,86250.6550761126,38,2742.5436236728947,545.6,13,5,0,120.68807883375848,0,-3.5928899999998976
wec,Le Mans 24 2026,fuel_window,HYPERCAR,5,22006,HYPERCAR-09,10,10,381,86252.8705148922,35,2580.468507712367,539.2,39,0,0,0.0,0,0.0
wec,Le Mans 24 2026,caution_gambler,HYPERCAR,5,22006,HYPERCAR-09,11,11,381,86275.63906079733,36,2620.3829769819345,546.4000000000001,39,-1,0,-22.76854590512812,1,-39.914469269567235
wec,Le Mans 24 2026,track_position,HYPERCAR,5,22006,HYPERCAR-09,12,12,381,86246.75414605394,34,2541.5206036491,555.2,38,-2,0,6.116368838265771,-1,38.94790406326729
wec,Le Mans 24 2026,splash_and_dash,HYPERCAR,5,22006,HYPERCAR-09,8,8,381,86213.57841433202,35,2537.3458485220035,544.8000000000001,39,2,0,39.29210056018201,0,43.12265919036372
wec,Le Mans 24 2026,lap_down,HYPERCAR,5,22006,HYPERCAR-09,10,10,381,86252.8705148922,35,2580.468507712367,539.2,39,0,0,0.0,0,0.0
wec,Le Mans 24 2026,agent,HYPERCAR,5,22006,HYPERCAR-09,8,8,381,86197.14636377068,35,2549.928942712367,556.8000000000001,41,2,0,55.72415112152521,0,30.53956500000004
wec,Le Mans 24 2026,fuel_window,HYPERCAR,5,654215,HYPERCAR-12,10,10,355,86235.5373710008,29,1946.4037696849555,373.6,85,0,0,0.0,0,0.0
wec,Le Mans 24 2026,caution_gambler,HYPERCAR,5,654215,HYPERCAR-12,2,2,356,86369.75548368339,33,2099.4874329444788,369.6,84,8,1,-134.21811268258898,4,-153.0836632595233
wec,Le Mans 24 2026,track_position,HYPERCAR,5,654215,HYPERCAR-12,4,4,356,86385.8177579546,29,1948.6621576849554,368.8,86,6,1,-150.28038695380383,0,-2.258387999999968
wec,Le Mans 24 2026,splash_and_dash,HYPERCAR,5,654215,HYPERCAR-12,10,10,355,86235.5373710008,29,1946.4037696849555,373.6,85,0,0,0.0,0,0.0
wec,Le Mans 24 2026,lap_down,HYPERCAR,5,654215,HYPERCAR-12,10,10,355,86235.5373710008,29,1946.4037696849555,373.6,85,0,0,0.0,0,0.0
wec,Le Mans 24 2026,agent,HYPERCAR,5,654215,HYPERCAR-12,9,9,355,86187.5368343262,42,2182.5309765510774,405.6,85,1,0,48.00053667460452,13,-236.12720686612192
wec,Le Mans 24 2026,fuel_window,HYPERCAR,5,541577,HYPERCAR-05,12,12,377,86266.47963142123,36,2422.248076305654,443.20000000000005,40,0,0,0.0,0,0.0
wec,Le Mans 24 2026,caution_gambler,HYPERCAR,5,541577,HYPERCAR-05,12,12,377,86235.53180216995,38,2496.258723026251,410.40000000000003,40,0,0,30.947829251279472,2,-74.01064672059692
wec,Le Mans 24 2026,track_position,HYPERCAR,5,541577,HYPERCAR-05,5,5,378,86281.61808453995,34,2312.42605557107,529.6,39,7,1,-15.138453118721372,-2,109.82202073458438
wec,Le Mans 24 2026,splash_and_dash,HYPERCAR,5,541577,HYPERCAR-05,10,10,377,86224.78103874077,36,2387.9142330536874,438.40000000000003,40,2,0,41.69859268046275,0,34.333843251966755
wec,Le Mans 24 2026,lap_down,HYPERCAR,5,541577,HYPERCAR-05,12,12,377,86266.47963142123,36,2422.248076305654,443.20000000000005,40,0,0,0.0,0,0.0
wec,Le Mans 24 2026,agent,HYPERCAR,5,541577,HYPERCAR-05,6,6,378,86299.65084931836,37,2389.146681924281,479.20000000000005,39,6,1,-33.17121789713565,1,33.10139438137321
wec,Le Mans 24 2026,fuel_window,HYPERCAR,5,436123,HYPERCAR-13,3,3,386,86383.4703773558,36,2466.1229594762344,488.8,27,0,0,0.0,0,0.0
wec,Le Mans 24 2026,caution_gambler,HYPERCAR,5,436123,HYPERCAR-13,1,1,387,86323.36596989963,36,2475.772435476234,482.40000000000003,25,2,1,60.10440745616506,0,-9.649475999999595
wec,Le Mans 24 2026,track_position,HYPERCAR,5,436123,HYPERCAR-13,4,4,386,86305.7250615503,35,2386.6786480089568,475.20000000000005,27,-1,0,77.74531580549956,-1,79.44431146727766
wec,Le Mans 24 2026,splash_and_dash,HYPERCAR,5,436123,HYPERCAR-13,3,3,386,86371.66712280505,37,2460.612475939109,486.40000000000003,27,0,0,11.803254550744896,1,5.51048353712531
wec,Le Mans 24 2026,lap_down,HYPERCAR,5,436123,HYPERCAR-13,3,3,386,86383.4703773558,36,2466.1229594762344,488.8,27,0,0,0.0,0,0.0
wec,Le Mans 24 2026,agent,HYPERCAR,5,436123,HYPERCAR-13,2,2,386,86255.7249926815,39,2508.547594807899,556.0,26,1,0,127.74538467430102,3,-42.424635331664376
wec,Le Mans 24 2026,fuel_window,HYPERCAR,5,359372,HYPERCAR-16,2,2,378,86253.19305700375,35,2488.031607142578,396.8,40,0,0,0.0,0,0.0
wec,Le Mans 24 2026,caution_gambler,HYPERCAR,5,359372,HYPERCAR-16,1,1,378,86265.48406457058,36,2495.178144208132,432.0,40,1,0,-12.291007566833287,1,-7.14653706555373
wec,Le Mans 24 2026,track_position,HYPERCAR,5,359372,HYPERCAR-16,3,3,378,86349.74071889961,35,2485.978527142578,445.6,42,-1,0,-96.54766189586371,0,2.0530800000001364
wec,Le Mans 24 2026,splash_and_dash,HYPERCAR,5,359372,HYPERCAR-16,2,2,378,86246.07265115278,36,2476.450084031222,404.8,40,0,0,7.120405850975658,1,11.581523111356091
wec,Le Mans 24 2026,lap_down,HYPERCAR,5,359372,HYPERCAR-16,2,2,378,86253.19305700375,35,2488.031607142578,396.8,40,0,0,0.0,0,0.0
wec,Le Mans 24 2026,agent,HYPERCAR,5,359372,HYPERCAR-16,4,4,378,86481.07868663238,46,2751.5532632760624,478.40000000000003,39,-2,0,-227.88562962862488,11,-263.52165613348416
wec,Le Mans 24 2026,fuel_window,HYPERCAR,5,340792,HYPERCAR-04,7,7,380,86354.99475004085,34,2473.407719827718,438.40000000000003,38,0,0,0.0,0,0.0
wec,Le Mans 24 2026,caution_gambler,HYPERCAR,5,340792,HYPERCAR-04,4,4,381,86367.45699927153,36,2534.2914778251607,438.40000000000003,37,3,1,-12.462249230680754,2,-60.883757997442444
wec,Le Mans 24 2026,track_position,HYPERCAR,5,340792,HYPERCAR-04,7,7,380,86354.99475004085,34,2473.407719827718,438.40000000000003,38,0,0,0.0,0,0.0
wec,Le Mans 24 2026,splash_and_dash,HYPERCAR,5,340792,HYPERCAR-04,6,6,380,86343.61470875934,35,2460.7665612858473,443.20000000000005,38,1,0,11.380041281503509,1,12.641158541870936
wec,Le Mans 24 2026,lap_down,HYPERCAR,5,340792,HYPERCAR-04,7,7,380,86354.99475004085,34,2473.407719827718,438.40000000000003,38,0,0,0.0,0,0.0
wec,Le Mans 24 2026,agent,HYPERCAR,5,340792,HYPERCAR-04,4,4,380,86361.73121086045,49,2851.510204691587,535.2,38,3,0,-6.736460819607601,15,-378.102484863869
wec,Le Mans 24 2026,fuel_window,HYPERCAR,5,594289,HYPERCAR-08,6,6,385,86302.50893864736,36,2524.894195787269,515.2,32,0,0,0.0,0,0.0
wec,Le Mans 24 2026,caution_gambler,HYPERCAR,5,594289,HYPERCAR-08,4,4,385,86269.47267542254,38,2596.984094399919,476.00000000000006,31,2,0,33.03626322481432,2,-72.0898986126499
wec,Le Mans 24 2026,track_position,HYPERCAR,5,594289,HYPERCAR-08,3,3,385,86249.12823605821,35,2473.6606505993664,460.8,32,3,0,53.380702589143766,-1,51.233545187902564
wec,Le Mans 24 2026,splash_and_dash,HYPERCAR,5,594289,HYPERCAR-08,1,1,385,86245.3267738205,36,2465.35976011194,508.00000000000006,32,5,0,57.182164826852386,0,59.53443567532895
wec,Le Mans 24 2026,lap_down,HYPERCAR,5,594289,HYPERCAR-08,6,6,385,86302.50893864736,36,2524.894195787269,515.2,32,0,0,0.0,0,0.0
wec,Le Mans 24 2026,agent,HYPERCAR,5,594289,HYPERCAR-08,1,1,385,86266.15649319135,36,2475.776374447156,455.20000000000005,31,5,0,36.35244545601017,0,49.117821340113096
wec,Le Mans 24 2026,fuel_window,HYPERCAR,5,237316,HYPERCAR-15,5,5,389,86216.1092649042,37,2751.7145423855504,558.4000000000001,21,0,0,0.0,0,0.0
wec,Le Mans 24 2026,caution_gambler,HYPERCAR,5,237316,HYPERCAR-15,4,4,390,86341.79913096203,37,2758.3870523855508,544.0,21,1,1,-125.68986605782993,0,-6.6725100000003295
wec,Le Mans 24 2026,track_position,HYPERCAR,5,237316,HYPERCAR-15,6,6,389,86216.421056841,36,2686.311134199638,585.6,22,-1,0,-0.3117919368087314,-1,65.40340818591221
wec,Le Mans 24 2026,splash_and_dash,HYPERCAR,5,237316,HYPERCAR-15,5,5,389,86173.45977942273,38,2735.9437880958076,553.6,21,0,0,42.6494854814664,1,15.770754289742854
wec,Le Mans 24 2026,lap_down,HYPERCAR,5,237316,HYPERCAR-15,5,5,389,86216.1092649042,37,2751.7145423855504,558.4000000000001,21,0,0,0.0,0,0.0
wec,Le Mans 24 2026,agent,HYPERCAR,5,237316,HYPERCAR-15,3,3,390,86281.38442876904,36,2694.626108199638,540.8000000000001,20,2,1,-65.27516386484785,-1,57.08843418591232
wec,Le Mans 24 2026,fuel_window,HYPERCAR,5,936516,HYPERCAR-03,8,8,389,86346.65770042359,38,2656.7145570050147,556.8000000000001,19,0,0,0.0,0,0.0
wec,Le Mans 24 2026,caution_gambler,HYPERCAR,5,936516,HYPERCAR-03,8,8,389,86346.65770042359,38,2656.7145570050147,556.8000000000001,19,0,0,0.0,0,0.0
wec,Le Mans 24 2026,track_position,HYPERCAR,5,936516,HYPERCAR-03,6,6,389,86328.40522877622,38,2670.059577005015,633.6,18,2,0,18.25247164737084,0,-13.345020000000204
wec,Le Mans 24 2026,splash_and_dash,HYPERCAR,5,936516,HYPERCAR-03,8,8,389,86337.74136546123,39,2654.9832165083394,552.8000000000001,19,0,0,8.916334962355904,1,1.7313404966753296
wec,Le Mans 24 2026,lap_down,HYPERCAR,5,936516,HYPERCAR-03,8,8,389,86346.65770042359,38,2656.7145570050147,556.8000000000001,19,0,0,0.0,0,0.0
wec,Le Mans 24 2026,agent,HYPERCAR,5,936516,HYPERCAR-03,2,2,390,86310.37262842868,37,2545.2430393964787,593.6,19,6,1,36.28507199490559,-1,111.47151760853603
wec,Le Mans 24 2026,fuel_window,HYPERCAR,5,764388,HYPERCAR-06,10,10,393,86368.52545412666,38,2696.670954066029,567.2,11,0,0,0.0,0,0.0
wec,Le Mans 24 2026,caution_gambler,HYPERCAR,5,764388,HYPERCAR-06,10,10,393,86368.52545412666,38,2696.670954066029,567.2,11,0,0,0.0,0,0.0
wec,Le Mans 24 2026,track_position,HYPERCAR,5,764388,HYPERCAR-06,10,10,393,86322.54886532472,37,2652.8347210650345,566.4000000000001,11,0,0,45.97658880194649,-1,43.836233000994525
wec,Le Mans 24 2026,splash_and_dash,HYPERCAR,5,764388,HYPERCAR-06,10,10,393,86345.48195979456,39,2678.858565925654,564.8000000000001,11,0,0,23.043494332101545,1,17.81238814037488
wec,Le Mans 24 2026,lap_down,HYPERCAR,5,764388,HYPERCAR-06,7,7,393,86298.71297804685,37,2650.2683710650344,550.4000000000001,11,3,0,69.81247607980913,-1,46.40258300099458
wec,Le Mans 24 2026,agent,HYPERCAR,5,764388,HYPERCAR-06,5,5,393,86277.68477698493,38,2671.6747050660288,532.0,11,5,0,90.8406771417358,0,24.99624900000026
wec,Le Mans 24 2026,fuel_window,HYPERCAR,5,146757,HYPERCAR-03,7,7,389,86208.3256980779,36,2586.528688787837,470.40000000000003,20,0,0,0.0,0,0.0
wec,Le Mans 24 2026,caution_gambler,HYPERCAR,5,146757,HYPERCAR-03,6,6,389,86272.04347013356,37,2621.745356655638,502.40000000000003,20,1,0,-63.71777205566468,1,-35.21666786780088
wec,Le Mans 24 2026,track_position,HYPERCAR,5,146757,HYPERCAR-03,7,7,389,86208.3256980779,36,2586.528688787837,470.40000000000003,20,0,0,0.0,0,0.0
wec,Le Mans 24 2026,splash_and_dash,HYPERCAR,5,146757,HYPERCAR-03,6,6,389,86181.60129328995,36,2556.143166739511,477.6,20,1,0,26.724404787950334,0,30.385522048326038
wec,Le Mans 24 2026,lap_down,HYPERCAR,5,146757,HYPERCAR-03,7,7,389,86208.3256980779,36,2586.528688787837,470.40000000000003,20,0,0,0.0,0,0.0
wec,Le Mans 24 2026,agent,HYPERCAR,5,146757,HYPERCAR-03,11,11,389,86339.7692782853,46,2788.087701269748,486.40000000000003,19,-4,0,-131.44358020740037,10,-201.55901248191094
wec,Le Mans 24 2026,fuel_window,HYPERCAR,5,218235,HYPERCAR-14,12,12,395,86290.01531628467,39,2957.5009396934834,544.8000000000001,4,0,0,0.0,0,0.0
wec,Le Mans 24 2026,caution_gambler,HYPERCAR,5,218235,HYPERCAR-14,12,12,395,86290.01531628467,39,2957.5009396934834,544.8000000000001,4,0,0,0.0,0,0.0
wec,Le Mans 24 2026,track_position,HYPERCAR,5,218235,HYPERCAR-14,9,9,395,86270.04514630682,38,2912.8736164752268,555.2,5,3,0,19.970169977852493,-1,44.627323218256606
wec,Le Mans 24 2026,splash_and_dash,HYPERCAR,5,218235,HYPERCAR-14,12,12,395,86286.74554927999,40,2955.9083906065566,545.6,4,0,0,3.269767004676396,1,1.5925490869267378
wec,Le Mans 24 2026,lap_down,HYPERCAR,5,218235,HYPERCAR-14,9,9,395,86270.04514630682,38,2912.8736164752268,555.2,5,3,0,19.970169977852493,-1,44.627323218256606
wec,Le Mans 24 2026,agent,HYPERCAR,5,218235,HYPERCAR-14,9,9,395,86270.04514630682,38,2912.8736164752268,555.2,5,3,0,19.970169977852493,-1,44.627323218256606
wec,Le Mans 24 2026,fuel_window,HYPERCAR,5,665085,HYPERCAR-13,5,5,386,86372.70025440455,36,2577.2821879250255,518.4000000000001,24,0,0,0.0,0,0.0
wec,Le Mans 24 2026,caution_gambler,HYPERCAR,5,665085,HYPERCAR-13,10,10,385,86285.3055346879,38,2639.3651116736846,539.2,26,-5,-1,87.39471971665625,2,-62.08292374865914
wec,Le Mans 24 2026,track_position,HYPERCAR,5,665085,HYPERCAR-13,4,4,386,86383.16744103027,36,2577.2821879250255,496.8,24,1,0,-10.467186625712202,0,0.0
wec,Le Mans 24 2026,splash_and_dash,HYPERCAR,5,665085,HYPERCAR-13,5,5,386,86354.02162670286,37,2564.5424429629816,516.0,24,0,0,18.678627701694495,1,12.739744962043915
wec,Le Mans 24 2026,lap_down,HYPERCAR,5,665085,HYPERCAR-13,5,5,386,86372.70025440455,36,2577.2821879250255,518.4000000000001,24,0,0,0.0,0,0.0
wec,Le Mans 24 2026,agent,HYPERCAR,5,665085,HYPERCAR-13,9,9,385,86226.61264317438,41,2685.2964558247604,505.6,25,-4,-1,146.08761123017757,5,-108.01426789973493
wec,Le Mans 24 2026,fuel_window,HYPERCAR,5,729373,HYPERCAR-07,5,5,382,86372.25815223777,35,2598.6401783416227,484.00000000000006,38,0,0,0.0,0,0.0
wec,Le Mans 24 2026,caution_gambler,HYPERCAR,5,729373,HYPERCAR-07,1,1,382,86315.79481462989,35,2570.9235983416224,490.40000000000003,38,4,0,56.46333760788548,0,27.71658000000025
wec,Le Mans 24 2026,track_position,HYPERCAR,5,729373,HYPERCAR-07,4,4,380,86203.28104860513,35,2595.5605583416227,508.80000000000007,36,1,-2,168.97710363264196,0,3.079619999999977
wec,Le Mans 24 2026,splash_and_dash,HYPERCAR,5,729373,HYPERCAR-07,4,4,382,86345.21963130833,36,2573.3668072502596,483.20000000000005,38,1,0,27.03852092944726,1,25.27337109136306
wec,Le Mans 24 2026,lap_down,HYPERCAR,5,729373,HYPERCAR-07,12,12,382,86376.70567767575,35,2597.1003683416225,497.6,37,-7,0,-4.447525437979493,0,1.539810000000216
wec,Le Mans 24 2026,agent,HYPERCAR,5,729373,HYPERCAR-07,1,1,381,86326.55334003594,35,2528.4761693416226,515.2,36,4,-1,45.70481220183137,0,70.16400900000008
wec,Le Mans 24 2026,fuel_window,HYPERCAR,5,886406,HYPERCAR-18,3,3,386,86260.27591455195,35,2432.3706955983916,564.8000000000001,26,0,0,0.0,0,0.0
wec,Le Mans 24 2026,caution_gambler,HYPERCAR,5,886406,HYPERCAR-18,5,5,386,86330.51987541658,36,2491.205671281616,524.8000000000001,27,-2,0,-70.24396086462366,1,-58.83497568322446
wec,Le Mans 24 2026,track_position,HYPERCAR,5,886406,HYPERCAR-18,5,5,386,86274.6464585796,35,2430.3176155983915,635.2,28,-2,0,-14.370544027653523,0,2.0530800000001364
wec,Le Mans 24 2026,splash_and_dash,HYPERCAR,5,886406,HYPERCAR-18,2,2,386,86221.99960119725,35,2401.6332649833307,560.8000000000001,26,1,0,38.27631335469778,0,30.73743061506093
wec,Le Mans 24 2026,lap_down,HYPERCAR,5,886406,HYPERCAR-18,3,3,386,86260.27591455195,35,2432.3706955983916,564.8000000000001,26,0,0,0.0,0,0.0
wec,Le Mans 24 2026,agent,HYPERCAR,5,886406,HYPERCAR-18,3,3,386,86230.97198106746,36,2406.567448281616,612.0,28,0,0,29.303933484494337,1,25.80324731677547
wec,Le Mans 24 2026,fuel_window,HYPERCAR,5,266896,HYPERCAR-15,3,3,374,86220.62802602144,35,2351.0406244562305,450.40000000000003,50,0,0,0.0,0,0.0
wec,Le Mans 24 2026,caution_gambler,HYPERCAR,5,266896,HYPERCAR-15,8,8,374,86303.6482892446,37,2453.4521489389026,494.40000000000003,49,-5,0,-83.02026322315214,2,-102.41152448267212
wec,Le Mans 24 2026,track_position,HYPERCAR,5,266896,HYPERCAR-15,4,4,375,86360.8802839512,35,2318.7046144562305,471.20000000000005,50,-1,1,-140.25225792976562,0,32.33600999999999
wec,Le Mans 24 2026,splash_and_dash,HYPERCAR,5,266896,HYPERCAR-15,3,3,374,86184.94933838642,35,2315.7930430129013,452.8,50,0,0,35.67868763502338,0,35.24758144332918
wec,Le Mans 24 2026,lap_down,HYPERCAR,5,266896,HYPERCAR-15,3,3,374,86224.6402586615,35,2350.8353164562304,461.6,50,0,0,-4.012232640059665,0,0.2053080000000591
wec,Le Mans 24 2026,agent,HYPERCAR,5,266896,HYPERCAR-15,7,7,374,86303.5478304475,44,2468.8429004584686,544.8000000000001,49,-4,0,-82.91980442605563,9,-117.80227600223816
wec,Le Mans 24 2026,fuel_window,HYPERCAR,5,967217,HYPERCAR-18,6,6,384,86253.80204799918,36,2692.4385689584624,552.0,34,0,0,0.0,0,0.0
wec,Le Mans 24 2026,caution_gambler,HYPERCAR,5,967217,HYPERCAR-18,11,11,384,86337.00337784083,36,2694.902264958462,546.4000000000001,35,-5,0,-83.20132984164229,0,-2.4636959999998
wec,Le Mans 24 2026,track_position,HYPERCAR,5,967217,HYPERCAR-18,6,6,384,86197.18644996201,36,2689.6669109584623,559.2,34,0,0,56.61559803716955,0,2.771658000000116
wec,Le Mans 24 2026,splash_and_dash,HYPERCAR,5,967217,HYPERCAR-18,6,6,384,86232.26597104526,36,2661.7979415188,564.0,34,0,0,21.536076953925658,0,30.64062743966224
wec,Le Mans 24 2026,lap_down,HYPERCAR,5,967217,HYPERCAR-18,3,3,384,86207.67613162137,36,2689.0509869584625,555.2,34,3,0,46.125916377815884,0,3.3875819999998384
wec,Le Mans 24 2026,agent,HYPERCAR,5,967217,HYPERCAR-18,5,5,384,86172.80539159654,37,2741.246857229903,579.2,34,1,0,80.99665640263993,1,-48.80828827144069
wec,Le Mans 24 2026,fuel_window,HYPERCAR,5,694703,HYPERCAR-05,8,8,395,86243.46941139018,39,2939.038464361054,556.0,7,0,0,0.0,0,0.0
wec,Le Mans 24 2026,caution_gambler,HYPERCAR,5,694703,HYPERCAR-05,8,8,395,86243.46941139018,39,2939.038464361054,556.0,7,0,0,0.0,0,0.0
wec,Le Mans 24 2026,track_position,HYPERCAR,5,694703,HYPERCAR-05,8,8,395,86243.46538993252,39,2939.038464361054,556.0,7,0,0,0.004021457658382133,0,0.0
wec,Le Mans 24 2026,splash_and_dash,HYPERCAR,5,694703,HYPERCAR-05,6,6,396,86381.00741350629,39,2905.4947679588454,556.0,7,2,1,-137.53800211611087,0,33.54369640220875
wec,Le Mans 24 2026,lap_down,HYPERCAR,5,694703,HYPERCAR-05,8,8,395,86243.46941139018,39,2939.038464361054,556.0,7,0,0,0.0,0,0.0
wec,Le Mans 24 2026,agent,HYPERCAR,5,694703,HYPERCAR-05,8,8,395,86243.46538993252,39,2939.038464361054,556.0,7,0,0,0.004021457658382133,0,0.0
wec,Le Mans 24 2026,fuel_window,HYPERCAR,5,492801,HYPERCAR-12,6,6,388,86292.51642695148,37,2667.1225097650845,533.6,24,0,0,0.0,0,0.0
wec,Le Mans 24 2026,caution_gambler,HYPERCAR,5,492801,HYPERCAR-12,7,7,388,86320.29733111557,37,2670.612745765084,498.40000000000003,23,-1,0,-27.780904164086678,0,-3.4902359999996406
wec,Le Mans 24 2026,track_position,HYPERCAR,5,492801,HYPERCAR-12,7,7,387,86182.88572055336,35,2575.0615857137686,501.6,23,-1,-1,109.63070639812213,-2,92.06092405131585
wec,Le Mans 24 2026,splash_and_dash,HYPERCAR,5,492801,HYPERCAR-12,4,4,388,86251.56956896605,37,2623.62337653676,537.6,24,2,0,40.94685798542923,0,43.499133228324354
wec,Le Mans 24 2026,lap_down,HYPERCAR,5,492801,HYPERCAR-12,6,6,388,86292.51642695148,37,2667.1225097650845,533.6,24,0,0,0.0,0,0.0
wec,Le Mans 24 2026,agent,HYPERCAR,5,492801,HYPERCAR-12,7,7,387,86176.94351351143,35,2559.7148127137684,512.8000000000001,24,-1,-1,115.57291344004625,-2,107.40769705131606
wec,Le Mans 24 2026,fuel_window,HYPERCAR,5,228824,HYPERCAR-06,3,3,390,86264.54595962395,38,2659.806817699499,513.6,17,0,0,0.0,0,0.0
wec,Le Mans 24 2026,caution_gambler,HYPERCAR,5,228824,HYPERCAR-06,8,8,389,86257.59999905866,39,2691.2467631205363,560.0,18,-5,-1,6.945960565295536,1,-31.439945421037464
wec,Le Mans 24 2026,track_position,HYPERCAR,5,228824,HYPERCAR-06,3,3,390,86301.37055520248,37,2615.5129693536514,624.8000000000001,18,0,0,-36.82459557852417,-1,44.29384834584744
wec,Le Mans 24 2026,splash_and_dash,HYPERCAR,5,228824,HYPERCAR-06,3,3,390,86252.57466557891,39,2648.97440639411,516.0,17,0,0,11.97129404504085,1,10.832411305389087
wec,Le Mans 24 2026,lap_down,HYPERCAR,5,228824,HYPERCAR-06,1,1,390,86183.25002630732,36,2551.2275501177423,559.2,18,2,0,81.29593331663636,-2,108.57926758175654
wec,Le Mans 24 2026,agent,HYPERCAR,5,228824,HYPERCAR-06,1,1,391,86296.79194268184,38,2611.5561341718953,540.0,17,2,1,-32.245983057888225,0,48.25068352760354
wec,Le Mans 24 2026,fuel_window,HYPERCAR,5,472690,HYPERCAR-18,6,6,382,86183.2340179177,36,2563.0048038888403,492.8,32,0,0,0.0,0,0.0
wec,Le Mans 24 2026,caution_gambler,HYPERCAR,5,472690,HYPERCAR-18,6,6,382,86183.2340179177,36,2563.0048038888403,492.8,32,0,0,0.0,0,0.0
wec,Le Mans 24 2026,track_position,HYPERCAR,5,472690,HYPERCAR-18,6,6,382,86325.48140922852,35,2519.294406549594,468.00000000000006,32,0,0,-142.24739131082606,-1,43.710397339246356
wec,Le Mans 24 2026,splash_and_dash,HYPERCAR,5,472690,HYPERCAR-18,5,5,383,86370.6466794317,37,2552.0906815404833,487.20000000000005,32,1,1,-187.4126615139976,1,10.914122348357068
wec,Le Mans 24 2026,lap_down,HYPERCAR,5,472690,HYPERCAR-18,6,6,382,86183.2340179177,36,2563.0048038888403,492.8,32,0,0,0.0,0,0.0
wec,Le Mans 24 2026,agent,HYPERCAR,5,472690,HYPERCAR-18,3,3,382,86179.6041801851,39,2596.9125862909596,524.8000000000001,32,3,0,3.6298377326020272,3,-33.90778240211921
wec,Le Mans 24 2026,fuel_window,HYPERCAR,5,792194,HYPERCAR-04,9,9,391,86279.46161671703,37,2726.2837416222824,534.4000000000001,18,0,0,0.0,0,0.0
wec,Le Mans 24 2026,caution_gambler,HYPERCAR,5,792194,HYPERCAR-04,9,9,391,86279.46161671703,37,2726.2837416222824,534.4000000000001,18,0,0,0.0,0,0.0
wec,Le Mans 24 2026,track_position,HYPERCAR,5,792194,HYPERCAR-04,10,10,391,86242.48040247399,37,2726.2837416222824,525.6,18,-1,0,36.98121424304554,0,0.0
wec,Le Mans 24 2026,splash_and_dash,HYPERCAR,5,792194,HYPERCAR-04,9,9,391,86234.82342028763,37,2685.3688748366753,532.8000000000001,18,0,0,44.638196429397794,0,40.914866785607046
wec,Le Mans 24 2026,lap_down,HYPERCAR,5,792194,HYPERCAR-04,9,9,391,86279.46161671703,37,2726.2837416222824,534.4000000000001,18,0,0,0.0,0,0.0
wec,Le Mans 24 2026,agent,HYPERCAR,5,792194,HYPERCAR-04,10,10,391,86242.48040247399,37,2726.2837416222824,525.6,18,-1,0,36.98121424304554,0,0.0
wec,Le Mans 24 2026,fuel_window,HYPERCAR,5,311473,HYPERCAR-16,7,7,397,86272.5521365172,39,2903.825863221729,604.8000000000001,2,0,0,0.0,0,0.0
wec,Le Mans 24 2026,caution_gambler,HYPERCAR,5,311473,HYPERCAR-16,7,7,397,86272.5521365172,39,2903.825863221729,604.8000000000001,2,0,0,0.0,0,0.0
wec,Le Mans 24 2026,track_position,HYPERCAR,5,311473,HYPERCAR-16,7,7,397,86278.49328488836,39,2906.392213221729,608.8000000000001,2,0,0,-5.9411483711592155,0,-2.5663500000000568
wec,Le Mans 24 2026,splash_and_dash,HYPERCAR,5,311473,HYPERCAR-16,7,7,397,86258.46669099027,40,2887.7715238865203,609.6,2,0,0,14.085445526929107,1,16.054339335208624
wec,Le Mans 24 2026,lap_down,HYPERCAR,5,311473,HYPERCAR-16,7,7,397,86272.5521365172,39,2903.825863221729,604.8000000000001,2,0,0,0.0,0,0.0
wec,Le Mans 24 2026,agent,HYPERCAR,5,311473,HYPERCAR-16,7,7,397,86278.49328488836,39,2906.392213221729,608.8000000000001,2,0,0,-5.9411483711592155,0,-2.5663500000000568
wec,Le Mans 24 2026,fuel_window,HYPERCAR,5,576934,HYPERCAR-08,5,5,373,86386.02680352388,34,2442.595274102718,438.40000000000003,51,0,0,0.0,0,0.0
wec,Le Mans 24 2026,caution_gambler,HYPERCAR,5,576934,HYPERCAR-08,11,11,373,86354.51076764219,36,2493.036292585061,451.20000000000005,50,-6,0,31.516035881693824,2,-50.44101848234277
wec,Le Mans 24 2026,track_position,HYPERCAR,5,576934,HYPERCAR-08,3,3,373,86293.53251983713,34,2421.756512102718,419.20000000000005,50,2,0,92.49428368675581,0,20.838762000000315
wec,Le Mans 24 2026,splash_and_dash,HYPERCAR,5,576934,HYPERCAR-08,5,5,373,86358.59906462705,35,2419.6908648496747,436.00000000000006,51,0,0,27.427738896833034,1,22.904409253043468
wec,Le Mans 24 2026,lap_down,HYPERCAR,5,576934,HYPERCAR-08,5,5,373,86386.02680352388,34,2442.595274102718,438.40000000000003,51,0,0,0.0,0,0.0
wec,Le Mans 24 2026,agent,HYPERCAR,5,576934,HYPERCAR-08,3,3,373,86294.47118955627,34,2347.435016102718,450.40000000000003,53,2,0,91.55561396761914,0,95.16025800000034
wec,Le Mans 24 2026,fuel_window,HYPERCAR,5,547095,HYPERCAR-15,8,8,379,86308.34641229035,34,2447.9608367047485,406.40000000000003,40,0,0,0.0,0,0.0
wec,Le Mans 24 2026,caution_gambler,HYPERCAR,5,547095,HYPERCAR-15,13,13,378,86345.45004849095,35,2420.2370516541787,476.8,40,-5,-1,-37.103636200597975,1,27.72378505056986
wec,Le Mans 24 2026,track_position,HYPERCAR,5,547095,HYPERCAR-15,10,10,379,86379.64565932035,34,2447.9608367047485,468.00000000000006,40,-2,0,-71.29924702999415,0,0.0
wec,Le Mans 24 2026,splash_and_dash,HYPERCAR,5,547095,HYPERCAR-15,7,7,379,86294.82447191475,35,2435.5777790688066,408.8,40,1,0,13.521940375605482,1,12.383057635941896
wec,Le Mans 24 2026,lap_down,HYPERCAR,5,547095,HYPERCAR-15,8,8,379,86308.34641229035,34,2447.9608367047485,406.40000000000003,40,0,0,0.0,0,0.0
wec,Le Mans 24 2026,agent,HYPERCAR,5,547095,HYPERCAR-15,1,1,380,86284.71925244306,39,2401.342635507995,539.2,39,7,1,23.627159847295843,5,46.61820119675349
wec,Le Mans 24 2026,fuel_window,HYPERCAR,5,432349,HYPERCAR-18,2,2,377,86317.0601062603,35,2402.800463702644,555.2,43,0,0,0.0,0,0.0
wec,Le Mans 24 2026,caution_gambler,HYPERCAR,5,432349,HYPERCAR-18,2,2,377,86288.14521937855,37,2428.1878878156567,567.2,42,0,0,28.91488688174286,2,-25.387424113012912
wec,Le Mans 24 2026,track_position,HYPERCAR,5,432349,HYPERCAR-18,8,8,377,86364.07558784274,35,2381.1404697026437,592.8000000000001,42,-6,0,-47.015481582449866,0,21.659994000000097
wec,Le Mans 24 2026,splash_and_dash,HYPERCAR,5,432349,HYPERCAR-18,2,2,377,86293.08092321381,36,2393.114051669727,544.8000000000001,43,0,0,23.97918304648192,1,9.686412032916905
wec,Le Mans 24 2026,lap_down,HYPERCAR,5,432349,HYPERCAR-18,2,2,377,86317.0601062603,35,2402.800463702644,555.2,43,0,0,0.0,0,0.0
wec,Le Mans 24 2026,agent,HYPERCAR,5,432349,HYPERCAR-18,5,5,377,86351.18143910571,40,2474.3939169630908,603.2,42,-3,0,-34.12133284541778,5,-71.59345326044695
wec,Le Mans 24 2026,fuel_window,HYPERCAR,5,315807,HYPERCAR-10,6,6,384,86323.282448417,36,2604.2151402528143,537.6,29,0,0,0.0,0,0.0
wec,Le Mans 24 2026,caution_gambler,HYPERCAR,5,315807,HYPERCAR-10,11,11,383,86251.63049991109,37,2639.753426084637,603.2,30,-5,-1,71.6519485059107,1,-35.53828583182258
wec,Le Mans 24 2026,track_position,HYPERCAR,5,315807,HYPERCAR-10,8,8,383,86245.19682208367,36,2601.032866252814,544.0,29,-2,-1,78.08562633332622,0,3.182274000000234
wec,Le Mans 24 2026,splash_and_dash,HYPERCAR,5,315807,HYPERCAR-10,6,6,384,86318.7443733954,37,2596.015947970857,544.8000000000001,29,0,0,4.53807502159907,1,8.199192281957494
wec,Le Mans 24 2026,lap_down,HYPERCAR,5,315807,HYPERCAR-10,6,6,384,86323.282448417,36,2604.2151402528143,537.6,29,0,0,0.0,0,0.0
wec,Le Mans 24 2026,agent,HYPERCAR,5,315807,HYPERCAR-10,9,9,383,86271.65672162027,41,2700.090348202859,576.0,30,-3,-1,51.625726796730305,5,-95.87520795004457
wec,Le Mans 24 2026,fuel_window,HYPERCAR,5,797125,HYPERCAR-01,10,10,385,86467.52577799956,36,2601.5396486645027,496.8,29,0,0,0.0,0,0.0
wec,Le Mans 24 2026,caution_gambler,HYPERCAR,5,797125,HYPERCAR-01,11,11,384,86315.67143989523,37,2608.5386814376025,535.2,29,-1,-1,151.85433810432733,1,-6.999032773099771
wec,Le Mans 24 2026,track_position,HYPERCAR,5,797125,HYPERCAR-01,10,10,385,86473.83048317954,35,2568.7742606534057,542.4000000000001,29,0,0,-6.304705179980374,-1,32.765388011097
wec,Le Mans 24 2026,splash_and_dash,HYPERCAR,5,797125,HYPERCAR-01,7,7,385,86424.52406916264,36,2566.9592370487835,497.6,29,3,0,43.00170883692044,0,34.580411615719186
wec,Le Mans 24 2026,lap_down,HYPERCAR,5,797125,HYPERCAR-01,10,10,385,86467.52577799956,36,2601.5396486645027,496.8,29,0,0,0.0,0,0.0
wec,Le Mans 24 2026,agent,HYPERCAR,5,797125,HYPERCAR-01,3,3,386,86317.05617144288,38,2614.9292411191427,516.0,29,7,1,150.46960655668227,2,-13.389592454640024
wec,Le Mans 24 2026,fuel_window,HYPERCAR,5,497366,HYPERCAR-08,1,1,379,86270.40646477378,34,2461.7753919645866,527.2,38,0,0,0.0,0,0.0
wec,Le Mans 24 2026,caution_gambler,HYPERCAR,5,497366,HYPERCAR-08,3,3,379,86278.66913556801,37,2543.8332428926233,536.0,38,-2,0,-8.262670794225414,3,-82.05785092803671
wec,Le Mans 24 2026,track_position,HYPERCAR,5,497366,HYPERCAR-08,7,7,379,86341.21442946284,34,2459.517003964587,512.8000000000001,39,-6,0,-70.80796468905464,0,2.2583879999997407
wec,Le Mans 24 2026,splash_and_dash,HYPERCAR,5,497366,HYPERCAR-08,1,1,379,86251.56716073875,35,2452.428858943172,521.6,38,0,0,18.83930403503473,1,9.346533021414416
wec,Le Mans 24 2026,lap_down,HYPERCAR,5,497366,HYPERCAR-08,1,1,379,86270.40646477378,34,2461.7753919645866,527.2,38,0,0,0.0,0,0.0
wec,Le Mans 24 2026,agent,HYPERCAR,5,497366,HYPERCAR-08,6,6,379,86324.99120027511,43,2584.1328346588584,526.4000000000001,39,-5,0,-54.58473550132476,9,-122.35744269427187
wec,Le Mans 24 2026,fuel_window,HYPERCAR,5,175084,HYPERCAR-08,7,7,384,86210.77235747504,36,2664.501267517298,441.6,32,0,0,0.0,0,0.0
wec,Le Mans 24 2026,caution_gambler,HYPERCAR,5,175084,HYPERCAR-08,8,8,384,86331.84240985231,39,2740.7444632401284,462.40000000000003,33,-1,0,-121.07005237726844,3,-76.24319572283048
wec,Le Mans 24 2026,track_position,HYPERCAR,5,175084,HYPERCAR-08,7,7,384,86230.77784916862,36,2667.067617517298,459.20000000000005,32,0,0,-20.005491693576914,0,-2.5663500000000568
wec,Le Mans 24 2026,splash_and_dash,HYPERCAR,5,175084,HYPERCAR-08,6,6,384,86160.96984673914,37,2641.315823151198,436.00000000000006,32,1,0,49.80251073589898,1,23.1854443661
wec,Le Mans 24 2026,lap_down,HYPERCAR,5,175084,HYPERCAR-08,7,7,384,86210.77235747504,36,2664.501267517298,441.6,32,0,0,0.0,0,0.0
wec,Le Mans 24 2026,agent,HYPERCAR,5,175084,HYPERCAR-08,8,8,384,86381.89251646111,39,2680.0876918279096,466.40000000000003,32,-1,0,-171.12015898607206,3,-15.58642431061162
wec,Le Mans 24 2026,fuel_window,HYPERCAR,5,887010,HYPERCAR-03,9,9,380,86211.76657021482,34,2383.5250872868733,480.00000000000006,39,0,0,0.0,0,0.0
wec,Le Mans 24 2026,caution_gambler,HYPERCAR,5,887010,HYPERCAR-03,5,5,381,86376.3960799946,35,2404.701419858668,558.4000000000001,38,4,1,-164.6295097797847,1,-21.176332571794774
wec,Le Mans 24 2026,track_position,HYPERCAR,5,887010,HYPERCAR-03,7,7,381,86378.00314721222,34,2404.1585412868735,497.6,40,2,1,-166.23657699739852,0,-20.633454000000256
wec,Le Mans 24 2026,splash_and_dash,HYPERCAR,5,887010,HYPERCAR-03,9,9,380,86179.53263931435,34,2353.230039126002,481.6,39,0,0,32.23393090047466,0,30.295048160871374
wec,Le Mans 24 2026,lap_down,HYPERCAR,5,887010,HYPERCAR-03,9,9,380,86211.76657021482,34,2383.5250872868733,480.00000000000006,39,0,0,0.0,0,0.0
wec,Le Mans 24 2026,agent,HYPERCAR,5,887010,HYPERCAR-03,9,9,380,86216.31515779287,35,2377.960052858668,517.6,41,0,0,-4.548587578043225,1,5.565034428205308
wec,Le Mans 24 2026,fuel_window,HYPERCAR,5,472274,HYPERCAR-10,8,8,389,86246.65783004547,36,2620.317425038543,549.6,21,0,0,0.0,0,0.0
wec,Le Mans 24 2026,caution_gambler,HYPERCAR,5,472274,HYPERCAR-10,13,13,389,86297.10944127262,37,2687.626083667673,554.4000000000001,21,-5,0,-50.45161122715217,1,-67.3086586291297
wec,Le Mans 24 2026,track_position,HYPERCAR,5,472274,HYPERCAR-10,8,8,389,86243.6241800455,36,2622.8837750385433,544.0,21,0,0,3.0336499999684747,0,-2.5663500000000568
wec,Le Mans 24 2026,splash_and_dash,HYPERCAR,5,472274,HYPERCAR-10,8,8,389,86244.15730306262,37,2611.309669069317,560.0,21,0,0,2.5005269828543533,1,9.00775596922631
wec,Le Mans 24 2026,lap_down,HYPERCAR,5,472274,HYPERCAR-10,8,8,389,86246.65783004547,36,2620.317425038543,549.6,21,0,0,0.0,0,0.0
wec,Le Mans 24 2026,agent,HYPERCAR,5,472274,HYPERCAR-10,8,8,389,86243.6241800455,36,2622.8837750385433,544.0,21,0,0,3.0336499999684747,0,-2.5663500000000568
wec,Le Mans 24 2026,fuel_window,HYPERCAR,5,80012,HYPERCAR-06,3,3,390,86203.36000305154,37,2552.5417143677137,528.8000000000001,21,0,0,0.0,0,0.0
wec,Le Mans 24 2026,caution_gambler,HYPERCAR,5,80012,HYPERCAR-06,3,3,390,86267.63579539098,38,2578.693350929164,556.0,20,0,0,-64.27579233943834,1,-26.151636561450232
wec,Le Mans 24 2026,track_position,HYPERCAR,5,80012,HYPERCAR-06,3,3,390,86203.36000305154,37,2552.5417143677137,528.8000000000001,21,0,0,0.0,0,0.0
wec,Le Mans 24 2026,splash_and_dash,HYPERCAR,5,80012,HYPERCAR-06,3,3,390,86176.20534365674,38,2539.019674438588,537.6,21,0,0,27.154659394800547,1,13.52203992912564
wec,Le Mans 24 2026,lap_down,HYPERCAR,5,80012,HYPERCAR-06,3,3,390,86203.36000305154,37,2552.5417143677137,528.8000000000001,21,0,0,0.0,0,0.0
wec,Le Mans 24 2026,agent,HYPERCAR,5,80012,HYPERCAR-06,2,2,391,86378.47391386081,38,2525.5185789291636,536.0,19,1,1,-175.1139108092757,1,27.02313543855007
wec,Le Mans 24 2026,fuel_window,HYPERCAR,5,851148,HYPERCAR-09,11,11,369,86351.94234236713,33,2261.901054659157,477.6,56,0,0,0.0,0,0.0
wec,Le Mans 24 2026,caution_gambler,HYPERCAR,5,851148,HYPERCAR-09,2,2,369,86159.74266399686,35,2355.87125547714,416.00000000000006,55,9,0,192.19967837026343,2,-93.97020081798291
wec,Le Mans 24 2026,track_position,HYPERCAR,5,851148,HYPERCAR-09,2,2,369,86181.666381503,33,2261.0798226591573,468.8,56,9,0,170.27596086412086,0,0.8212319999997817
wec,Le Mans 24 2026,splash_and_dash,HYPERCAR,5,851148,HYPERCAR-09,11,11,369,86351.46687919211,33,2234.954379659157,484.8,56,0,0,0.47546317501110025,0,26.94667500000014
wec,Le Mans 24 2026,lap_down,HYPERCAR,5,851148,HYPERCAR-09,11,11,369,86351.94234236713,33,2261.901054659157,477.6,56,0,0,0.0,0,0.0
wec,Le Mans 24 2026,agent,HYPERCAR,5,851148,HYPERCAR-09,2,2,369,86214.73247494985,41,2369.892457863814,461.6,58,9,0,137.20986741727393,8,-107.99140320465676
wec,Le Mans 24 2026,fuel_window,HYPERCAR,5,589879,HYPERCAR-04,9,9,391,86294.92414539294,37,2695.9259839512943,532.8000000000001,14,0,0,0.0,0,0.0
wec,Le Mans 24 2026,caution_gambler,HYPERCAR,5,589879,HYPERCAR-04,9,9,391,86294.92414539294,37,2695.9259839512943,532.8000000000001,14,0,0,0.0,0,0.0
wec,Le Mans 24 2026,track_position,HYPERCAR,5,589879,HYPERCAR-04,6,6,391,86228.86787337136,37,2697.9790639512944,538.4000000000001,12,3,0,66.05627202158212,0,-2.0530800000001364
wec,Le Mans 24 2026,splash_and_dash,HYPERCAR,5,589879,HYPERCAR-04,7,7,391,86268.0140267522,38,2681.800859776201,523.2,14,2,0,26.910118640749715,1,14.125124175093333
wec,Le Mans 24 2026,lap_down,HYPERCAR,5,589879,HYPERCAR-04,9,9,391,86294.92414539294,37,2695.9259839512943,532.8000000000001,14,0,0,0.0,0,0.0
wec,Le Mans 24 2026,agent,HYPERCAR,5,589879,HYPERCAR-04,6,6,391,86228.86787337136,37,2697.9790639512944,538.4000000000001,12,3,0,66.05627202158212,0,-2.0530800000001364
wec,Le Mans 24 2026,fuel_window,HYPERCAR,5,920730,HYPERCAR-12,10,10,394,86298.27357121704,37,2656.061760699491,661.6,8,0,0,0.0,0,0.0
wec,Le Mans 24 2026,caution_gambler,HYPERCAR,5,920730,HYPERCAR-12,10,10,394,86298.27357121704,37,2656.061760699491,661.6,8,0,0,0.0,0,0.0
wec,Le Mans 24 2026,track_position,HYPERCAR,5,920730,HYPERCAR-12,6,6,394,86224.63734159658,37,2658.628110699491,591.2,8,4,0,73.63622962046065,0,-2.5663500000000568
wec,Le Mans 24 2026,splash_and_dash,HYPERCAR,5,920730,HYPERCAR-12,10,10,394,86285.12578322385,38,2644.0528554459297,664.0,8,0,0,13.147787993191741,1,12.008905253561352
wec,Le Mans 24 2026,lap_down,HYPERCAR,5,920730,HYPERCAR-12,10,10,394,86298.27357121704,37,2656.061760699491,661.6,8,0,0,0.0,0,0.0
wec,Le Mans 24 2026,agent,HYPERCAR,5,920730,HYPERCAR-12,6,6,394,86224.63734159658,37,2658.628110699491,591.2,8,4,0,73.63622962046065,0,-2.5663500000000568
wec,Le Mans 24 2026,fuel_window,HYPERCAR,5,641267,HYPERCAR-17,10,10,383,86349.88828409364,36,2747.838865305835,517.6,36,0,0,0.0,0,0.0
wec,Le Mans 24 2026,caution_gambler,HYPERCAR,5,641267,HYPERCAR-17,4,4,383,86305.37947074305,36,2718.069205305835,516.8000000000001,36,6,0,44.50881335059239,0,29.76965999999993
wec,Le Mans 24 2026,track_position,HYPERCAR,5,641267,HYPERCAR-17,4,4,383,86251.45768981728,34,2666.9455284430437,531.2,35,6,0,98.43059427636035,-2,80.89333686279133
wec,Le Mans 24 2026,splash_and_dash,HYPERCAR,5,641267,HYPERCAR-17,7,7,383,86325.47629223179,37,2725.5502030877647,517.6,36,3,0,24.411991861852584,1,22.288662218070385
wec,Le Mans 24 2026,lap_down,HYPERCAR,5,641267,HYPERCAR-17,10,10,383,86356.79171963435,35,2707.6940475294996,527.2,36,0,0,-6.903435540705686,-1,40.14481777633546
wec,Le Mans 24 2026,agent,HYPERCAR,5,641267,HYPERCAR-17,4,4,383,86251.45768981728,34,2666.9455284430437,531.2,35,6,0,98.43059427636035,-2,80.89333686279133
wec,Le Mans 24 2026,fuel_window,HYPERCAR,5,470306,HYPERCAR-09,1,1,388,86184.49654844962,37,2614.0177127863617,520.0,21,0,0,0.0,0,0.0
wec,Le Mans 24 2026,caution_gambler,HYPERCAR,5,470306,HYPERCAR-09,1,1,389,86326.24489483518,37,2587.3276727863617,519.2,21,0,1,-141.74834638556058,0,26.690039999999954
wec,Le Mans 24 2026,track_position,HYPERCAR,5,470306,HYPERCAR-09,2,2,388,86112.82604645035,37,2619.1504127863614,576.8000000000001,21,-1,0,71.67050199926598,0,-5.132699999999659
wec,Le Mans 24 2026,splash_and_dash,HYPERCAR,5,470306,HYPERCAR-09,1,1,389,86323.60821627686,38,2559.877501633866,511.20000000000005,21,0,1,-139.1116678272374,1,54.140211152495795
wec,Le Mans 24 2026,lap_down,HYPERCAR,5,470306,HYPERCAR-09,1,1,388,86184.49654844962,37,2614.0177127863617,520.0,21,0,0,0.0,0,0.0
wec,Le Mans 24 2026,agent,HYPERCAR,5,470306,HYPERCAR-09,1,1,388,86233.67874089685,38,2627.188475738169,556.8000000000001,20,0,0,-49.1821924472315,1,-13.170762951807319
wec,Le Mans 24 2026,fuel_window,HYPERCAR,5,86394,HYPERCAR-15,5,5,396,86350.78764866914,39,2822.164230834812,580.0,7,0,0,0.0,0,0.0
wec,Le Mans 24 2026,caution_gambler,HYPERCAR,5,86394,HYPERCAR-15,5,5,396,86350.78764866914,39,2822.164230834812,580.0,7,0,0,0.0,0,0.0
wec,Le Mans 24 2026,track_position,HYPERCAR,5,86394,HYPERCAR-15,5,5,396,86350.78764866914,39,2822.164230834812,580.0,7,0,0,0.0,0,0.0
wec,Le Mans 24 2026,splash_and_dash,HYPERCAR,5,86394,HYPERCAR-15,4,4,396,86257.19784168822,39,2790.0218947771477,582.4000000000001,7,1,0,93.58980698091909,0,32.142336057664124
wec,Le Mans 24 2026,lap_down,HYPERCAR,5,86394,HYPERCAR-15,5,5,396,86350.78764866914,39,2822.164230834812,580.0,7,0,0,0.0,0,0.0
wec,Le Mans 24 2026,agent,HYPERCAR,5,86394,HYPERCAR-15,5,5,396,86350.78764866914,39,2822.164230834812,580.0,7,0,0,0.0,0,0.0
wec,Le Mans 24 2026,fuel_window,HYPERCAR,5,769297,HYPERCAR-04,8,8,395,86232.06792152746,38,2738.961184094943,604.0,8,0,0,0.0,0,0.0
wec,Le Mans 24 2026,caution_gambler,HYPERCAR,5,769297,HYPERCAR-04,8,8,395,86232.06792152746,38,2738.961184094943,604.0,8,0,0,0.0,0,0.0
wec,Le Mans 24 2026,track_position,HYPERCAR,5,769297,HYPERCAR-04,7,7,395,86227.5709633522,38,2738.961184094943,614.4000000000001,8,1,0,4.496958175252075,0,0.0
wec,Le Mans 24 2026,splash_and_dash,HYPERCAR,5,769297,HYPERCAR-04,6,6,395,86187.38632193072,38,2703.510690689915,597.6,8,2,0,44.68159959673358,0,35.45049340502783
wec,Le Mans 24 2026,lap_down,HYPERCAR,5,769297,HYPERCAR-04,8,8,395,86233.41054823736,38,2738.961184094943,605.6,8,0,0,-1.342626709898468,0,0.0
wec,Le Mans 24 2026,agent,HYPERCAR,5,769297,HYPERCAR-04,7,7,395,86227.5709633522,38,2738.961184094943,614.4000000000001,8,1,0,4.496958175252075,0,0.0
wec,Le Mans 24 2026,fuel_window,HYPERCAR,5,708427,HYPERCAR-06,6,6,368,86346.86479579475,33,2193.6384688813405,433.6,61,0,0,0.0,0,0.0
wec,Le Mans 24 2026,caution_gambler,HYPERCAR,5,708427,HYPERCAR-06,7,7,368,86341.52888695996,37,2297.5619923324048,485.6,60,-1,0,5.335908834793372,4,-103.92352345106428
wec,Le Mans 24 2026,track_position,HYPERCAR,5,708427,HYPERCAR-06,9,9,367,86183.61012421951,32,2131.690596500743,528.0,61,-3,-1,163.25467157523963,-1,61.947872380597346
wec,Le Mans 24 2026,splash_and_dash,HYPERCAR,5,708427,HYPERCAR-06,6,6,368,86333.52795986342,34,2178.6866274156637,438.40000000000003,61,0,0,13.336835931331734,1,14.951841465676807
wec,Le Mans 24 2026,lap_down,HYPERCAR,5,708427,HYPERCAR-06,6,6,368,86346.86479579475,33,2193.6384688813405,433.6,61,0,0,0.0,0,0.0
wec,Le Mans 24 2026,agent,HYPERCAR,5,708427,HYPERCAR-06,6,6,368,86354.05362725841,41,2306.3002982446137,523.2,61,0,0,-7.188831463659881,8,-112.66182936327323
wec,Le Mans 24 2026,fuel_window,HYPERCAR,5,871998,HYPERCAR-11,6,6,388,86318.30358026845,37,2618.5934942558965,584.0,24,0,0,0.0,0,0.0
wec,Le Mans 24 2026,caution_gambler,HYPERCAR,5,871998,HYPERCAR-11,4,4,389,86371.18151201874,38,2618.333737526653,543.2,24,2,1,-52.87793175029219,1,0.25975672924369064
wec,Le Mans 24 2026,track_position,HYPERCAR,5,871998,HYPERCAR-11,5,5,388,86268.13145182752,36,2553.3213099694494,511.20000000000005,26,1,0,50.172128440928645,-1,65.2721842864471
wec,Le Mans 24 2026,splash_and_dash,HYPERCAR,5,871998,HYPERCAR-11,6,6,388,86291.14599209244,38,2596.7592357236567,580.8000000000001,24,0,0,27.157588176007266,1,21.8342585322398
wec,Le Mans 24 2026,lap_down,HYPERCAR,5,871998,HYPERCAR-11,6,6,388,86318.30358026845,37,2618.5934942558965,584.0,24,0,0,0.0,0,0.0
wec,Le Mans 24 2026,agent,HYPERCAR,5,871998,HYPERCAR-11,5,5,388,86186.7003632826,36,2523.2950149694498,502.40000000000003,26,1,0,131.60321698585176,-1,95.29847928644676
wec,Le Mans 24 2026,fuel_window,HYPERCAR,5,9739,HYPERCAR-17,6,6,395,86221.36008610815,39,2812.3980147032726,529.6,7,0,0,0.0,0,0.0
wec,Le Mans 24 2026,caution_gambler,HYPERCAR,5,9739,HYPERCAR-17,6,6,395,86221.36008610815,39,2812.3980147032726,529.6,7,0,0,0.0,0,0.0
wec,Le Mans 24 2026,track_position,HYPERCAR,5,9739,HYPERCAR-17,4,4,396,86212.89090328335,38,2753.2447786500625,507.20000000000005,6,2,1,8.469182824803283,-1,59.153236053210094
wec,Le Mans 24 2026,splash_and_dash,HYPERCAR,5,9739,HYPERCAR-17,5,5,395,86181.47366173926,39,2779.6965848000527,525.6,7,1,0,39.886424368887674,0,32.70142990321983
wec,Le Mans 24 2026,lap_down,HYPERCAR,5,9739,HYPERCAR-17,6,6,395,86221.36008610815,39,2812.3980147032726,529.6,7,0,0,0.0,0,0.0
wec,Le Mans 24 2026,agent,HYPERCAR,5,9739,HYPERCAR-17,4,4,396,86212.89090328335,38,2753.2447786500625,507.20000000000005,6,2,1,8.469182824803283,-1,59.153236053210094
wec,Le Mans 24 2026,fuel_window,HYPERCAR,5,781782,HYPERCAR-13,4,4,376,86282.14619846357,34,2431.27569245943,489.6,49,0,0,0.0,0,0.0
wec,Le Mans 24 2026,caution_gambler,HYPERCAR,5,781782,HYPERCAR-13,6,6,376,86278.94616952374,36,2523.849907443916,460.00000000000006,48,-2,0,3.2000289398274617,2,-92.57421498448593
wec,Le Mans 24 2026,track_position,HYPERCAR,5,781782,HYPERCAR-13,3,3,376,86265.60993140338,33,2401.866208369011,512.0,49,1,0,16.536267060189857,-1,29.409484090419028
wec,Le Mans 24 2026,splash_and_dash,HYPERCAR,5,781782,HYPERCAR-13,4,4,376,86266.90338366269,35,2419.571760398161,489.6,49,0,0,15.242814800876658,1,11.703932061268915
wec,Le Mans 24 2026,lap_down,HYPERCAR,5,781782,HYPERCAR-13,4,4,376,86282.14619846357,34,2431.27569245943,489.6,49,0,0,0.0,0,0.0
wec,Le Mans 24 2026,agent,HYPERCAR,5,781782,HYPERCAR-13,17,17,375,86252.24295633062,34,2391.5485944594298,499.20000000000005,49,-13,-1,29.903242132946616,0,39.7270980000003
wec,Le Mans 24 2026,fuel_window,HYPERCAR,5,902150,HYPERCAR-06,2,2,389,86179.51792997002,37,2669.9680651341882,543.2,19,0,0,0.0,0,0.0
wec,Le Mans 24 2026,caution_gambler,HYPERCAR,5,902150,HYPERCAR-06,3,3,389,86195.7154148666,38,2691.240939424128,511.20000000000005,19,-1,0,-16.197484896576498,1,-21.272874289939864
wec,Le Mans 24 2026,track_position,HYPERCAR,5,902150,HYPERCAR-06,3,3,389,86176.3967988818,37,2669.9680651341882,516.0,19,-1,0,3.1211310882208636,0,0.0
wec,Le Mans 24 2026,splash_and_dash,HYPERCAR,5,902150,HYPERCAR-06,2,2,390,86371.60676688132,38,2651.7041021300897,548.8000000000001,19,0,1,-192.0888369112945,1,18.263963004098514
wec,Le Mans 24 2026,lap_down,HYPERCAR,5,902150,HYPERCAR-06,3,3,389,86176.3967988818,37,2669.9680651341882,516.0,19,-1,0,3.1211310882208636,0,0.0
wec,Le Mans 24 2026,agent,HYPERCAR,5,902150,HYPERCAR-06,9,9,390,86347.86944805396,39,2682.082129885355,528.0,19,-7,1,-168.3515180839313,2,-12.114064751166552
wec,Le Mans 24 2026,fuel_window,HYPERCAR,5,55292,HYPERCAR-09,7,7,382,86366.04174034928,35,2481.922233202787,522.4000000000001,32,0,0,0.0,0,0.0
wec,Le Mans 24 2026,caution_gambler,HYPERCAR,5,55292,HYPERCAR-09,15,15,381,86257.64637323715,37,2556.4659180140047,551.2,35,-8,-1,108.39536711212713,2,-74.54368481121764
wec,Le Mans 24 2026,track_position,HYPERCAR,5,55292,HYPERCAR-09,7,7,382,86366.3625340993,35,2484.488583202787,522.4000000000001,32,0,0,-0.3207937500264961,0,-2.5663500000000568
wec,Le Mans 24 2026,splash_and_dash,HYPERCAR,5,55292,HYPERCAR-09,9,9,381,86193.42919399544,35,2449.266228091246,520.0,33,-2,-1,172.61254635383375,0,32.65600511154116
wec,Le Mans 24 2026,lap_down,HYPERCAR,5,55292,HYPERCAR-09,7,7,382,86366.04174034928,35,2481.922233202787,522.4000000000001,32,0,0,0.0,0,0.0
wec,Le Mans 24 2026,agent,HYPERCAR,5,55292,HYPERCAR-09,9,9,381,86189.75008261221,42,2634.3856940579635,572.8000000000001,33,-2,-1,176.29165773706336,7,-152.46346085517644
wec,Le Mans 24 2026,fuel_window,HYPERCAR,5,791318,HYPERCAR-15,7,7,393,86197.14164632588,39,2722.3556509415057,608.8000000000001,10,0,0,0.0,0,0.0
wec,Le Mans 24 2026,caution_gambler,HYPERCAR,5,791318,HYPERCAR-15,7,7,393,86197.14164632588,39,2722.3556509415057,608.8000000000001,10,0,0,0.0,0,0.0
wec,Le Mans 24 2026,track_position,HYPERCAR,5,791318,HYPERCAR-15,1,1,394,86207.01226743872,37,2647.177826222139,489.6,11,6,1,-9.870621112844674,-2,75.17782471936653
wec,Le Mans 24 2026,splash_and_dash,HYPERCAR,5,791318,HYPERCAR-15,7,7,393,86180.40210745417,39,2686.199902841869,613.6,10,0,0,16.739538871712284,0,36.15574809963664
wec,Le Mans 24 2026,lap_down,HYPERCAR,5,791318,HYPERCAR-15,7,7,393,86182.09143332204,38,2673.3447698852283,628.0,10,0,0,15.050213003836689,-1,49.01088105627741
wec,Le Mans 24 2026,agent,HYPERCAR,5,791318,HYPERCAR-15,5,5,394,86477.87674020189,37,2636.091194222139,518.4000000000001,13,2,1,-280.73509387600643,-2,86.26445671936654
wec,Le Mans 24 2026,fuel_window,HYPERCAR,5,389641,HYPERCAR-16,5,5,378,86125.54641780554,36,2548.4276119225888,467.20000000000005,39,0,0,0.0,0,0.0
wec,Le Mans 24 2026,caution_gambler,HYPERCAR,5,389641,HYPERCAR-16,2,2,379,86335.35321667236,37,2501.643895187554,516.0,38,3,1,-209.806798866819,1,46.783716735034886
wec,Le Mans 24 2026,track_position,HYPERCAR,5,389641,HYPERCAR-16,3,3,379,86236.79308968078,36,2549.4541519225886,515.2,38,2,1,-111.24667187524028,0,-1.0265399999998408
wec,Le Mans 24 2026,splash_and_dash,HYPERCAR,5,389641,HYPERCAR-16,3,3,379,86370.83634459566,36,2493.8444964787936,467.20000000000005,39,2,1,-245.289926790123,0,54.58311544379512
wec,Le Mans 24 2026,lap_down,HYPERCAR,5,389641,HYPERCAR-16,5,5,378,86125.54641780554,36,2548.4276119225888,467.20000000000005,39,0,0,0.0,0,0.0
wec,Le Mans 24 2026,agent,HYPERCAR,5,389641,HYPERCAR-16,4,4,379,86234.08014671081,39,2552.320885432626,522.4000000000001,38,1,1,-108.53372890526953,3,-3.8932735100370337
wec,Le Mans 24 2026,fuel_window,HYPERCAR,5,408186,HYPERCAR-01,6,6,387,86248.0210955306,37,2718.536472375892,515.2,23,0,0,0.0,0,0.0
wec,Le Mans 24 2026,caution_gambler,HYPERCAR,5,408186,HYPERCAR-01,6,6,387,86248.0210955306,37,2718.536472375892,515.2,23,0,0,0.0,0,0.0
wec,Le Mans 24 2026,track_position,HYPERCAR,5,408186,HYPERCAR-01,14,14,386,86250.11261991366,36,2700.048148732792,542.4000000000001,27,-8,-1,-2.0915243830677355,-1,18.488323643100102
wec,Le Mans 24 2026,splash_and_dash,HYPERCAR,5,408186,HYPERCAR-01,6,6,387,86213.32171574989,37,2685.422087060872,516.8000000000001,23,0,0,34.699379780708114,0,33.11438531502017
wec,Le Mans 24 2026,lap_down,HYPERCAR,5,408186,HYPERCAR-01,6,6,387,86248.0210955306,37,2718.536472375892,515.2,23,0,0,0.0,0,0.0
wec,Le Mans 24 2026,agent,HYPERCAR,5,408186,HYPERCAR-01,14,14,386,86250.11261991366,36,2700.048148732792,542.4000000000001,27,-8,-1,-2.0915243830677355,-1,18.488323643100102
wec,Le Mans 24 2026,fuel_window,HYPERCAR,5,635757,HYPERCAR-13,1,1,378,86255.38826409064,36,2420.5322993035184,577.6,41,0,0,0.0,0,0.0
wec,Le Mans 24 2026,caution_gambler,HYPERCAR,5,635757,HYPERCAR-13,2,2,378,86270.47105698436,37,2446.0891408657194,576.8000000000001,40,-1,0,-15.08279289372149,1,-25.556841562201043
wec,Le Mans 24 2026,track_position,HYPERCAR,5,635757,HYPERCAR-13,2,2,378,86274.61390844939,36,2446.1957993035185,528.8000000000001,40,-1,0,-19.225644358753925,0,-25.663500000000113
wec,Le Mans 24 2026,splash_and_dash,HYPERCAR,5,635757,HYPERCAR-13,1,1,378,86212.60470646291,36,2379.7069214814924,576.8000000000001,41,0,0,42.78355762772844,0,40.825377822025985
wec,Le Mans 24 2026,lap_down,HYPERCAR,5,635757,HYPERCAR-13,1,1,378,86255.38826409064,36,2420.5322993035184,577.6,41,0,0,0.0,0,0.0
wec,Le Mans 24 2026,agent,HYPERCAR,5,635757,HYPERCAR-13,1,1,379,86301.28733946168,41,2442.0060366478865,524.8000000000001,39,0,1,-45.899075371038634,5,-21.473737344368146
wec,Le Mans 24 2026,fuel_window,HYPERCAR,5,744197,HYPERCAR-05,8,8,384,86326.54049944648,36,2522.5826343260173,513.6,32,0,0,0.0,0,0.0
wec,Le Mans 24 2026,caution_gambler,HYPERCAR,5,744197,HYPERCAR-05,14,14,384,86364.9799471359,36,2506.0553403260174,511.20000000000005,32,-6,0,-38.439447689423105,0,16.527293999999983
wec,Le Mans 24 2026,track_position,HYPERCAR,5,744197,HYPERCAR-05,13,13,384,86340.55716899401,35,2468.392955273843,535.2,33,-5,0,-14.016669547534548,-1,54.18967905217414
wec,Le Mans 24 2026,splash_and_dash,HYPERCAR,5,744197,HYPERCAR-05,7,7,384,86316.33207970612,36,2485.918396734413,511.20000000000005,32,1,0,10.208419740360114,0,36.66423759160443
wec,Le Mans 24 2026,lap_down,HYPERCAR,5,744197,HYPERCAR-05,8,8,384,86326.54049944648,36,2522.5826343260173,513.6,32,0,0,0.0,0,0.0
wec,Le Mans 24 2026,agent,HYPERCAR,5,744197,HYPERCAR-05,4,4,384,86256.5546764388,35,2407.156368747426,537.6,31,4,0,69.98582300767885,-1,115.42626557859148
wec,Le Mans 24 2026,fuel_window,HYPERCAR,5,681527,HYPERCAR-17,8,8,395,86212.7167424201,38,2711.198824983832,524.0,6,0,0,0.0,0,0.0
wec,Le Mans 24 2026,caution_gambler,HYPERCAR,5,681527,HYPERCAR-17,8,8,395,86212.7167424201,38,2711.198824983832,524.0,6,0,0,0.0,0,0.0
wec,Le Mans 24 2026,track_position,HYPERCAR,5,681527,HYPERCAR-17,7,7,395,86177.59151424772,37,2671.871518391793,537.6,6,1,0,35.125228172386414,-1,39.327306592038894
wec,Le Mans 24 2026,splash_and_dash,HYPERCAR,5,681527,HYPERCAR-17,7,7,395,86174.23722659065,39,2697.5520986926394,521.6,6,1,0,38.47951582945825,1,13.646726291192408
wec,Le Mans 24 2026,lap_down,HYPERCAR,5,681527,HYPERCAR-17,8,8,395,86212.7167424201,38,2711.198824983832,524.0,6,0,0,0.0,0,0.0
wec,Le Mans 24 2026,agent,HYPERCAR,5,681527,HYPERCAR-17,7,7,395,86177.59151424772,37,2671.871518391793,537.6,6,1,0,35.125228172386414,-1,39.327306592038894
wec,Le Mans 24 2026,fuel_window,HYPERCAR,5,993028,HYPERCAR-09,9,9,392,86359.10544569114,38,2726.4744928005744,489.6,15,0,0,0.0,0,0.0
wec,Le Mans 24 2026,caution_gambler,HYPERCAR,5,993028,HYPERCAR-09,9,9,392,86359.10544569114,38,2726.4744928005744,489.6,15,0,0,0.0,0,0.0
wec,Le Mans 24 2026,track_position,HYPERCAR,5,993028,HYPERCAR-09,14,14,391,86308.73479679729,38,2726.4744928005744,500.8,15,-5,-1,50.37064889384783,0,0.0
wec,Le Mans 24 2026,splash_and_dash,HYPERCAR,5,993028,HYPERCAR-09,6,6,392,86328.74189490701,39,2704.055181757352,483.20000000000005,15,3,0,30.363550784124527,1,22.41931104322248
wec,Le Mans 24 2026,lap_down,HYPERCAR,5,993028,HYPERCAR-09,9,9,392,86359.10544569114,38,2726.4744928005744,489.6,15,0,0,0.0,0,0.0
wec,Le Mans 24 2026,agent,HYPERCAR,5,993028,HYPERCAR-09,14,14,391,86308.73479679729,38,2726.4744928005744,500.8,15,-5,-1,50.37064889384783,0,0.0
wec,Le Mans 24 2026,fuel_window,HYPERCAR,5,282891,HYPERCAR-17,5,5,377,86213.30108705198,35,2417.5217053770475,495.20000000000005,42,0,0,0.0,0,0.0
wec,Le Mans 24 2026,caution_gambler,HYPERCAR,5,282891,HYPERCAR-17,7,7,377,86266.75502194477,36,2451.549887543175,482.40000000000003,43,-2,0,-53.45393489279377,1,-34.02818216612741
wec,Le Mans 24 2026,track_position,HYPERCAR,5,282891,HYPERCAR-17,6,6,377,86228.94531941389,34,2358.637176706467,495.20000000000005,43,-1,0,-15.644232361912145,-1,58.884528670580494
wec,Le Mans 24 2026,splash_and_dash,HYPERCAR,5,282891,HYPERCAR-17,5,5,377,86170.70009862781,36,2399.2625711103233,492.8,42,0,0,42.600988424164825,1,18.25913426672423
wec,Le Mans 24 2026,lap_down,HYPERCAR,5,282891,HYPERCAR-17,6,6,377,86221.37092206816,35,2420.0880553770476,500.8,42,-1,0,-8.069835016183788,0,-2.5663500000000568
wec,Le Mans 24 2026,agent,HYPERCAR,5,282891,HYPERCAR-17,7,7,377,86269.16081035737,37,2438.0236530342327,565.6,44,-2,0,-55.85972330538789,2,-20.501947657185156
wec,Le Mans 24 2026,fuel_window,HYPERCAR,5,426921,HYPERCAR-16,6,6,393,86380.9966623447,37,2610.8269634567514,528.8000000000001,12,0,0,0.0,0,0.0
wec,Le Mans 24 2026,caution_gambler,HYPERCAR,5,426921,HYPERCAR-16,6,6,393,86380.9966623447,37,2610.8269634567514,528.8000000000001,12,0,0,0.0,0,0.0
wec,Le Mans 24 2026,track_position,HYPERCAR,5,426921,HYPERCAR-16,6,6,393,86354.71383320563,36,2556.9839629068038,564.0,12,0,0,26.282829139061505,-1,53.84300054994765
wec,Le Mans 24 2026,splash_and_dash,HYPERCAR,5,426921,HYPERCAR-16,5,5,393,86368.3481119436,38,2603.317295795311,527.2,12,1,0,12.648550401092507,1,7.5096676614402895
wec,Le Mans 24 2026,lap_down,HYPERCAR,5,426921,HYPERCAR-16,6,6,393,86385.26411684336,36,2556.9839629068038,587.2,12,0,0,-4.2674544986657565,-1,53.84300054994765
wec,Le Mans 24 2026,agent,HYPERCAR,5,426921,HYPERCAR-16,2,2,394,86378.80285990772,37,2562.6309104567513,580.8000000000001,10,4,1,2.193802436973783,0,48.19605300000012
wec,Le Mans 24 2026,fuel_window,HYPERCAR,5,179355,HYPERCAR-17,1,1,392,86380.43783813012,37,2524.887795310908,591.2,17,0,0,0.0,0,0.0
wec,Le Mans 24 2026,caution_gambler,HYPERCAR,5,179355,HYPERCAR-17,3,3,392,86355.86071693926,38,2556.0263624261624,606.4000000000001,17,-2,0,24.577121190857724,1,-31.138567115254318
wec,Le Mans 24 2026,track_position,HYPERCAR,5,179355,HYPERCAR-17,1,1,392,86380.43783813012,37,2524.887795310908,591.2,17,0,0,0.0,0,0.0
wec,Le Mans 24 2026,splash_and_dash,HYPERCAR,5,179355,HYPERCAR-17,1,1,392,86361.32606758477,38,2511.7149075051666,588.8000000000001,17,0,0,19.111770545350737,1,13.172887805741539
wec,Le Mans 24 2026,lap_down,HYPERCAR,5,179355,HYPERCAR-17,1,1,392,86380.43783813012,37,2524.887795310908,591.2,17,0,0,0.0,0,0.0
wec,Le Mans 24 2026,agent,HYPERCAR,5,179355,HYPERCAR-17,1,1,392,86346.69735864294,37,2505.7428243109084,598.4000000000001,17,0,0,33.74047948718362,0,19.144970999999714
wec,Le Mans 24 2026,fuel_window,HYPERCAR,5,997746,HYPERCAR-02,9,9,387,86243.09588206695,37,2671.035510503602,588.0,23,0,0,0.0,0,0.0
wec,Le Mans 24 2026,caution_gambler,HYPERCAR,5,997746,HYPERCAR-02,9,9,387,86243.09588206695,37,2671.035510503602,588.0,23,0,0,0.0,0,0.0
wec,Le Mans 24 2026,track_position,HYPERCAR,5,997746,HYPERCAR-02,7,7,388,86413.56602690597,37,2650.504710503602,498.40000000000003,25,2,1,-170.47014483902603,0,20.5308
wec,Le Mans 24 2026,splash_and_dash,HYPERCAR,5,997746,HYPERCAR-02,7,7,388,86475.92462053607,37,2633.7424643377108,588.0,24,2,1,-232.82873846912116,0,37.293046165891155
wec,Le Mans 24 2026,lap_down,HYPERCAR,5,997746,HYPERCAR-02,6,6,388,86413.77733168623,37,2650.504710503602,508.00000000000006,25,3,1,-170.68144961928192,0,20.5308
wec,Le Mans 24 2026,agent,HYPERCAR,5,997746,HYPERCAR-02,10,10,387,86254.67867729468,41,2782.61148534909,550.4000000000001,24,-1,0,-11.582795227732277,4,-111.57597484548796
wec,Le Mans 24 2026,fuel_window,HYPERCAR,5,325950,HYPERCAR-07,8,8,383,86240.40919297069,36,2649.2167560583553,496.8,33,0,0,0.0,0,0.0
wec,Le Mans 24 2026,caution_gambler,HYPERCAR,5,325950,HYPERCAR-07,7,7,384,86357.56528954639,38,2706.0805147005526,493.6,33,1,1,-117.15609657569439,2,-56.863758642197354
wec,Le Mans 24 2026,track_position,HYPERCAR,5,325950,HYPERCAR-07,6,6,384,86386.95620918763,36,2648.600832058355,481.6,33,2,1,-146.54701621693675,0,0.6159240000001773
wec,Le Mans 24 2026,splash_and_dash,HYPERCAR,5,325950,HYPERCAR-07,7,7,383,86194.71165358982,36,2604.1347697733436,497.6,33,1,0,45.697539380867966,0,45.08198628501168
wec,Le Mans 24 2026,lap_down,HYPERCAR,5,325950,HYPERCAR-07,8,8,383,86240.40919297069,36,2649.2167560583553,496.8,33,0,0,0.0,0,0.0
wec,Le Mans 24 2026,agent,HYPERCAR,5,325950,HYPERCAR-07,9,9,383,86231.06891874457,42,2757.19071842197,596.8000000000001,33,-1,0,9.340274226124166,6,-107.97396236361465
wec,Le Mans 24 2026,fuel_window,HYPERCAR,5,859569,HYPERCAR-07,5,5,373,86320.62127072264,33,2451.94653928363,516.0,49,0,0,0.0,0,0.0
wec,Le Mans 24 2026,caution_gambler,HYPERCAR,5,859569,HYPERCAR-07,6,6,373,86311.10189218266,36,2535.9293058845155,535.2,49,-1,0,9.51937853997515,3,-83.9827666008855
wec,Le Mans 24 2026,track_position,HYPERCAR,5,859569,HYPERCAR-07,6,6,373,86307.36442709994,33,2450.30407528363,532.0,51,-1,0,13.256843622701126,0,1.6424640000000181
wec,Le Mans 24 2026,splash_and_dash,HYPERCAR,5,859569,HYPERCAR-07,4,4,373,86295.82002132361,34,2442.2380608982025,504.8,49,1,0,24.801249399024528,1,9.708478385427497
wec,Le Mans 24 2026,lap_down,HYPERCAR,5,859569,HYPERCAR-07,18,18,372,86347.70304181382,33,2447.73772528363,489.6,51,-13,-1,-27.08177109117969,0,4.208814000000075
wec,Le Mans 24 2026,agent,HYPERCAR,5,859569,HYPERCAR-07,9,9,373,86335.82228772696,35,2545.1982533788682,462.40000000000003,49,-4,0,-15.20101700432133,2,-93.25171409523819
wec,Le Mans 24 2026,fuel_window,HYPERCAR,5,665906,HYPERCAR-06,6,6,393,86195.8971621604,38,2789.4689186377946,574.4000000000001,12,0,0,0.0,0,0.0
wec,Le Mans 24 2026,caution_gambler,HYPERCAR,5,665906,HYPERCAR-06,6,6,393,86195.8971621604,38,2789.4689186377946,574.4000000000001,12,0,0,0.0,0,0.0
wec,Le Mans 24 2026,track_position,HYPERCAR,5,665906,HYPERCAR-06,6,6,393,86198.55380579847,38,2792.0352686377946,576.0,12,0,0,-2.6566436380671803,0,-2.5663500000000568
wec,Le Mans 24 2026,splash_and_dash,HYPERCAR,5,665906,HYPERCAR-06,6,6,394,86377.30897271157,39,2763.970246916182,575.2,12,0,1,-181.4118105511734,1,25.49867172161248
wec,Le Mans 24 2026,lap_down,HYPERCAR,5,665906,HYPERCAR-06,6,6,393,86195.8971621604,38,2789.4689186377946,574.4000000000001,12,0,0,0.0,0,0.0
wec,Le Mans 24 2026,agent,HYPERCAR,5,665906,HYPERCAR-06,3,3,394,86323.46733596284,38,2775.8672636377946,544.0,12,3,1,-127.57017380243633,0,13.601654999999937
wec,Le Mans 24 2026,fuel_window,HYPERCAR,5,605449,HYPERCAR-11,4,4,395,86191.00648207893,38,2530.2599096069575,636.0,9,0,0,0.0,0,0.0
wec,Le Mans 24 2026,caution_gambler,HYPERCAR,5,605449,HYPERCAR-11,4,4,395,86191.00648207893,38,2530.2599096069575,636.0,9,0,0,0.0,0,0.0
wec,Le Mans 24 2026,track_position,HYPERCAR,5,605449,HYPERCAR-11,4,4,396,86372.04092972266,37,2483.992440603428,655.2,9,0,1,-181.03444764373126,-1,46.26746900352964
wec,Le Mans 24 2026,splash_and_dash,HYPERCAR,5,605449,HYPERCAR-11,4,4,395,86153.54663895085,39,2531.199760409598,632.0,9,0,0,37.45984312807559,1,-0.9398508026406489
wec,Le Mans 24 2026,lap_down,HYPERCAR,5,605449,HYPERCAR-11,4,4,395,86191.00648207893,38,2530.2599096069575,636.0,9,0,0,0.0,0,0.0
wec,Le Mans 24 2026,agent,HYPERCAR,5,605449,HYPERCAR-11,4,4,395,86181.63145489796,38,2524.41067874647,629.6,9,0,0,9.375027180969482,0,5.849230860487751
wec,Le Mans 24 2026,fuel_window,HYPERCAR,5,701269,HYPERCAR-13,9,9,387,86360.69403493384,37,2525.7777588762315,456.8,28,0,0,0.0,0,0.0
wec,Le Mans 24 2026,caution_gambler,HYPERCAR,5,701269,HYPERCAR-13,9,9,387,86360.69403493384,37,2525.7777588762315,456.8,28,0,0,0.0,0,0.0
wec,Le Mans 24 2026,track_position,HYPERCAR,5,701269,HYPERCAR-13,7,7,387,86266.99570780776,36,2465.8858629895667,477.6,27,2,0,93.69832712608331,-1,59.89189588666477
wec,Le Mans 24 2026,splash_and_dash,HYPERCAR,5,701269,HYPERCAR-13,9,9,387,86374.53204377454,37,2486.3227428852624,453.6,29,0,0,-13.838008840699331,0,39.45501599096906
wec,Le Mans 24 2026,lap_down,HYPERCAR,5,701269,HYPERCAR-13,9,9,387,86360.69403493384,37,2525.7777588762315,456.8,28,0,0,0.0,0,0.0
wec,Le Mans 24 2026,agent,HYPERCAR,5,701269,HYPERCAR-13,7,7,387,86284.06189453753,37,2499.857623876231,486.40000000000003,28,2,0,76.63214039630839,0,25.9201350000003
wec,Le Mans 24 2026,fuel_window,HYPERCAR,5,92610,HYPERCAR-09,5,5,387,86437.66829348302,37,2502.3357312572034,571.2,31,0,0,0.0,0,0.0
wec,Le Mans 24 2026,caution_gambler,HYPERCAR,5,92610,HYPERCAR-09,1,1,387,86298.7336091515,38,2490.3973776018856,579.2,29,4,0,138.9346843315143,1,11.93835365531777
wec,Le Mans 24 2026,track_position,HYPERCAR,5,92610,HYPERCAR-09,1,1,387,86310.20321279319,36,2439.265794144675,543.2,30,4,0,127.46508068982803,-1,63.06993711252835
wec,Le Mans 24 2026,splash_and_dash,HYPERCAR,5,92610,HYPERCAR-09,4,4,387,86350.64019766403,37,2453.7626733531897,584.8000000000001,31,1,0,87.02809581898327,0,48.573057904013694
wec,Le Mans 24 2026,lap_down,HYPERCAR,5,92610,HYPERCAR-09,5,5,387,86437.66829348302,37,2502.3357312572034,571.2,31,0,0,0.0,0,0.0
wec,Le Mans 24 2026,agent,HYPERCAR,5,92610,HYPERCAR-09,1,1,387,86316.47944226507,36,2426.4853711446754,540.8000000000001,31,4,0,121.18885121794301,-1,75.85036011252805
wec,Le Mans 24 2026,fuel_window,HYPERCAR,5,11608,HYPERCAR-16,5,5,393,86383.01384596682,37,2582.8488689239384,550.4000000000001,14,0,0,0.0,0,0.0
wec,Le Mans 24 2026,caution_gambler,HYPERCAR,5,11608,HYPERCAR-16,5,5,393,86383.01384596682,37,2582.8488689239384,550.4000000000001,14,0,0,0.0,0,0.0
wec,Le Mans 24 2026,track_position,HYPERCAR,5,11608,HYPERCAR-16,5,5,393,86382.91733098304,37,2582.8488689239384,550.4000000000001,14,0,0,0.09651498378661927,0,0.0
wec,Le Mans 24 2026,splash_and_dash,HYPERCAR,5,11608,HYPERCAR-16,5,5,393,86385.66282904008,38,2584.5906230107985,555.2,14,0,0,-2.6489830732607516,1,-1.7417540868600554
wec,Le Mans 24 2026,lap_down,HYPERCAR,5,11608,HYPERCAR-16,5,5,393,86383.01384596682,37,2582.8488689239384,550.4000000000001,14,0,0,0.0,0,0.0
wec,Le Mans 24 2026,agent,HYPERCAR,5,11608,HYPERCAR-16,5,5,393,86382.74834629345,37,2566.6808639239384,552.8000000000001,14,0,0,0.2654996733763255,0,16.168004999999994
wec,Le Mans 24 2026,fuel_window,HYPERCAR,5,932750,HYPERCAR-01,3,3,386,86247.30650791094,35,2431.326366537594,502.40000000000003,27,0,0,0.0,0,0.0
wec,Le Mans 24 2026,caution_gambler,HYPERCAR,5,932750,HYPERCAR-01,8,8,385,86222.19098596928,37,2504.6960565438744,574.4000000000001,26,-5,-1,25.11552194165415,2,-73.3696900062805
wec,Le Mans 24 2026,track_position,HYPERCAR,5,932750,HYPERCAR-01,3,3,386,86364.67529208094,34,2380.6342344655,540.8000000000001,27,0,0,-117.36878417000116,-1,50.692132072093955
wec,Le Mans 24 2026,splash_and_dash,HYPERCAR,5,932750,HYPERCAR-01,3,3,386,86214.4757894621,35,2395.7267542804548,508.00000000000006,27,0,0,32.830718448836706,0,35.59961225713914
wec,Le Mans 24 2026,lap_down,HYPERCAR,5,932750,HYPERCAR-01,3,3,386,86247.30650791094,35,2431.326366537594,502.40000000000003,27,0,0,0.0,0,0.0
wec,Le Mans 24 2026,agent,HYPERCAR,5,932750,HYPERCAR-01,5,5,386,86354.1295301573,37,2489.6572455438745,561.6,25,-2,0,-106.82302224636078,2,-58.33087900628061
wec,Le Mans 24 2026,fuel_window,HYPERCAR,5,778482,HYPERCAR-12,3,3,386,86245.53966890876,37,2563.9508661744135,540.8000000000001,25,0,0,0.0,0,0.0
wec,Le Mans 24 2026,caution_gambler,HYPERCAR,5,778482,HYPERCAR-12,7,7,386,86237.826529182,38,2566.2182590652114,588.0,25,-4,0,7.713139726765803,1,-2.2673928907979644
wec,Le Mans 24 2026,track_position,HYPERCAR,5,778482,HYPERCAR-12,7,7,386,86222.28521585147,36,2529.549854994175,564.8000000000001,25,-4,0,23.254453057292267,-1,34.401011180238584
wec,Le Mans 24 2026,splash_and_dash,HYPERCAR,5,778482,HYPERCAR-12,3,3,386,86214.15607718372,37,2530.9522689150417,545.6,25,0,0,31.383591725039878,0,32.99859725937176
wec,Le Mans 24 2026,lap_down,HYPERCAR,5,778482,HYPERCAR-12,6,6,386,86200.14258914167,36,2529.549854994175,542.4000000000001,25,-3,0,45.39707976709178,-1,34.401011180238584
wec,Le Mans 24 2026,agent,HYPERCAR,5,778482,HYPERCAR-12,3,3,387,86336.76616744013,40,2542.774640889198,544.8000000000001,25,0,1,-91.22649853136681,3,21.176225285215423
wec,Le Mans 24 2026,fuel_window,HYPERCAR,5,451257,HYPERCAR-17,9,9,382,86358.7559570599,36,2642.356748621282,543.2,37,0,0,0.0,0,0.0
wec,Le Mans 24 2026,caution_gambler,HYPERCAR,5,451257,HYPERCAR-17,4,4,382,86306.98547964367,36,2610.841970621282,534.4000000000001,37,5,0,51.77047741622664,0,31.51477799999975
wec,Le Mans 24 2026,track_position,HYPERCAR,5,451257,HYPERCAR-17,11,11,381,86270.17346027,35,2607.9701609208782,592.0,37,-2,-1,88.58249678989523,-1,34.38658770040365
wec,Le Mans 24 2026,splash_and_dash,HYPERCAR,5,451257,HYPERCAR-17,7,7,382,86337.59065098315,37,2626.9973471073677,540.0,37,2,0,21.165306076742127,1,15.359401513914236
wec,Le Mans 24 2026,lap_down,HYPERCAR,5,451257,HYPERCAR-17,9,9,382,86358.7559570599,36,2642.356748621282,543.2,37,0,0,0.0,0,0.0
wec,Le Mans 24 2026,agent,HYPERCAR,5,451257,HYPERCAR-17,6,6,382,86275.0692781851,36,2593.904060621282,580.8000000000001,37,3,0,83.68667887480115,0,48.45268799999985
wec,Le Mans 24 2026,fuel_window,HYPERCAR,5,853476,HYPERCAR-13,3,3,378,86230.84642009767,35,2542.5000318950897,532.0,38,0,0,0.0,0,0.0
wec,Le Mans 24 2026,caution_gambler,HYPERCAR,5,853476,HYPERCAR-13,4,4,378,86256.9655778363,37,2585.970547449699,533.6,39,-1,0,-26.119157738619833,2,-43.47051555460939
wec,Le Mans 24 2026,track_position,HYPERCAR,5,853476,HYPERCAR-13,8,8,378,86334.55645314201,35,2545.0663818950898,524.8000000000001,38,-5,0,-103.71003304433543,0,-2.5663500000000568
wec,Le Mans 24 2026,splash_and_dash,HYPERCAR,5,853476,HYPERCAR-13,2,2,378,86189.06324075916,35,2497.3324056524452,536.8000000000001,38,1,0,41.78317933851213,0,45.167626242644474
wec,Le Mans 24 2026,lap_down,HYPERCAR,5,853476,HYPERCAR-13,9,9,378,86369.33844870079,35,2544.03984189509,569.6,39,-6,0,-138.49202860311198,0,-1.539810000000216
wec,Le Mans 24 2026,agent,HYPERCAR,5,853476,HYPERCAR-13,5,5,378,86306.3921093227,40,2544.6573649778916,555.2,39,-2,0,-75.54568922502222,5,-2.1573330828018698
wec,Le Mans 24 2026,fuel_window,HYPERCAR,5,240352,HYPERCAR-16,7,7,398,86269.69307197639,39,2946.142878831305,680.0,0,0,0,0.0,0,0.0
wec,Le Mans 24 2026,caution_gambler,HYPERCAR,5,240352,HYPERCAR-16,7,7,398,86269.69307197639,39,2946.142878831305,680.0,0,0,0,0.0,0,0.0
wec,Le Mans 24 2026,track_position,HYPERCAR,5,240352,HYPERCAR-16,7,7,398,86269.69307197639,39,2946.142878831305,680.0,0,0,0,0.0,0,0.0
wec,Le Mans 24 2026,splash_and_dash,HYPERCAR,5,240352,HYPERCAR-16,7,7,398,86254.96728906452,40,2933.8020903850993,680.8000000000001,0,0,0,14.725782911875285,1,12.340788446205806
wec,Le Mans 24 2026,lap_down,HYPERCAR,5,240352,HYPERCAR-16,7,7,398,86269.69307197639,39,2946.142878831305,680.0,0,0,0,0.0,0,0.0
wec,Le Mans 24 2026,agent,HYPERCAR,5,240352,HYPERCAR-16,7,7,398,86269.69307197639,39,2946.142878831305,680.0,0,0,0,0.0,0,0.0
wec,Le Mans 24 2026,fuel_window,HYPERCAR,5,301993,HYPERCAR-02,5,5,376,86339.15972979994,35,2494.5274737356385,513.6,44,0,0,0.0,0,0.0
wec,Le Mans 24 2026,caution_gambler,HYPERCAR,5,301993,HYPERCAR-02,3,3,376,86297.47106474255,37,2544.81580754518,516.0,44,2,0,41.68866505738697,2,-50.288333809541655
wec,Le Mans 24 2026,track_position,HYPERCAR,5,301993,HYPERCAR-02,6,6,375,86244.93482465281,34,2415.3243261931566,522.4000000000001,45,-1,-1,94.2249051471299,-1,79.20314754248193
wec,Le Mans 24 2026,splash_and_dash,HYPERCAR,5,301993,HYPERCAR-02,3,3,376,86307.81219343029,35,2463.179937365982,513.6,44,2,0,31.34753636964888,0,31.34753636965661
wec,Le Mans 24 2026,lap_down,HYPERCAR,5,301993,HYPERCAR-02,5,5,376,86312.99108603557,34,2414.2977861931563,522.4000000000001,47,0,0,26.168643764365697,-1,80.22968754248222
wec,Le Mans 24 2026,agent,HYPERCAR,5,301993,HYPERCAR-02,9,9,375,86246.36986277532,36,2462.2682749087853,535.2,46,-4,-1,92.78986702462134,1,32.25919882685321
wec,Le Mans 24 2026,fuel_window,HYPERCAR,5,558377,HYPERCAR-06,3,3,388,86216.07056904395,36,2455.4314955797663,519.2,22,0,0,0.0,0,0.0
wec,Le Mans 24 2026,caution_gambler,HYPERCAR,5,558377,HYPERCAR-06,4,4,388,86281.1399388368,37,2460.490134912345,560.8000000000001,22,-1,0,-65.06936979285092,1,-5.058639332578878
wec,Le Mans 24 2026,track_position,HYPERCAR,5,558377,HYPERCAR-06,5,5,388,86270.52864493705,36,2452.8651455797662,551.2,22,-2,0,-54.458075893096975,0,2.5663500000000568
wec,Le Mans 24 2026,splash_and_dash,HYPERCAR,5,558377,HYPERCAR-06,1,1,388,86173.9076151335,37,2445.6550494089242,509.6,22,2,0,42.16295391044696,1,9.776446170842064
wec,Le Mans 24 2026,lap_down,HYPERCAR,5,558377,HYPERCAR-06,3,3,388,86216.07056904395,36,2455.4314955797663,519.2,22,0,0,0.0,0,0.0
wec,Le Mans 24 2026,agent,HYPERCAR,5,558377,HYPERCAR-06,1,1,388,86225.79554011929,43,2610.9269178744544,565.6,21,2,0,-9.724971075338544,7,-155.49542229468807
wec,Le Mans 24 2026,fuel_window,HYPERCAR,5,752688,HYPERCAR-08,12,12,391,86372.46841042594,37,2785.7343553193127,628.8000000000001,16,0,0,0.0,0,0.0
wec,Le Mans 24 2026,caution_gambler,HYPERCAR,5,752688,HYPERCAR-08,12,12,391,86372.46841042594,37,2785.7343553193127,628.8000000000001,16,0,0,0.0,0,0.0
wec,Le Mans 24 2026,track_position,HYPERCAR,5,752688,HYPERCAR-08,7,7,391,86201.39748292217,37,2770.2281319296103,602.4000000000001,15,5,0,171.07092750376614,0,15.506223389702427
wec,Le Mans 24 2026,splash_and_dash,HYPERCAR,5,752688,HYPERCAR-08,10,10,391,86348.37886567568,38,2770.4298050347466,623.2,16,2,0,24.0895447502553,1,15.304550284566176
wec,Le Mans 24 2026,lap_down,HYPERCAR,5,752688,HYPERCAR-08,12,12,391,86372.46841042594,37,2785.7343553193127,628.8000000000001,16,0,0,0.0,0,0.0
wec,Le Mans 24 2026,agent,HYPERCAR,5,752688,HYPERCAR-08,7,7,391,86201.39748292217,37,2770.2281319296103,602.4000000000001,15,5,0,171.07092750376614,0,15.506223389702427
wec,Le Mans 24 2026,fuel_window,HYPERCAR,5,522452,HYPERCAR-16,2,2,395,86326.59209091232,38,2516.1899823411813,572.8000000000001,11,0,0,0.0,0,0.0
wec,Le Mans 24 2026,caution_gambler,HYPERCAR,5,522452,HYPERCAR-16,1,1,395,86248.4011452976,38,2496.1724523411813,612.0,11,1,0,78.19094561472593,0,20.01753000000008
wec,Le Mans 24 2026,track_position,HYPERCAR,5,522452,HYPERCAR-16,5,5,394,86231.51766191483,38,2513.007708341181,664.0,10,-3,-1,95.07442899749731,0,3.182274000000234
wec,Le Mans 24 2026,splash_and_dash,HYPERCAR,5,522452,HYPERCAR-16,2,2,395,86315.6570338262,38,2496.896162802517,566.4000000000001,11,0,0,10.935057086127927,0,19.29381953866414
wec,Le Mans 24 2026,lap_down,HYPERCAR,5,522452,HYPERCAR-16,5,5,394,86231.9291888002,38,2516.1899823411813,657.6,10,-3,-1,94.6629021121189,0,0.0
wec,Le Mans 24 2026,agent,HYPERCAR,5,522452,HYPERCAR-16,1,1,395,86267.50500922221,38,2476.7823675078284,643.2,11,1,0,59.087081690115156,0,39.40761483335291
wec,Le Mans 24 2026,fuel_window,HYPERCAR,5,953217,HYPERCAR-16,3,3,396,86305.933301244,38,2676.1950027584476,535.2,9,0,0,0.0,0,0.0
wec,Le Mans 24 2026,caution_gambler,HYPERCAR,5,953217,HYPERCAR-16,3,3,396,86319.6532569385,39,2717.121881867862,544.8000000000001,9,0,0,-13.719955694497912,1,-40.926879109414585
wec,Le Mans 24 2026,track_position,HYPERCAR,5,953217,HYPERCAR-16,3,3,396,86277.31850643974,38,2676.1950027584476,556.8000000000001,9,0,0,28.61479480426351,0,0.0
wec,Le Mans 24 2026,splash_and_dash,HYPERCAR,5,953217,HYPERCAR-16,3,3,396,86284.71244620992,39,2664.11303046399,529.6,9,0,0,21.220855034087435,1,12.0819722944575
wec,Le Mans 24 2026,lap_down,HYPERCAR,5,953217,HYPERCAR-16,3,3,396,86312.87592795395,38,2676.1950027584476,542.4000000000001,9,0,0,-6.942626709947945,0,0.0
wec,Le Mans 24 2026,agent,HYPERCAR,5,953217,HYPERCAR-16,3,3,396,86293.06113314955,38,2676.1950027584476,572.8000000000001,9,0,0,12.872168094458175,0,0.0
wec,Le Mans 24 2026,fuel_window,HYPERCAR,5,312004,HYPERCAR-03,10,10,380,86219.1229784055,34,2541.64349670474,478.40000000000003,35,0,0,0.0,0,0.0
wec,Le Mans 24 2026,caution_gambler,HYPERCAR,5,312004,HYPERCAR-03,6,6,381,86219.73824632133,35,2572.893081154684,463.20000000000005,36,4,1,-0.6152679158258252,1,-31.249584449943995
wec,Le Mans 24 2026,track_position,HYPERCAR,5,312004,HYPERCAR-03,14,14,380,86364.67075374047,34,2537.0240667047397,476.00000000000006,37,-4,0,-145.54777533496963,0,4.619430000000193
wec,Le Mans 24 2026,splash_and_dash,HYPERCAR,5,312004,HYPERCAR-03,10,10,380,86176.73140868242,34,2508.8369214472964,472.00000000000006,35,0,0,42.3915697230841,0,32.806575257443455
wec,Le Mans 24 2026,lap_down,HYPERCAR,5,312004,HYPERCAR-03,10,10,380,86219.1229784055,34,2541.64349670474,478.40000000000003,35,0,0,0.0,0,0.0
wec,Le Mans 24 2026,agent,HYPERCAR,5,312004,HYPERCAR-03,8,8,381,86235.13030454592,42,2727.489881555763,468.00000000000006,36,2,1,-16.007326140417717,8,-185.84638485102323
wec,Le Mans 24 2026,fuel_window,HYPERCAR,5,827861,HYPERCAR-03,6,6,383,86355.6565085869,35,2547.322084506119,437.6,30,0,0,0.0,0,0.0
wec,Le Mans 24 2026,caution_gambler,HYPERCAR,5,827861,HYPERCAR-03,6,6,383,86364.3355848719,36,2566.812896676448,448.8,30,0,0,-8.67907628499961,1,-19.49081217032881
wec,Le Mans 24 2026,track_position,HYPERCAR,5,827861,HYPERCAR-03,4,4,383,86334.94032646736,35,2524.019626506119,431.20000000000005,30,2,0,20.716182119533187,0,23.302458000000115
wec,Le Mans 24 2026,splash_and_dash,HYPERCAR,5,827861,HYPERCAR-03,6,6,383,86337.036042208,36,2534.640500866872,435.20000000000005,30,0,0,18.6204663788958,1,12.681583639247037
wec,Le Mans 24 2026,lap_down,HYPERCAR,5,827861,HYPERCAR-03,6,6,383,86355.6565085869,35,2547.322084506119,437.6,30,0,0,0.0,0,0.0
wec,Le Mans 24 2026,agent,HYPERCAR,5,827861,HYPERCAR-03,10,10,382,86247.31749642552,41,2639.8606183895663,587.2,31,-4,-1,108.33901216137747,6,-92.53853388344714
wec,Le Mans 24 2026,fuel_window,HYPERCAR,5,785263,HYPERCAR-03,9,9,390,86319.26307869806,36,2685.397721721798,576.8000000000001,18,0,0,0.0,0,0.0
wec,Le Mans 24 2026,caution_gambler,HYPERCAR,5,785263,HYPERCAR-03,8,8,390,86361.68693983043,37,2724.154009921003,630.4000000000001,19,1,0,-42.423861132367165,1,-38.756288199204846
wec,Le Mans 24 2026,track_position,HYPERCAR,5,785263,HYPERCAR-03,11,11,389,86243.50977174826,36,2711.061221721798,648.0,20,-2,-1,75.75330694980221,0,-25.663500000000113
wec,Le Mans 24 2026,splash_and_dash,HYPERCAR,5,785263,HYPERCAR-03,8,8,390,86304.28254841568,37,2676.0021859050785,574.4000000000001,18,1,0,14.980530282380641,1,9.39553581671953
wec,Le Mans 24 2026,lap_down,HYPERCAR,5,785263,HYPERCAR-03,10,10,389,86221.41961997119,36,2710.0346817217983,628.8000000000001,20,-1,-1,97.84345872687118,0,-24.636960000000272
wec,Le Mans 24 2026,agent,HYPERCAR,5,785263,HYPERCAR-03,11,11,389,86243.50977174826,36,2711.061221721798,648.0,20,-2,-1,75.75330694980221,0,-25.663500000000113
wec,Le Mans 24 2026,fuel_window,HYPERCAR,5,488627,HYPERCAR-06,8,8,390,86185.32075012033,36,2537.9642038162665,533.6,17,0,0,0.0,0,0.0
wec,Le Mans 24 2026,caution_gambler,HYPERCAR,5,488627,HYPERCAR-06,2,2,391,86228.07448368023,38,2592.934444700585,522.4000000000001,16,6,1,-42.753733559904504,2,-54.97024088431863
wec,Le Mans 24 2026,track_position,HYPERCAR,5,488627,HYPERCAR-06,7,7,391,86374.66944555719,36,2540.5305538162665,532.0,17,1,1,-189.34869543685636,0,-2.5663500000000568
wec,Le Mans 24 2026,splash_and_dash,HYPERCAR,5,488627,HYPERCAR-06,6,6,391,86376.36575308142,37,2529.5562771895225,531.2,17,2,1,-191.04500296109472,1,8.407926626744029
wec,Le Mans 24 2026,lap_down,HYPERCAR,5,488627,HYPERCAR-06,8,8,390,86185.32075012033,36,2537.9642038162665,533.6,17,0,0,0.0,0,0.0
wec,Le Mans 24 2026,agent,HYPERCAR,5,488627,HYPERCAR-06,4,4,391,86288.63984147135,37,2530.6149754914477,481.6,16,4,1,-103.31909135101887,1,7.349228324818796
wec,Le Mans 24 2026,fuel_window,HYPERCAR,5,911202,HYPERCAR-09,5,5,377,86180.64625565891,35,2368.7130308844044,484.00000000000006,43,0,0,0.0,0,0.0
wec,Le Mans 24 2026,caution_gambler,HYPERCAR,5,911202,HYPERCAR-09,5,5,378,86348.36186466122,36,2337.6193299266697,561.6,47,0,1,-167.71560900230543,1,31.093700957734654
wec,Le Mans 24 2026,track_position,HYPERCAR,5,911202,HYPERCAR-09,5,5,377,86179.88391901382,35,2371.2793808844044,480.8,43,0,0,0.7623366450861795,0,-2.5663500000000568
wec,Le Mans 24 2026,splash_and_dash,HYPERCAR,5,911202,HYPERCAR-09,4,4,378,86358.28955828297,36,2341.013766919203,482.40000000000003,43,1,1,-177.64330262405565,1,27.699263965201226
wec,Le Mans 24 2026,lap_down,HYPERCAR,5,911202,HYPERCAR-09,5,5,377,86180.64625565891,35,2368.7130308844044,484.00000000000006,43,0,0,0.0,0,0.0
wec,Le Mans 24 2026,agent,HYPERCAR,5,911202,HYPERCAR-09,1,1,378,86279.0703753018,40,2356.8961510776403,521.6,42,4,1,-98.42411964289204,5,11.816879806764064
wec,Le Mans 24 2026,fuel_window,HYPERCAR,5,120727,HYPERCAR-17,9,9,382,86415.51286283787,36,2495.174856678744,470.40000000000003,32,0,0,0.0,0,0.0
wec,Le Mans 24 2026,caution_gambler,HYPERCAR,5,120727,HYPERCAR-17,4,4,382,86251.67343538487,36,2518.272006678744,456.8,31,5,0,163.8394274530001,0,-23.097150000000056
wec,Le Mans 24 2026,track_position,HYPERCAR,5,120727,HYPERCAR-17,2,2,383,86267.4224353944,35,2465.7528929591726,486.40000000000003,32,7,1,148.09042744347244,-1,29.421963719571522
wec,Le Mans 24 2026,splash_and_dash,HYPERCAR,5,120727,HYPERCAR-17,9,9,382,86415.51286283787,36,2495.174856678744,470.40000000000003,32,0,0,0.0,0,0.0
wec,Le Mans 24 2026,lap_down,HYPERCAR,5,120727,HYPERCAR-17,9,9,382,86415.51286283787,36,2495.174856678744,470.40000000000003,32,0,0,0.0,0,0.0
wec,Le Mans 24 2026,agent,HYPERCAR,5,120727,HYPERCAR-17,5,5,382,86300.04806972583,41,2598.0417434515693,496.80000000000007,32,4,0,115.46479311204166,5,-102.86688677282518
wec,Le Mans 24 2026,fuel_window,HYPERCAR,5,439035,HYPERCAR-07,2,2,387,86182.55798430106,37,2743.414730664077,518.4000000000001,22,0,0,0.0,0,0.0
wec,Le Mans 24 2026,caution_gambler,HYPERCAR,5,439035,HYPERCAR-07,2,2,387,86200.90994234057,38,2766.726616888016,520.8000000000001,22,0,0,-18.351958039507736,1,-23.311886223938927
wec,Le Mans 24 2026,track_position,HYPERCAR,5,439035,HYPERCAR-07,6,6,387,86286.88900783696,36,2722.4490433123724,525.6,23,-4,0,-104.33102353589493,-1,20.965687351704673
wec,Le Mans 24 2026,splash_and_dash,HYPERCAR,5,439035,HYPERCAR-07,2,2,388,86381.39108418374,38,2738.9533140736703,517.6,22,0,1,-198.83309988267138,1,4.46141659040677
wec,Le Mans 24 2026,lap_down,HYPERCAR,5,439035,HYPERCAR-07,2,2,387,86182.55798430106,37,2743.414730664077,518.4000000000001,22,0,0,0.0,0,0.0
wec,Le Mans 24 2026,agent,HYPERCAR,5,439035,HYPERCAR-07,7,7,387,86341.80723661828,38,2661.1627034434296,527.2,26,-5,0,-159.24925231721136,1,82.2520272206475
wec,Le Mans 24 2026,fuel_window,HYPERCAR,5,116597,HYPERCAR-15,5,5,388,86176.86161944628,38,2668.0579360502734,557.6,20,0,0,0.0,0,0.0
wec,Le Mans 24 2026,caution_gambler,HYPERCAR,5,116597,HYPERCAR-15,7,7,388,86313.00362078799,39,2714.992706542467,567.2,21,-2,0,-136.14200134170824,1,-46.93477049219382
wec,Le Mans 24 2026,track_position,HYPERCAR,5,116597,HYPERCAR-15,5,5,388,86203.88868685653,37,2569.6250929533594,596.0,21,0,0,-27.02706741025031,-1,98.43284309691398
wec,Le Mans 24 2026,splash_and_dash,HYPERCAR,5,116597,HYPERCAR-15,5,5,389,86373.6671111993,39,2653.8074249250712,559.2,20,0,1,-196.8054917530244,1,14.250511125202138
wec,Le Mans 24 2026,lap_down,HYPERCAR,5,116597,HYPERCAR-15,5,5,388,86285.51709750484,38,2691.2577400502737,569.6,21,0,0,-108.65547805855749,0,-23.199804000000313
wec,Le Mans 24 2026,agent,HYPERCAR,5,116597,HYPERCAR-15,4,4,388,86165.55567262447,38,2665.5620889131937,588.8000000000001,20,1,0,11.30594682181254,0,2.495847137079636
wec,Le Mans 24 2026,fuel_window,HYPERCAR,5,128523,HYPERCAR-01,3,3,363,86202.8223058498,32,2352.803615983508,419.20000000000005,69,0,0,0.0,0,0.0
wec,Le Mans 24 2026,caution_gambler,HYPERCAR,5,128523,HYPERCAR-01,2,2,363,86194.42304542848,35,2479.3635848405556,422.40000000000003,72,1,0,8.399260421312647,3,-126.5599688570478
wec,Le Mans 24 2026,track_position,HYPERCAR,5,128523,HYPERCAR-01,5,5,363,86216.43773223484,32,2373.745031983508,439.20000000000005,67,-2,0,-13.615426385047613,0,-20.941416000000117
wec,Le Mans 24 2026,splash_and_dash,HYPERCAR,5,128523,HYPERCAR-01,2,2,363,86172.6267447244,33,2342.0460157556086,424.8,69,1,0,30.195561125394306,1,10.757600227899275
wec,Le Mans 24 2026,lap_down,HYPERCAR,5,128523,HYPERCAR-01,14,14,362,86216.65339338545,32,2371.9999139835077,468.8,72,-11,-1,-13.83108753565466,0,-19.196297999999842
wec,Le Mans 24 2026,agent,HYPERCAR,5,128523,HYPERCAR-01,4,4,363,86230.15546788239,34,2355.6235844628177,442.40000000000003,70,-1,0,-27.333162032591645,2,-2.819968479309864
wec,Le Mans 24 2026,fuel_window,HYPERCAR,5,979592,HYPERCAR-09,12,12,392,86187.80001236856,38,2737.1376029008607,552.8000000000001,13,0,0,0.0,0,0.0
wec,Le Mans 24 2026,caution_gambler,HYPERCAR,5,979592,HYPERCAR-09,12,12,392,86187.80001236856,38,2737.1376029008607,552.8000000000001,13,0,0,0.0,0,0.0
wec,Le Mans 24 2026,track_position,HYPERCAR,5,979592,HYPERCAR-09,9,9,393,86365.79312592342,38,2739.7039529008603,542.4000000000001,13,3,1,-177.99311355485406,0,-2.566349999999602
wec,Le Mans 24 2026,splash_and_dash,HYPERCAR,5,979592,HYPERCAR-09,9,9,393,86367.68742482287,39,2714.2525661670234,548.8000000000001,13,3,1,-179.8874124543072,1,22.885036733837296
wec,Le Mans 24 2026,lap_down,HYPERCAR,5,979592,HYPERCAR-09,12,12,392,86262.78587179915,38,2738.1641429008605,585.6,12,0,0,-74.98585943058424,0,-1.0265399999998408
wec,Le Mans 24 2026,agent,HYPERCAR,5,979592,HYPERCAR-09,9,9,393,86365.79312592342,38,2739.7039529008603,542.4000000000001,13,3,1,-177.99311355485406,0,-2.566349999999602
wec,Le Mans 24 2026,fuel_window,HYPERCAR,5,124739,HYPERCAR-11,2,2,393,86237.43904983383,38,2594.3834694555803,539.2,12,0,0,0.0,0,0.0
wec,Le Mans 24 2026,caution_gambler,HYPERCAR,5,124739,HYPERCAR-11,3,3,393,86364.79883741758,38,2593.4595834555803,598.4000000000001,11,-1,0,-127.35978758374404,0,0.9238860000000386
wec,Le Mans 24 2026,track_position,HYPERCAR,5,124739,HYPERCAR-11,2,2,393,86237.43904983383,38,2594.3834694555803,539.2,12,0,0,0.0,0,0.0
wec,Le Mans 24 2026,splash_and_dash,HYPERCAR,5,124739,HYPERCAR-11,2,2,393,86245.83513288056,39,2605.96454696798,539.2,12,0,0,-8.396083046725835,1,-11.581077512399588
wec,Le Mans 24 2026,lap_down,HYPERCAR,5,124739,HYPERCAR-11,2,2,393,86237.43904983383,38,2594.3834694555803,539.2,12,0,0,0.0,0,0.0
wec,Le Mans 24 2026,agent,HYPERCAR,5,124739,HYPERCAR-11,3,3,393,86263.05766665956,40,2673.3651533719885,498.40000000000003,10,-1,0,-25.61861682572635,2,-78.9816839164082
wec,Le Mans 24 2026,fuel_window,HYPERCAR,5,747768,HYPERCAR-14,1,1,395,86208.20390671348,39,2734.667807152644,526.4000000000001,8,0,0,0.0,0,0.0
wec,Le Mans 24 2026,caution_gambler,HYPERCAR,5,747768,HYPERCAR-14,1,1,395,86208.20390671348,39,2734.667807152644,526.4000000000001,8,0,0,0.0,0,0.0
wec,Le Mans 24 2026,track_position,HYPERCAR,5,747768,HYPERCAR-14,3,3,395,86272.30566370557,37,2653.3651907630506,608.0,9,-2,0,-64.10175699209503,-2,81.30261638959337
wec,Le Mans 24 2026,splash_and_dash,HYPERCAR,5,747768,HYPERCAR-14,1,1,395,86174.9458934394,40,2722.3594453417213,531.2,8,0,0,33.258013274069526,1,12.308361810922634
wec,Le Mans 24 2026,lap_down,HYPERCAR,5,747768,HYPERCAR-14,1,1,395,86208.20390671348,39,2734.667807152644,526.4000000000001,8,0,0,0.0,0,0.0
wec,Le Mans 24 2026,agent,HYPERCAR,5,747768,HYPERCAR-14,3,3,395,86272.30566370557,37,2653.3651907630506,608.0,9,-2,0,-64.10175699209503,-2,81.30261638959337
wec,Le Mans 24 2026,fuel_window,HYPERCAR,5,428269,HYPERCAR-09,14,14,380,86294.41017566144,35,2563.4066853691306,575.2,34,0,0,0.0,0,0.0
wec,Le Mans 24 2026,caution_gambler,HYPERCAR,5,428269,HYPERCAR-09,11,11,381,86351.48535039718,36,2617.1956306278266,568.0,33,3,1,-57.07517473574262,1,-53.788945258696
wec,Le Mans 24 2026,track_position,HYPERCAR,5,428269,HYPERCAR-09,10,10,381,86203.3883861342,35,2569.0526553691307,547.2,32,4,1,91.02178952723625,0,-5.645970000000034
wec,Le Mans 24 2026,splash_and_dash,HYPERCAR,5,428269,HYPERCAR-09,14,14,380,86309.01813212919,36,2569.9996363025657,586.4000000000001,34,0,0,-14.607956467749318,1,-6.592950933435077
wec,Le Mans 24 2026,lap_down,HYPERCAR,5,428269,HYPERCAR-09,14,14,380,86294.41017566144,35,2563.4066853691306,575.2,34,0,0,0.0,0,0.0
wec,Le Mans 24 2026,agent,HYPERCAR,5,428269,HYPERCAR-09,8,8,381,86244.18494458601,37,2638.3638639721325,536.8000000000001,33,6,1,50.225231075426564,2,-74.95717860300192
wec,Le Mans 24 2026,fuel_window,HYPERCAR,5,222577,HYPERCAR-03,8,8,389,86199.49119215422,37,2761.59818848984,448.00000000000006,18,0,0,0.0,0,0.0
wec,Le Mans 24 2026,caution_gambler,HYPERCAR,5,222577,HYPERCAR-03,8,8,389,86199.49119215422,37,2761.59818848984,448.00000000000006,18,0,0,0.0,0,0.0
wec,Le Mans 24 2026,track_position,HYPERCAR,5,222577,HYPERCAR-03,10,10,389,86262.59714505832,37,2756.97875848984,493.6,20,-2,0,-63.10595290409401,0,4.619430000000193
wec,Le Mans 24 2026,splash_and_dash,HYPERCAR,5,222577,HYPERCAR-03,8,8,389,86162.17518479134,38,2768.404086033696,448.00000000000006,18,0,0,37.316007362882374,1,-6.805897543855735
wec,Le Mans 24 2026,lap_down,HYPERCAR,5,222577,HYPERCAR-03,8,8,389,86199.49119215422,37,2761.59818848984,448.00000000000006,18,0,0,0.0,0,0.0
wec,Le Mans 24 2026,agent,HYPERCAR,5,222577,HYPERCAR-03,1,1,390,86179.64186368488,38,2801.5446046570405,449.6,18,7,1,19.849328469339525,1,-39.94641616720037
wec,Le Mans 24 2026,fuel_window,HYPERCAR,5,786581,HYPERCAR-08,7,7,391,86383.05630801784,37,2586.4601379595015,509.6,21,0,0,0.0,0,0.0
wec,Le Mans 24 2026,caution_gambler,HYPERCAR,5,786581,HYPERCAR-08,7,7,391,86383.05630801784,37,2586.4601379595015,509.6,21,0,0,0.0,0,0.0
wec,Le Mans 24 2026,track_position,HYPERCAR,5,786581,HYPERCAR-08,7,7,391,86380.35548869497,37,2566.0319919595013,526.4000000000001,21,0,0,2.700819322868483,0,20.428146000000197
wec,Le Mans 24 2026,splash_and_dash,HYPERCAR,5,786581,HYPERCAR-08,6,6,391,86350.39555058576,38,2566.2261951873925,499.20000000000005,21,1,0,32.66075743208057,1,20.233942772109003
wec,Le Mans 24 2026,lap_down,HYPERCAR,5,786581,HYPERCAR-08,7,7,391,86382.32614303402,37,2589.0264879595015,506.40000000000003,21,0,0,0.7301649838191224,0,-2.5663500000000568
wec,Le Mans 24 2026,agent,HYPERCAR,5,786581,HYPERCAR-08,9,9,390,86321.26824735453,39,2605.0614956878876,574.4000000000001,19,-2,-1,61.788060663311626,2,-18.60135772838612
wec,Le Mans 24 2026,fuel_window,HYPERCAR,5,702880,HYPERCAR-05,8,8,372,86258.31029000964,34,2396.335941753506,491.20000000000005,50,0,0,0.0,0,0.0
wec,Le Mans 24 2026,caution_gambler,HYPERCAR,5,702880,HYPERCAR-05,2,2,373,86190.76782829998,35,2415.3918017935316,428.8,50,6,1,67.5424617096578,1,-19.055860040025436
wec,Le Mans 24 2026,track_position,HYPERCAR,5,702880,HYPERCAR-05,2,2,372,86224.84831879473,33,2350.053420773989,480.00000000000006,52,6,0,33.46197121491423,-1,46.28252097951736
wec,Le Mans 24 2026,splash_and_dash,HYPERCAR,5,702880,HYPERCAR-05,7,7,372,86244.48939676388,35,2386.053931247397,491.20000000000005,50,1,0,13.820893245763727,1,10.282010506109145
wec,Le Mans 24 2026,lap_down,HYPERCAR,5,702880,HYPERCAR-05,8,8,372,86258.31029000964,34,2396.335941753506,491.20000000000005,50,0,0,0.0,0,0.0
wec,Le Mans 24 2026,agent,HYPERCAR,5,702880,HYPERCAR-05,6,6,372,86275.28434554272,42,2575.849770119814,460.00000000000006,50,2,0,-16.97405553307908,8,-179.51382836630773
wec,Le Mans 24 2026,fuel_window,HYPERCAR,5,499195,HYPERCAR-03,8,8,382,86297.03396100663,35,2457.862214302582,472.8,37,0,0,0.0,0,0.0
wec,Le Mans 24 2026,caution_gambler,HYPERCAR,5,499195,HYPERCAR-03,9,9,382,86340.73358139668,35,2431.7880983025816,469.6,37,-1,0,-43.69962039004895,0,26.07411600000023
wec,Le Mans 24 2026,track_position,HYPERCAR,5,499195,HYPERCAR-03,1,1,383,86440.07644699133,33,2291.9304837734253,511.20000000000005,35,7,1,-143.04248598469712,-2,165.93173052915654
wec,Le Mans 24 2026,splash_and_dash,HYPERCAR,5,499195,HYPERCAR-03,7,7,383,86470.2275681723,35,2382.707940513469,472.00000000000006,37,1,1,-173.19360716566734,0,75.15427378911272
wec,Le Mans 24 2026,lap_down,HYPERCAR,5,499195,HYPERCAR-03,8,8,382,86297.03396100663,35,2457.862214302582,472.8,37,0,0,0.0,0,0.0
wec,Le Mans 24 2026,agent,HYPERCAR,5,499195,HYPERCAR-03,1,1,383,86431.79190665422,34,2316.326558038486,509.6,35,7,1,-134.75794564759417,-1,141.5356562640959
wec,Le Mans 24 2026,fuel_window,HYPERCAR,5,915432,HYPERCAR-16,6,6,394,86295.1261894557,38,2690.0707910687056,595.2,12,0,0,0.0,0,0.0
wec,Le Mans 24 2026,caution_gambler,HYPERCAR,5,915432,HYPERCAR-16,6,6,394,86295.1261894557,38,2690.0707910687056,595.2,12,0,0,0.0,0,0.0
wec,Le Mans 24 2026,track_position,HYPERCAR,5,915432,HYPERCAR-16,6,6,394,86277.62819613323,38,2692.6371410687057,575.2,12,0,0,17.497993322467664,0,-2.5663500000000568
wec,Le Mans 24 2026,splash_and_dash,HYPERCAR,5,915432,HYPERCAR-16,6,6,394,86276.7511744581,39,2675.6807705367796,594.4000000000001,12,0,0,18.375014997596736,1,14.390020531925984
wec,Le Mans 24 2026,lap_down,HYPERCAR,5,915432,HYPERCAR-16,6,6,394,86295.1261894557,38,2690.0707910687056,595.2,12,0,0,0.0,0,0.0
wec,Le Mans 24 2026,agent,HYPERCAR,5,915432,HYPERCAR-16,6,6,394,86277.62819613323,38,2692.6371410687057,575.2,12,0,0,17.497993322467664,0,-2.5663500000000568
wec,Le Mans 24 2026,fuel_window,HYPERCAR,5,590352,HYPERCAR-02,5,5,398,86317.5014945455,39,2883.2951556929206,539.2,2,0,0,0.0,0,0.0
wec,Le Mans 24 2026,caution_gambler,HYPERCAR,5,590352,HYPERCAR-02,5,5,398,86317.5014945455,39,2883.2951556929206,539.2,2,0,0,0.0,0,0.0
wec,Le Mans 24 2026,track_position,HYPERCAR,5,590352,HYPERCAR-02,5,5,398,86317.5014945455,39,2883.2951556929206,539.2,2,0,0,0.0,0,0.0
wec,Le Mans 24 2026,splash_and_dash,HYPERCAR,5,590352,HYPERCAR-02,5,5,398,86301.12080799001,40,2869.391687055148,539.2,2,0,0,16.38068655549432,1,13.903468637772676
wec,Le Mans 24 2026,lap_down,HYPERCAR,5,590352,HYPERCAR-02,5,5,398,86317.5014945455,39,2883.2951556929206,539.2,2,0,0,0.0,0,0.0
wec,Le Mans 24 2026,agent,HYPERCAR,5,590352,HYPERCAR-02,5,5,398,86317.5014945455,39,2883.2951556929206,539.2,2,0,0,0.0,0,0.0
wec,Le Mans 24 2026,fuel_window,HYPERCAR,5,484606,HYPERCAR-05,2,2,381,86187.49923992623,35,2503.836049761054,473.6,33,0,0,0.0,0,0.0
wec,Le Mans 24 2026,caution_gambler,HYPERCAR,5,484606,HYPERCAR-05,3,3,381,86191.27485359862,36,2552.1848121027765,471.20000000000005,33,-1,0,-3.775613672391046,1,-48.348762341722704
wec,Le Mans 24 2026,track_position,HYPERCAR,5,484606,HYPERCAR-05,3,3,381,86205.29134164855,34,2464.659503393336,512.0,34,-1,0,-17.79210172232706,-1,39.17654636771795
wec,Le Mans 24 2026,splash_and_dash,HYPERCAR,5,484606,HYPERCAR-05,2,2,381,86187.49923992623,35,2503.836049761054,473.6,33,0,0,0.0,0,0.0
wec,Le Mans 24 2026,lap_down,HYPERCAR,5,484606,HYPERCAR-05,2,2,381,86187.49923992623,35,2503.836049761054,473.6,33,0,0,0.0,0,0.0
wec,Le Mans 24 2026,agent,HYPERCAR,5,484606,HYPERCAR-05,3,3,382,86289.6899219922,34,2405.2882856641677,467.20000000000005,35,-1,1,-102.19068206597876,-1,98.54776409688611
wec,Le Mans 24 2026,fuel_window,HYPERCAR,5,634937,HYPERCAR-14,3,3,382,86256.94487892582,36,2564.842169437226,544.0,34,0,0,0.0,0,0.0
wec,Le Mans 24 2026,caution_gambler,HYPERCAR,5,634937,HYPERCAR-14,8,8,382,86289.95656494287,35,2510.0671436353755,568.8000000000001,34,-5,0,-33.01168601705285,-1,54.77502580185046
wec,Le Mans 24 2026,track_position,HYPERCAR,5,634937,HYPERCAR-14,3,3,382,86264.06466330621,35,2507.7061016353755,544.8000000000001,33,0,0,-7.119784380396595,-1,57.13606780185046
wec,Le Mans 24 2026,splash_and_dash,HYPERCAR,5,634937,HYPERCAR-14,3,3,382,86255.22355588601,36,2532.273527372012,539.2,33,0,0,1.7213230398047017,0,32.568642065214135
wec,Le Mans 24 2026,lap_down,HYPERCAR,5,634937,HYPERCAR-14,3,3,382,86256.94487892582,36,2564.842169437226,544.0,34,0,0,0.0,0,0.0
wec,Le Mans 24 2026,agent,HYPERCAR,5,634937,HYPERCAR-14,3,3,382,86279.66185331898,39,2595.9462716427997,497.6,34,0,0,-22.716974393159035,3,-31.10410220557378
wec,Le Mans 24 2026,fuel_window,HYPERCAR,5,377335,HYPERCAR-11,4,4,386,86112.92150602296,37,2614.556494076345,520.0,29,0,0,0.0,0,0.0
wec,Le Mans 24 2026,caution_gambler,HYPERCAR,5,377335,HYPERCAR-11,4,4,386,86338.26924452194,37,2597.721238076345,504.00000000000006,28,0,0,-225.34773849898193,0,16.8352560000003
wec,Le Mans 24 2026,track_position,HYPERCAR,5,377335,HYPERCAR-11,6,6,386,86353.8371202729,36,2541.8733532517367,668.8000000000001,28,-2,0,-240.91561424994143,-1,72.68314082460847
wec,Le Mans 24 2026,splash_and_dash,HYPERCAR,5,377335,HYPERCAR-11,3,3,387,86340.2641977758,37,2560.1176772641306,520.0,29,1,1,-227.34269175284135,0,54.438816812214554
wec,Le Mans 24 2026,lap_down,HYPERCAR,5,377335,HYPERCAR-11,4,4,386,86112.92150602296,37,2614.556494076345,520.0,29,0,0,0.0,0,0.0
wec,Le Mans 24 2026,agent,HYPERCAR,5,377335,HYPERCAR-11,2,2,386,86220.66795561361,36,2501.336771680681,634.4000000000001,27,2,0,-107.74644959064608,-1,113.21972239566412
wec,Le Mans 24 2026,fuel_window,HYPERCAR,5,283010,HYPERCAR-10,4,4,398,86340.49261515477,38,2769.622984881208,532.8000000000001,4,0,0,0.0,0,0.0
wec,Le Mans 24 2026,caution_gambler,HYPERCAR,5,283010,HYPERCAR-10,4,4,398,86340.49261515477,38,2769.622984881208,532.8000000000001,4,0,0,0.0,0,0.0
wec,Le Mans 24 2026,track_position,HYPERCAR,5,283010,HYPERCAR-10,4,4,398,86340.49261515477,38,2769.622984881208,532.8000000000001,4,0,0,0.0,0,0.0
wec,Le Mans 24 2026,splash_and_dash,HYPERCAR,5,283010,HYPERCAR-10,4,4,398,86325.44865848315,39,2754.564022675246,536.0,4,0,0,15.043956671623164,1,15.058962205961961
wec,Le Mans 24 2026,lap_down,HYPERCAR,5,283010,HYPERCAR-10,4,4,398,86340.49261515477,38,2769.622984881208,532.8000000000001,4,0,0,0.0,0,0.0
wec,Le Mans 24 2026,agent,HYPERCAR,5,283010,HYPERCAR-10,4,4,398,86340.49261515477,38,2769.622984881208,532.8000000000001,4,0,0,0.0,0,0.0
wec,Le Mans 24 2026,fuel_window,HYPERCAR,5,653508,HYPERCAR-03,3,3,390,86337.89803519192,37,2567.0011184447158,499.20000000000005,17,0,0,0.0,0,0.0
wec,Le Mans 24 2026,caution_gambler,HYPERCAR,5,653508,HYPERCAR-03,2,2,391,86338.83103126682,37,2530.9695644447156,476.00000000000006,17,1,1,-0.9329960749018937,0,36.03155400000014
wec,Le Mans 24 2026,track_position,HYPERCAR,5,653508,HYPERCAR-03,3,3,390,86323.69803519183,37,2567.0011184447158,476.00000000000006,17,0,0,14.200000000084401,0,0.0
wec,Le Mans 24 2026,splash_and_dash,HYPERCAR,5,653508,HYPERCAR-03,3,3,390,86328.87991594106,38,2557.5218819334937,503.20000000000005,17,0,0,9.018119250860764,1,9.479236511222098
wec,Le Mans 24 2026,lap_down,HYPERCAR,5,653508,HYPERCAR-03,3,3,390,86337.89803519192,37,2567.0011184447158,499.20000000000005,17,0,0,0.0,0,0.0
wec,Le Mans 24 2026,agent,HYPERCAR,5,653508,HYPERCAR-03,2,2,391,86370.15569470338,39,2559.7298971466294,493.6,17,1,1,-32.257659511466045,2,7.271221298086402
wec,Le Mans 24 2026,fuel_window,HYPERCAR,5,658150,HYPERCAR-08,6,6,391,86354.27775019468,38,2639.657274056546,536.8000000000001,20,0,0,0.0,0,0.0
wec,Le Mans 24 2026,caution_gambler,HYPERCAR,5,658150,HYPERCAR-08,5,5,391,86299.58584428005,38,2602.496526056546,538.4000000000001,20,1,0,54.69190591463121,0,37.16074800000024
wec,Le Mans 24 2026,track_position,HYPERCAR,5,658150,HYPERCAR-08,6,6,391,86354.27775019468,38,2639.657274056546,536.8000000000001,20,0,0,0.0,0,0.0
wec,Le Mans 24 2026,splash_and_dash,HYPERCAR,5,658150,HYPERCAR-08,6,6,391,86315.3372143337,38,2600.174111485726,537.6,20,0,0,38.94053586098016,0,39.48316257082024
wec,Le Mans 24 2026,lap_down,HYPERCAR,5,658150,HYPERCAR-08,6,6,391,86354.27775019468,38,2639.657274056546,536.8000000000001,20,0,0,0.0,0,0.0
wec,Le Mans 24 2026,agent,HYPERCAR,5,658150,HYPERCAR-08,6,6,391,86354.27775019468,38,2639.657274056546,536.8000000000001,20,0,0,0.0,0,0.0
wec,Le Mans 24 2026,fuel_window,HYPERCAR,5,594421,HYPERCAR-09,3,3,387,86210.56638661996,36,2546.419539427344,521.6,31,0,0,0.0,0,0.0
wec,Le Mans 24 2026,caution_gambler,HYPERCAR,5,594421,HYPERCAR-09,3,3,387,86210.56638661996,36,2546.419539427344,521.6,31,0,0,0.0,0,0.0
wec,Le Mans 24 2026,track_position,HYPERCAR,5,594421,HYPERCAR-09,2,2,387,86184.75860078035,35,2524.958058924448,449.6,29,1,0,25.807785839613643,-1,21.461480502895938
wec,Le Mans 24 2026,splash_and_dash,HYPERCAR,5,594421,HYPERCAR-09,1,1,387,86181.40581791608,36,2513.685785383418,527.2,31,2,0,29.160568703882745,0,32.73375404392573
wec,Le Mans 24 2026,lap_down,HYPERCAR,5,594421,HYPERCAR-09,3,3,387,86210.56638661996,36,2546.419539427344,521.6,31,0,0,0.0,0,0.0
wec,Le Mans 24 2026,agent,HYPERCAR,5,594421,HYPERCAR-09,3,3,387,86235.11623113048,36,2563.1982084253227,491.20000000000005,30,0,0,-24.549844510518597,0,-16.77866899797891
wec,Le Mans 24 2026,fuel_window,HYPERCAR,5,288013,HYPERCAR-13,4,4,390,86281.31933301034,36,2637.782393078333,492.00000000000006,21,0,0,0.0,0,0.0
wec,Le Mans 24 2026,caution_gambler,HYPERCAR,5,288013,HYPERCAR-13,4,4,390,86281.31933301034,36,2637.782393078333,492.00000000000006,21,0,0,0.0,0,0.0
wec,Le Mans 24 2026,track_position,HYPERCAR,5,288013,HYPERCAR-13,7,7,390,86344.778541443,36,2637.782393078333,504.8,21,-3,0,-63.45920843265776,0,0.0
wec,Le Mans 24 2026,splash_and_dash,HYPERCAR,5,288013,HYPERCAR-13,4,4,390,86247.02810668443,36,2599.343183041304,498.40000000000003,21,0,0,34.29122632590588,0,38.439210037028715
wec,Le Mans 24 2026,lap_down,HYPERCAR,5,288013,HYPERCAR-13,7,7,390,86340.39840325498,36,2637.782393078333,512.8000000000001,21,-3,0,-59.0790702446393,0,0.0
wec,Le Mans 24 2026,agent,HYPERCAR,5,288013,HYPERCAR-13,6,6,390,86320.25131452341,37,2640.715339207046,487.20000000000005,21,-2,0,-38.93198151307297,1,-2.932946128712956
wec,Le Mans 24 2026,fuel_window,HYPERCAR,5,214729,HYPERCAR-13,2,2,393,86264.5340197873,37,2554.720112592143,468.8,13,0,0,0.0,0,0.0
wec,Le Mans 24 2026,caution_gambler,HYPERCAR,5,214729,HYPERCAR-13,2,2,393,86209.49554015989,38,2582.562563622698,512.0,14,0,0,55.038479627415654,1,-27.842451030554912
wec,Le Mans 24 2026,track_position,HYPERCAR,5,214729,HYPERCAR-13,2,2,393,86227.53807141613,37,2557.286462592143,463.20000000000005,13,0,0,36.995948371171835,0,-2.5663500000000568
wec,Le Mans 24 2026,splash_and_dash,HYPERCAR,5,214729,HYPERCAR-13,2,2,393,86251.66400503014,38,2542.9889805746225,471.20000000000005,13,0,0,12.870014757165336,1,11.731132017520395
wec,Le Mans 24 2026,lap_down,HYPERCAR,5,214729,HYPERCAR-13,2,2,393,86264.5340197873,37,2554.720112592143,468.8,13,0,0,0.0,0,0.0
wec,Le Mans 24 2026,agent,HYPERCAR,5,214729,HYPERCAR-13,4,4,393,86360.00005967155,38,2578.969673622698,539.2,15,-2,0,-95.4660398842534,1,-24.249561030555014
wec,Le Mans 24 2026,fuel_window,HYPERCAR,5,243284,HYPERCAR-11,6,6,390,86285.22712250367,35,2664.7315080785247,488.8,21,0,0,0.0,0,0.0
wec,Le Mans 24 2026,caution_gambler,HYPERCAR,5,243284,HYPERCAR-11,6,6,390,86285.22712250367,35,2664.7315080785247,488.8,21,0,0,0.0,0,0.0
wec,Le Mans 24 2026,track_position,HYPERCAR,5,243284,HYPERCAR-11,4,4,390,86265.14830392129,35,2662.165158078525,472.00000000000006,21,2,0,20.078818582376698,0,2.566349999999602
wec,Le Mans 24 2026,splash_and_dash,HYPERCAR,5,243284,HYPERCAR-11,6,6,390,86279.68726092215,36,2660.422752688727,490.40000000000003,21,0,0,5.539861581521109,1,4.308755389797625
wec,Le Mans 24 2026,lap_down,HYPERCAR,5,243284,HYPERCAR-11,6,6,390,86285.22712250367,35,2664.7315080785247,488.8,21,0,0,0.0,0,0.0
wec,Le Mans 24 2026,agent,HYPERCAR,5,243284,HYPERCAR-11,4,4,390,86265.14830392129,35,2662.165158078525,472.00000000000006,21,2,0,20.078818582376698,0,2.566349999999602
wec,Le Mans 24 2026,fuel_window,HYPERCAR,5,835794,HYPERCAR-18,4,4,396,86322.32342853889,39,2921.6817690663147,542.4000000000001,5,0,0,0.0,0,0.0
wec,Le Mans 24 2026,caution_gambler,HYPERCAR,5,835794,HYPERCAR-18,4,4,396,86322.32342853889,39,2921.6817690663147,542.4000000000001,5,0,0,0.0,0,0.0
wec,Le Mans 24 2026,track_position,HYPERCAR,5,835794,HYPERCAR-18,4,4,396,86322.32342853889,39,2921.6817690663147,542.4000000000001,5,0,0,0.0,0,0.0
wec,Le Mans 24 2026,splash_and_dash,HYPERCAR,5,835794,HYPERCAR-18,4,4,396,86317.36974293739,40,2925.605301382539,536.0,5,0,0,4.953685601503821,1,-3.923532316224282
wec,Le Mans 24 2026,lap_down,HYPERCAR,5,835794,HYPERCAR-18,4,4,396,86322.32342853889,39,2921.6817690663147,542.4000000000001,5,0,0,0.0,0,0.0
wec,Le Mans 24 2026,agent,HYPERCAR,5,835794,HYPERCAR-18,4,4,396,86332.79326355507,39,2924.2481190663148,550.4000000000001,5,0,0,-10.469835016177967,0,-2.5663500000000568
wec,Le Mans 24 2026,fuel_window,HYPERCAR,5,581874,HYPERCAR-01,3,3,390,86359.2831342258,37,2616.1070250807625,476.8,20,0,0,0.0,0,0.0
wec,Le Mans 24 2026,caution_gambler,HYPERCAR,5,581874,HYPERCAR-01,3,3,390,86359.2831342258,37,2616.1070250807625,476.8,20,0,0,0.0,0,0.0
wec,Le Mans 24 2026,track_position,HYPERCAR,5,581874,HYPERCAR-01,3,3,389,86178.98525909438,36,2580.9662688385656,506.40000000000003,21,0,-1,180.2978751314222,-1,35.14075624219686
wec,Le Mans 24 2026,splash_and_dash,HYPERCAR,5,581874,HYPERCAR-01,3,3,390,86339.00427936374,38,2603.367052958372,472.8,20,0,0,20.278854862059234,1,12.739972122390554
wec,Le Mans 24 2026,lap_down,HYPERCAR,5,581874,HYPERCAR-01,3,3,390,86359.2831342258,37,2616.1070250807625,476.8,20,0,0,0.0,0,0.0
wec,Le Mans 24 2026,agent,HYPERCAR,5,581874,HYPERCAR-01,3,3,389,86178.98525909438,36,2580.9662688385656,506.40000000000003,21,0,-1,180.2978751314222,-1,35.14075624219686
wec,Le Mans 24 2026,fuel_window,HYPERCAR,5,829107,HYPERCAR-01,15,15,387,86243.94669162462,35,2631.945311683191,568.0,25,0,0,0.0,0,0.0
wec,Le Mans 24 2026,caution_gambler,HYPERCAR,5,829107,HYPERCAR-01,15,15,387,86243.94669162462,35,2631.945311683191,568.0,25,0,0,0.0,0,0.0
wec,Le Mans 24 2026,track_position,HYPERCAR,5,829107,HYPERCAR-01,18,18,386,86262.6521499479,35,2626.812611683191,624.8000000000001,25,-3,-1,-18.705458323282073,0,5.1327000000001135
wec,Le Mans 24 2026,splash_and_dash,HYPERCAR,5,829107,HYPERCAR-01,12,12,387,86206.21068295513,35,2598.9942974794053,566.4000000000001,25,3,0,37.736008669482544,0,32.95101420378569
wec,Le Mans 24 2026,lap_down,HYPERCAR,5,829107,HYPERCAR-01,15,15,387,86243.54703890688,35,2631.945311683191,567.2,25,0,0,0.3996527177368989,0,0.0
wec,Le Mans 24 2026,agent,HYPERCAR,5,829107,HYPERCAR-01,16,16,386,86230.30286570851,37,2657.315117203978,619.2,22,-1,-1,13.643825916107744,2,-25.36980552078694
wec,Le Mans 24 2026,fuel_window,HYPERCAR,5,242269,HYPERCAR-09,13,13,392,86361.73882986818,38,2925.4470289444585,540.8000000000001,12,0,0,0.0,0,0.0
wec,Le Mans 24 2026,caution_gambler,HYPERCAR,5,242269,HYPERCAR-09,13,13,392,86361.73882986818,38,2925.4470289444585,540.8000000000001,12,0,0,0.0,0,0.0
wec,Le Mans 24 2026,track_position,HYPERCAR,5,242269,HYPERCAR-09,12,12,392,86359.70677835536,37,2879.166151885002,638.4000000000001,14,1,0,2.0320515128114494,-1,46.28087705945654
wec,Le Mans 24 2026,splash_and_dash,HYPERCAR,5,242269,HYPERCAR-09,8,8,392,86315.20539043589,38,2884.0053622454643,542.4000000000001,12,5,0,46.53343943228538,0,41.44166669899414
wec,Le Mans 24 2026,lap_down,HYPERCAR,5,242269,HYPERCAR-09,13,13,392,86361.73882986818,38,2925.4470289444585,540.8000000000001,12,0,0,0.0,0,0.0
wec,Le Mans 24 2026,agent,HYPERCAR,5,242269,HYPERCAR-09,12,12,392,86359.70677835536,37,2879.166151885002,638.4000000000001,14,1,0,2.0320515128114494,-1,46.28087705945654
wec,Le Mans 24 2026,fuel_window,HYPERCAR,5,132726,HYPERCAR-03,6,6,385,86367.53069361387,36,2665.4187971410925,532.8000000000001,31,0,0,0.0,0,0.0
wec,Le Mans 24 2026,caution_gambler,HYPERCAR,5,132726,HYPERCAR-03,6,6,385,86367.53069361387,36,2665.4187971410925,532.8000000000001,31,0,0,0.0,0,0.0
wec,Le Mans 24 2026,track_position,HYPERCAR,5,132726,HYPERCAR-03,6,6,385,86250.84161603538,36,2689.1318711410922,463.20000000000005,28,0,0,116.68907757848501,0,-23.71307399999978
wec,Le Mans 24 2026,splash_and_dash,HYPERCAR,5,132726,HYPERCAR-03,6,6,385,86343.55912706646,37,2650.2322250593634,527.2,31,0,0,23.971566547406837,1,15.186572081729082
wec,Le Mans 24 2026,lap_down,HYPERCAR,5,132726,HYPERCAR-03,6,6,385,86367.53069361387,36,2665.4187971410925,532.8000000000001,31,0,0,0.0,0,0.0
wec,Le Mans 24 2026,agent,HYPERCAR,5,132726,HYPERCAR-03,6,6,385,86250.49424934309,36,2690.1584111410925,463.20000000000005,28,0,0,117.03644427077961,0,-24.739614000000074
wec,Le Mans 24 2026,fuel_window,HYPERCAR,5,997496,HYPERCAR-11,8,8,388,86360.3479449981,36,2568.5609295506333,532.8000000000001,21,0,0,0.0,0,0.0
wec,Le Mans 24 2026,caution_gambler,HYPERCAR,5,997496,HYPERCAR-11,3,3,389,86364.29352062629,37,2623.275681944491,525.6,19,5,1,-3.9455756281968206,1,-54.71475239385791
wec,Le Mans 24 2026,track_position,HYPERCAR,5,997496,HYPERCAR-11,3,3,388,86211.55237507763,36,2573.1803595506335,595.2,19,5,0,148.79556992046128,0,-4.619430000000193
wec,Le Mans 24 2026,splash_and_dash,HYPERCAR,5,997496,HYPERCAR-11,8,8,388,86362.06808820537,37,2574.17384377148,532.8000000000001,21,0,0,-1.7201432072761236,1,-5.6129142208465055
wec,Le Mans 24 2026,lap_down,HYPERCAR,5,997496,HYPERCAR-11,8,8,388,86360.3479449981,36,2568.5609295506333,532.8000000000001,21,0,0,0.0,0,0.0
wec,Le Mans 24 2026,agent,HYPERCAR,5,997496,HYPERCAR-11,2,2,389,86364.23329647016,37,2589.6051699444915,533.6,19,6,1,-3.885351472068578,1,-21.044240393858217
wec,Le Mans 24 2026,fuel_window,HYPERCAR,5,838049,HYPERCAR-05,17,17,387,86403.06780766032,37,2663.1430185489976,556.0,21,0,0,0.0,0,0.0
wec,Le Mans 24 2026,caution_gambler,HYPERCAR,5,838049,HYPERCAR-05,1,1,389,86310.19463814827,39,2766.7210875157934,495.20000000000005,17,16,2,92.87316951205139,2,-103.57806896679585
wec,Le Mans 24 2026,track_position,HYPERCAR,5,838049,HYPERCAR-05,14,14,387,86224.43927506074,36,2626.624469045585,528.8000000000001,21,3,0,178.62853259958501,-1,36.51854950341249
wec,Le Mans 24 2026,splash_and_dash,HYPERCAR,5,838049,HYPERCAR-05,17,17,387,86399.61041113167,37,2635.483846319817,556.0,21,0,0,3.457396528654499,0,27.659172229180513
wec,Le Mans 24 2026,lap_down,HYPERCAR,5,838049,HYPERCAR-05,18,18,387,86446.63704831168,37,2664.0669045489976,556.0,21,-1,0,-43.56924065135536,0,-0.9238860000000386
wec,Le Mans 24 2026,agent,HYPERCAR,5,838049,HYPERCAR-05,3,3,390,86495.9995608232,37,2626.051754682661,502.40000000000003,22,14,3,-92.9317531628767,0,37.0912638663367
wec,Le Mans 24 2026,fuel_window,HYPERCAR,5,167785,HYPERCAR-01,2,2,389,86230.31307466759,36,2583.758246694246,469.6,21,0,0,0.0,0,0.0
wec,Le Mans 24 2026,caution_gambler,HYPERCAR,5,167785,HYPERCAR-01,3,3,389,86264.57055673726,37,2592.938712160565,495.20000000000005,20,-1,0,-34.25748206967546,1,-9.18046546631922
wec,Le Mans 24 2026,track_position,HYPERCAR,5,167785,HYPERCAR-01,8,8,389,86332.99567545608,36,2585.7086726942457,492.00000000000006,22,-6,0,-102.68260078849562,0,-1.9504259999998794
wec,Le Mans 24 2026,splash_and_dash,HYPERCAR,5,167785,HYPERCAR-01,1,1,389,86189.24718613084,36,2541.1009412210005,472.8,21,1,0,41.06588853674475,0,42.65730547324529
wec,Le Mans 24 2026,lap_down,HYPERCAR,5,167785,HYPERCAR-01,2,2,389,86230.31307466759,36,2583.758246694246,469.6,21,0,0,0.0,0,0.0
wec,Le Mans 24 2026,agent,HYPERCAR,5,167785,HYPERCAR-01,4,4,389,86332.84649066131,38,2615.8854858361706,524.8000000000001,21,-2,0,-102.53341599371925,2,-32.12723914192475
wec,Le Mans 24 2026,fuel_window,HYPERCAR,5,779500,HYPERCAR-03,4,4,389,86260.44799599229,36,2603.1803015425185,591.2,20,0,0,0.0,0,0.0
wec,Le Mans 24 2026,caution_gambler,HYPERCAR,5,779500,HYPERCAR-03,4,4,389,86260.44799599229,36,2603.1803015425185,591.2,20,0,0,0.0,0,0.0
wec,Le Mans 24 2026,track_position,HYPERCAR,5,779500,HYPERCAR-03,4,4,389,86271.65604874617,36,2603.1803015425185,610.4000000000001,20,0,0,-11.208052753878292,0,0.0
wec,Le Mans 24 2026,splash_and_dash,HYPERCAR,5,779500,HYPERCAR-03,3,3,389,86221.54649796721,36,2564.9308198063122,592.8000000000001,20,1,0,38.90149802507949,0,38.249481736206235
wec,Le Mans 24 2026,lap_down,HYPERCAR,5,779500,HYPERCAR-03,4,4,389,86260.44799599229,36,2603.1803015425185,591.2,20,0,0,0.0,0,0.0
wec,Le Mans 24 2026,agent,HYPERCAR,5,779500,HYPERCAR-03,4,4,389,86271.65604874617,36,2603.1803015425185,610.4000000000001,20,0,0,-11.208052753878292,0,0.0
wec,Le Mans 24 2026,fuel_window,HYPERCAR,5,834679,HYPERCAR-15,14,14,376,86188.90942360548,34,2314.6935768017743,503.20000000000005,41,0,0,0.0,0,0.0
wec,Le Mans 24 2026,caution_gambler,HYPERCAR,5,834679,HYPERCAR-15,10,10,377,86267.00683299951,37,2394.170968809907,508.00000000000006,41,4,1,-78.09740939403127,3,-79.47739200813294
wec,Le Mans 24 2026,track_position,HYPERCAR,5,834679,HYPERCAR-15,4,4,378,86303.65372381662,33,2283.112974626715,496.00000000000006,41,10,2,-114.74430021113949,-1,31.580602175059084
wec,Le Mans 24 2026,splash_and_dash,HYPERCAR,5,834679,HYPERCAR-15,13,13,377,86382.34789587416,35,2306.3512601763873,500.00000000000006,41,1,1,-193.43847226868093,1,8.342316625386957
wec,Le Mans 24 2026,lap_down,HYPERCAR,5,834679,HYPERCAR-15,14,14,376,86188.90942360548,34,2314.6935768017743,503.20000000000005,41,0,0,0.0,0,0.0
wec,Le Mans 24 2026,agent,HYPERCAR,5,834679,HYPERCAR-15,4,4,377,86188.09468370538,48,2642.5501548807456,476.8,39,10,1,0.8147399001027225,14,-327.8565780789713
wec,Le Mans 24 2026,fuel_window,HYPERCAR,5,877850,HYPERCAR-06,4,4,387,86232.55814497985,37,2556.9962723904523,530.4000000000001,23,0,0,0.0,0,0.0
wec,Le Mans 24 2026,caution_gambler,HYPERCAR,5,877850,HYPERCAR-06,3,3,387,86237.47261431647,38,2596.7539987318414,516.8000000000001,23,1,0,-4.914469336625189,1,-39.757726341389116
wec,Le Mans 24 2026,track_position,HYPERCAR,5,877850,HYPERCAR-06,5,5,387,86251.31997271562,36,2536.2123833867304,531.2,22,-1,0,-18.761827735768748,-1,20.783889003721924
wec,Le Mans 24 2026,splash_and_dash,HYPERCAR,5,877850,HYPERCAR-06,2,2,387,86201.39111251045,37,2526.6142343867305,532.8000000000001,23,2,0,31.16703246939869,0,30.382038003721846
wec,Le Mans 24 2026,lap_down,HYPERCAR,5,877850,HYPERCAR-06,4,4,387,86232.55814497985,37,2556.9962723904523,530.4000000000001,23,0,0,0.0,0,0.0
wec,Le Mans 24 2026,agent,HYPERCAR,5,877850,HYPERCAR-06,4,4,387,86225.95388337217,43,2703.8539547501496,564.8000000000001,21,0,0,6.604261607673834,6,-146.85768235969726
wec,Le Mans 24 2026,fuel_window,HYPERCAR,5,617125,HYPERCAR-09,2,2,392,86349.42525085206,38,2600.0285511537613,536.0,15,0,0,0.0,0,0.0
wec,Le Mans 24 2026,caution_gambler,HYPERCAR,5,617125,HYPERCAR-09,1,1,392,86346.78841446285,39,2618.892964952178,531.2,15,1,0,2.636836389210657,1,-18.864413798416535
wec,Le Mans 24 2026,track_position,HYPERCAR,5,617125,HYPERCAR-09,1,1,392,86377.5933303424,38,2600.233859153761,550.4000000000001,15,1,0,-28.168079490336822,0,-0.20530799999960436
wec,Le Mans 24 2026,splash_and_dash,HYPERCAR,5,617125,HYPERCAR-09,1,1,392,86328.66546197014,39,2580.145980189581,537.6,15,1,0,20.759788881914574,1,19.882570964180104
wec,Le Mans 24 2026,lap_down,HYPERCAR,5,617125,HYPERCAR-09,2,2,392,86349.42525085206,38,2600.0285511537613,536.0,15,0,0,0.0,0,0.0
wec,Le Mans 24 2026,agent,HYPERCAR,5,617125,HYPERCAR-09,1,1,392,86377.5933303424,38,2600.233859153761,550.4000000000001,15,1,0,-28.168079490336822,0,-0.20530799999960436
wec,Le Mans 24 2026,fuel_window,HYPERCAR,5,139128,HYPERCAR-05,10,10,381,86349.40136019587,35,2560.711746839833,556.8000000000001,31,0,0,0.0,0,0.0
wec,Le Mans 24 2026,caution_gambler,HYPERCAR,5,139128,HYPERCAR-05,10,10,381,86348.91664724058,38,2644.969261583389,537.6,31,0,0,0.4847129552945262,3,-84.25751474355638
wec,Le Mans 24 2026,track_position,HYPERCAR,5,139128,HYPERCAR-05,5,5,381,86244.88776894347,35,2560.095822839833,487.20000000000005,31,5,0,104.51359125239833,0,0.6159239999997226
wec,Le Mans 24 2026,splash_and_dash,HYPERCAR,5,139128,HYPERCAR-05,9,9,381,86329.50019143906,36,2545.5955725486806,555.2,31,1,0,19.901168756812694,1,15.11617429115222
wec,Le Mans 24 2026,lap_down,HYPERCAR,5,139128,HYPERCAR-05,10,10,381,86349.40136019587,35,2560.711746839833,556.8000000000001,31,0,0,0.0,0,0.0
wec,Le Mans 24 2026,agent,HYPERCAR,5,139128,HYPERCAR-05,11,11,381,86370.09343904715,44,2738.6944381932376,575.2,31,-1,0,-20.692078851279803,9,-177.9826913534048
wec,Le Mans 24 2026,fuel_window,HYPERCAR,5,488806,HYPERCAR-17,5,5,394,86355.96930511092,38,2762.2161680251183,531.2,12,0,0,0.0,0,0.0
wec,Le Mans 24 2026,caution_gambler,HYPERCAR,5,488806,HYPERCAR-17,5,5,394,86355.96930511092,38,2762.2161680251183,531.2,12,0,0,0.0,0,0.0
wec,Le Mans 24 2026,track_position,HYPERCAR,5,488806,HYPERCAR-17,4,4,394,86260.57596362755,38,2762.2161680251183,529.6,11,1,0,95.39334148337366,0,0.0
wec,Le Mans 24 2026,splash_and_dash,HYPERCAR,5,488806,HYPERCAR-17,5,5,394,86346.26129489762,38,2730.3696691991136,532.0,12,0,0,9.708010213304078,0,31.84649882600479
wec,Le Mans 24 2026,lap_down,HYPERCAR,5,488806,HYPERCAR-17,4,4,394,86260.57596362755,38,2762.2161680251183,529.6,11,1,0,95.39334148337366,0,0.0
wec,Le Mans 24 2026,agent,HYPERCAR,5,488806,HYPERCAR-17,4,4,394,86260.57596362755,38,2762.2161680251183,529.6,11,1,0,95.39334148337366,0,0.0
wec,Le Mans 24 2026,fuel_window,HYPERCAR,5,778018,HYPERCAR-15,7,7,392,86264.78778015244,39,2824.239145591638,488.00000000000006,13,0,0,0.0,0,0.0
wec,Le Mans 24 2026,caution_gambler,HYPERCAR,5,778018,HYPERCAR-15,7,7,392,86251.29004127331,39,2823.315259591638,488.00000000000006,13,0,0,13.497738879130338,0,0.9238860000000386
wec,Le Mans 24 2026,track_position,HYPERCAR,5,778018,HYPERCAR-15,9,9,392,86292.88870216868,38,2799.9151960750896,528.0,13,-2,0,-28.100922016237746,-1,24.32394951654851
wec,Le Mans 24 2026,splash_and_dash,HYPERCAR,5,778018,HYPERCAR-15,7,7,392,86250.46200494168,39,2794.4379984278603,488.8,13,0,0,14.325775210760185,0,29.80114716377784
wec,Le Mans 24 2026,lap_down,HYPERCAR,5,778018,HYPERCAR-15,7,7,392,86241.09103122538,38,2776.7153920750898,516.8000000000001,13,0,0,23.69674892706098,-1,47.52375351654837
wec,Le Mans 24 2026,agent,HYPERCAR,5,778018,HYPERCAR-15,6,6,392,86230.72351281886,38,2748.590388222996,529.6,13,1,0,34.06426733358239,-1,75.64875736864224
wec,Le Mans 24 2026,fuel_window,HYPERCAR,5,510084,HYPERCAR-11,4,4,383,86238.4981931035,36,2609.6719383687214,511.20000000000005,31,0,0,0.0,0,0.0
wec,Le Mans 24 2026,caution_gambler,HYPERCAR,5,510084,HYPERCAR-11,2,2,384,86204.76352955811,38,2651.94032886719,532.8000000000001,31,2,1,33.734663545386866,2,-42.26839049846876
wec,Le Mans 24 2026,track_position,HYPERCAR,5,510084,HYPERCAR-11,5,5,384,86372.24707616078,36,2630.5107003687217,496.8,32,-1,1,-133.74888305728382,0,-20.838762000000315
wec,Le Mans 24 2026,splash_and_dash,HYPERCAR,5,510084,HYPERCAR-11,3,3,383,86210.14990494547,36,2579.2625329503426,516.8000000000001,31,1,0,28.34828815802757,0,30.40940541837881
wec,Le Mans 24 2026,lap_down,HYPERCAR,5,510084,HYPERCAR-11,4,4,383,86238.4981931035,36,2609.6719383687214,511.20000000000005,31,0,0,0.0,0,0.0
wec,Le Mans 24 2026,agent,HYPERCAR,5,510084,HYPERCAR-11,4,4,384,86253.24776852113,38,2640.867169058965,557.6,30,0,1,-14.749575417634333,2,-31.195230690243534
wec,Le Mans 24 2026,fuel_window,HYPERCAR,5,184758,HYPERCAR-13,5,5,389,86178.21382728628,37,2610.22572412514,532.0,19,0,0,0.0,0,0.0
wec,Le Mans 24 2026,caution_gambler,HYPERCAR,5,184758,HYPERCAR-13,2,2,390,86347.94263109348,38,2652.2643489724715,532.8000000000001,19,3,1,-169.72880380720017,1,-42.03862484733145
wec,Le Mans 24 2026,track_position,HYPERCAR,5,184758,HYPERCAR-13,11,11,388,86209.4337256,36,2593.3271946006475,540.8000000000001,22,-6,-1,-31.219898313720478,-1,16.89852952449246
wec,Le Mans 24 2026,splash_and_dash,HYPERCAR,5,184758,HYPERCAR-13,5,5,390,86375.89812360718,38,2606.3480215231098,530.4000000000001,19,0,1,-197.68429632090556,1,3.87770260203024
wec,Le Mans 24 2026,lap_down,HYPERCAR,5,184758,HYPERCAR-13,5,5,389,86178.21382728628,37,2610.22572412514,532.0,19,0,0,0.0,0,0.0
wec,Le Mans 24 2026,agent,HYPERCAR,5,184758,HYPERCAR-13,6,6,389,86274.3073976329,36,2532.556026600648,519.2,21,-1,0,-96.09357034662389,-1,77.66969752449222
wec,Le Mans 24 2026,fuel_window,HYPERCAR,5,985210,HYPERCAR-05,6,6,382,86307.32514382224,36,2649.282536032482,530.4000000000001,32,0,0,0.0,0,0.0
wec,Le Mans 24 2026,caution_gambler,HYPERCAR,5,985210,HYPERCAR-05,8,8,382,86316.85365864687,37,2688.1947050790595,524.0,32,-2,0,-9.528514824633021,1,-38.912169046577674
wec,Le Mans 24 2026,track_position,HYPERCAR,5,985210,HYPERCAR-05,15,15,381,86214.8867946345,35,2606.4131359599933,510.40000000000003,33,-9,-1,92.43834918773791,-1,42.86940007248859
wec,Le Mans 24 2026,splash_and_dash,HYPERCAR,5,985210,HYPERCAR-05,6,6,382,86288.83885901247,37,2633.623065882668,529.6,32,0,0,18.48628480976913,1,15.659470149813842
wec,Le Mans 24 2026,lap_down,HYPERCAR,5,985210,HYPERCAR-05,7,7,382,86316.99497883841,36,2651.848886032482,537.6,32,-1,0,-9.669835016175057,0,-2.5663500000000568
wec,Le Mans 24 2026,agent,HYPERCAR,5,985210,HYPERCAR-05,7,7,382,86320.70889433849,40,2708.512518178407,475.20000000000005,32,-1,0,-13.383750516251894,4,-59.22998214592508
wec,Le Mans 24 2026,fuel_window,HYPERCAR,5,780494,HYPERCAR-08,10,10,387,86266.64328057478,37,2566.467401211152,564.0,24,0,0,0.0,0,0.0
wec,Le Mans 24 2026,caution_gambler,HYPERCAR,5,780494,HYPERCAR-08,10,10,387,86257.87946940184,37,2551.377263211152,585.6,24,0,0,8.763811172932037,0,15.090138000000024
wec,Le Mans 24 2026,track_position,HYPERCAR,5,780494,HYPERCAR-08,4,4,388,86217.94457769344,35,2468.4402443590943,612.8000000000001,24,6,1,48.69870288133097,-2,98.02715685205749
wec,Le Mans 24 2026,splash_and_dash,HYPERCAR,5,780494,HYPERCAR-08,9,9,387,86246.69210959105,38,2552.1012246931023,561.6,24,1,0,19.951170983724296,1,14.366176518049542
wec,Le Mans 24 2026,lap_down,HYPERCAR,5,780494,HYPERCAR-08,10,10,387,86266.64328057478,37,2566.467401211152,564.0,24,0,0,0.0,0,0.0
wec,Le Mans 24 2026,agent,HYPERCAR,5,780494,HYPERCAR-08,7,7,388,86303.81932363324,36,2520.7112326972738,571.2,24,3,1,-37.17604305846908,-1,45.75616851387804
wec,Le Mans 24 2026,fuel_window,HYPERCAR,5,939446,HYPERCAR-04,10,10,386,86300.09263204304,36,2641.234024403084,503.20000000000005,26,0,0,0.0,0,0.0
wec,Le Mans 24 2026,caution_gambler,HYPERCAR,5,939446,HYPERCAR-04,4,4,388,86227.77565582204,37,2662.0246963077666,494.40000000000003,23,6,2,72.31697622100182,1,-20.790671904682767
wec,Le Mans 24 2026,track_position,HYPERCAR,5,939446,HYPERCAR-04,7,7,386,86197.0405087085,36,2642.2605644030837,570.4000000000001,25,3,0,103.05212333454983,0,-1.0265399999998408
wec,Le Mans 24 2026,splash_and_dash,HYPERCAR,5,939446,HYPERCAR-04,7,7,386,86198.77520925296,36,2607.780157463506,503.20000000000005,26,3,0,101.31742279008904,0,33.45386693957789
wec,Le Mans 24 2026,lap_down,HYPERCAR,5,939446,HYPERCAR-04,8,8,386,86242.87779230668,36,2642.2605644030837,484.00000000000006,25,2,0,57.2148397363635,0,-1.0265399999998408
wec,Le Mans 24 2026,agent,HYPERCAR,5,939446,HYPERCAR-04,7,7,386,86197.0405087085,36,2642.2605644030837,570.4000000000001,25,3,0,103.05212333454983,0,-1.0265399999998408
wec,Le Mans 24 2026,fuel_window,HYPERCAR,5,775693,HYPERCAR-01,6,6,397,86364.39580417472,39,2704.163814748446,521.6,4,0,0,0.0,0,0.0
wec,Le Mans 24 2026,caution_gambler,HYPERCAR,5,775693,HYPERCAR-01,6,6,397,86364.39580417472,39,2704.163814748446,521.6,4,0,0,0.0,0,0.0
wec,Le Mans 24 2026,track_position,HYPERCAR,5,775693,HYPERCAR-01,8,8,396,86207.67049298808,39,2704.163814748446,601.6,4,-2,-1,156.72531118664483,0,0.0
wec,Le Mans 24 2026,splash_and_dash,HYPERCAR,5,775693,HYPERCAR-01,6,6,397,86336.35105331521,40,2691.6579466285875,509.6,4,0,0,28.044750859509804,1,12.505868119858405
wec,Le Mans 24 2026,lap_down,HYPERCAR,5,775693,HYPERCAR-01,6,6,397,86364.39580417472,39,2704.163814748446,521.6,4,0,0,0.0,0,0.0
wec,Le Mans 24 2026,agent,HYPERCAR,5,775693,HYPERCAR-01,8,8,396,86207.67049298808,39,2704.163814748446,601.6,4,-2,-1,156.72531118664483,0,0.0
wec,Le Mans 24 2026,fuel_window,HYPERCAR,5,170983,HYPERCAR-12,4,4,392,86217.96146222229,37,2670.114483194283,480.00000000000006,15,0,0,0.0,0,0.0
wec,Le Mans 24 2026,caution_gambler,HYPERCAR,5,170983,HYPERCAR-12,4,4,392,86217.96146222229,37,2670.114483194283,480.00000000000006,15,0,0,0.0,0,0.0
wec,Le Mans 24 2026,track_position,HYPERCAR,5,170983,HYPERCAR-12,5,5,392,86265.5474565751,37,2670.114483194283,497.6,15,-1,0,-47.5859943528194,0,0.0
wec,Le Mans 24 2026,splash_and_dash,HYPERCAR,5,170983,HYPERCAR-12,4,4,392,86180.74661701664,37,2639.6385207282456,476.8,15,0,0,37.21484520564263,0,30.475962466037345
wec,Le Mans 24 2026,lap_down,HYPERCAR,5,170983,HYPERCAR-12,5,5,392,86268.1004726683,37,2670.114483194283,498.40000000000003,15,-1,0,-50.13901044601516,0,0.0
wec,Le Mans 24 2026,agent,HYPERCAR,5,170983,HYPERCAR-12,6,6,392,86356.69337438518,38,2671.435011549121,512.8000000000001,15,-2,0,-138.73191216289706,1,-1.3205283548381885
wec,Le Mans 24 2026,fuel_window,HYPERCAR,5,358171,HYPERCAR-01,4,4,372,86271.87019128285,34,2334.904664207514,432.8,53,0,0,0.0,0,0.0
wec,Le Mans 24 2026,caution_gambler,HYPERCAR,5,358171,HYPERCAR-01,5,5,372,86260.1225631505,35,2334.327579494889,507.20000000000005,49,-1,0,11.74762813236157,1,0.5770847126250374
wec,Le Mans 24 2026,track_position,HYPERCAR,5,358171,HYPERCAR-01,7,7,372,86261.23044404943,33,2259.260409031239,449.6,52,-3,0,10.639747233421076,-1,75.64425517627524
wec,Le Mans 24 2026,splash_and_dash,HYPERCAR,5,358171,HYPERCAR-01,3,3,372,86234.79324484554,34,2299.058823961936,434.40000000000003,53,1,0,37.0769464373152,0,35.845840245578074
wec,Le Mans 24 2026,lap_down,HYPERCAR,5,358171,HYPERCAR-01,4,4,372,86271.87019128285,34,2334.904664207514,432.8,53,0,0,0.0,0,0.0
wec,Le Mans 24 2026,agent,HYPERCAR,5,358171,HYPERCAR-01,4,4,372,86205.98030533908,47,2566.1450186843554,478.40000000000003,51,0,0,65.88988594377588,13,-231.24035447684128
wec,Le Mans 24 2026,fuel_window,HYPERCAR,5,371150,HYPERCAR-06,12,12,385,86253.72011841457,36,2628.88194621128,540.8000000000001,28,0,0,0.0,0,0.0
wec,Le Mans 24 2026,caution_gambler,HYPERCAR,5,371150,HYPERCAR-06,10,10,385,86181.1619949673,37,2664.7478837420335,549.6,27,2,0,72.55812344726291,1,-35.8659375307534
wec,Le Mans 24 2026,track_position,HYPERCAR,5,371150,HYPERCAR-06,11,11,386,86377.91515651152,35,2582.223833415735,567.2,28,1,1,-124.19503809695016,-1,46.658112795545094
wec,Le Mans 24 2026,splash_and_dash,HYPERCAR,5,371150,HYPERCAR-06,12,12,385,86206.14293076714,36,2595.6897530295087,529.6,28,0,0,47.577187647431856,0,33.19219318177147
wec,Le Mans 24 2026,lap_down,HYPERCAR,5,371150,HYPERCAR-06,12,12,385,86253.72011841457,36,2628.88194621128,540.8000000000001,28,0,0,0.0,0,0.0
wec,Le Mans 24 2026,agent,HYPERCAR,5,371150,HYPERCAR-06,8,8,386,86290.48810055116,41,2709.2916775357394,544.8000000000001,25,4,1,-36.767982136589126,5,-80.40973132445924
wec,Le Mans 24 2026,fuel_window,HYPERCAR,5,478516,HYPERCAR-13,7,7,391,86179.8496545439,36,2517.1470463921323,540.8000000000001,17,0,0,0.0,0,0.0
wec,Le Mans 24 2026,caution_gambler,HYPERCAR,5,478516,HYPERCAR-13,7,7,391,86179.8496545439,36,2517.1470463921323,540.8000000000001,17,0,0,0.0,0,0.0
wec,Le Mans 24 2026,track_position,HYPERCAR,5,478516,HYPERCAR-13,5,5,392,86277.17058051364,36,2519.200126392132,515.2,16,2,1,-97.3209259697469,0,-2.0530799999996816
wec,Le Mans 24 2026,splash_and_dash,HYPERCAR,5,478516,HYPERCAR-13,7,7,391,86151.4096229966,37,2516.098714567231,548.0,17,0,0,28.44003154730308,1,1.0483318249011973
wec,Le Mans 24 2026,lap_down,HYPERCAR,5,478516,HYPERCAR-13,7,7,391,86179.8496545439,36,2517.1470463921323,540.8000000000001,17,0,0,0.0,0,0.0
wec,Le Mans 24 2026,agent,HYPERCAR,5,478516,HYPERCAR-13,5,5,392,86277.17058051364,36,2519.200126392132,515.2,16,2,1,-97.3209259697469,0,-2.0530799999996816
wec,Le Mans 24 2026,fuel_window,HYPERCAR,5,222966,HYPERCAR-12,3,3,381,86300.8301490554,34,2306.05302557343,541.6,36,0,0,0.0,0,0.0
wec,Le Mans 24 2026,caution_gambler,HYPERCAR,5,222966,HYPERCAR-12,5,5,381,86346.74799932631,35,2347.8147968744092,549.6,36,-2,0,-45.917850270911,1,-41.761771300979035
wec,Le Mans 24 2026,track_position,HYPERCAR,5,222966,HYPERCAR-12,3,3,381,86300.8301490554,34,2306.05302557343,541.6,36,0,0,0.0,0,0.0
wec,Le Mans 24 2026,splash_and_dash,HYPERCAR,5,222966,HYPERCAR-12,3,3,381,86296.44917124807,34,2273.574644484543,540.8000000000001,36,0,0,4.380977807333693,0,32.47838108888709
wec,Le Mans 24 2026,lap_down,HYPERCAR,5,222966,HYPERCAR-12,3,3,381,86300.8301490554,34,2306.05302557343,541.6,36,0,0,0.0,0,0.0
wec,Le Mans 24 2026,agent,HYPERCAR,5,222966,HYPERCAR-12,5,5,381,86178.82685309135,36,2339.0358521468065,556.0,37,-2,0,122.00329596405209,2,-32.982826573376315
wec,Le Mans 24 2026,fuel_window,HYPERCAR,5,502045,HYPERCAR-04,4,4,378,86360.2934187954,34,2370.9474960088787,519.2,39,0,0,0.0,0,0.0
wec,Le Mans 24 2026,caution_gambler,HYPERCAR,5,502045,HYPERCAR-04,4,4,377,86199.22500920523,36,2432.518329294849,572.0,39,0,-1,161.068409590167,2,-61.570833285970366
wec,Le Mans 24 2026,track_position,HYPERCAR,5,502045,HYPERCAR-04,2,2,378,86366.93366697522,34,2369.715648008879,544.8000000000001,40,2,0,-6.640248179828632,0,1.2318479999999
wec,Le Mans 24 2026,splash_and_dash,HYPERCAR,5,502045,HYPERCAR-04,4,4,378,86352.0136468253,35,2372.160495052416,513.6,39,0,0,8.279771970090223,1,-1.2129990435373657
wec,Le Mans 24 2026,lap_down,HYPERCAR,5,502045,HYPERCAR-04,4,4,378,86360.2934187954,34,2370.9474960088787,519.2,39,0,0,0.0,0,0.0
wec,Le Mans 24 2026,agent,HYPERCAR,5,502045,HYPERCAR-04,5,5,377,86237.87789122263,43,2530.798442579643,555.2,40,-1,-1,122.41552757276804,9,-159.85094657076434
wec,Le Mans 24 2026,fuel_window,HYPERCAR,5,27495,HYPERCAR-04,6,6,391,86213.49615422219,38,2737.119861687785,514.4000000000001,18,0,0,0.0,0,0.0
wec,Le Mans 24 2026,caution_gambler,HYPERCAR,5,27495,HYPERCAR-04,6,6,391,86213.49615422219,38,2737.119861687785,514.4000000000001,18,0,0,0.0,0,0.0
wec,Le Mans 24 2026,track_position,HYPERCAR,5,27495,HYPERCAR-04,12,12,390,86191.60944684864,37,2699.567401240526,589.6,16,-6,-1,21.886707373545505,-1,37.55246044725891
wec,Le Mans 24 2026,splash_and_dash,HYPERCAR,5,27495,HYPERCAR-04,5,5,391,86168.62553567908,39,2713.0774840619592,514.4000000000001,18,1,0,44.87061854310741,1,24.042377625825793
wec,Le Mans 24 2026,lap_down,HYPERCAR,5,27495,HYPERCAR-04,6,6,391,86212.51462344419,38,2737.119861687785,523.2,18,0,0,0.981530777993612,0,0.0
wec,Le Mans 24 2026,agent,HYPERCAR,5,27495,HYPERCAR-04,12,12,390,86191.60944684864,37,2699.567401240526,589.6,16,-6,-1,21.886707373545505,-1,37.55246044725891
wec,Le Mans 24 2026,fuel_window,HYPERCAR,5,421921,HYPERCAR-10,6,6,389,86274.85143273712,36,2561.285544695884,548.0,23,0,0,0.0,0,0.0
wec,Le Mans 24 2026,caution_gambler,HYPERCAR,5,421921,HYPERCAR-10,4,4,389,86251.96806205061,36,2561.901468695884,529.6,23,2,0,22.883370686511626,0,-0.6159240000001773
wec,Le Mans 24 2026,track_position,HYPERCAR,5,421921,HYPERCAR-10,8,8,388,86195.49357815126,35,2520.0357430368213,540.0,23,-2,-1,79.35785458586179,-1,41.24980165906254
wec,Le Mans 24 2026,splash_and_dash,HYPERCAR,5,421921,HYPERCAR-10,4,4,389,86231.97198895879,36,2527.991095383203,541.6,23,2,0,42.87944377833628,0,33.29444931268063
wec,Le Mans 24 2026,lap_down,HYPERCAR,5,421921,HYPERCAR-10,6,6,389,86274.85143273712,36,2561.285544695884,548.0,23,0,0,0.0,0,0.0
wec,Le Mans 24 2026,agent,HYPERCAR,5,421921,HYPERCAR-10,7,7,389,86345.58343698704,36,2527.69444510796,525.6,23,-1,0,-70.73200424991956,0,33.591099587923964
wec,Le Mans 24 2026,fuel_window,HYPERCAR,5,428915,HYPERCAR-12,7,7,387,86308.14846339832,37,2592.2088627848348,500.00000000000006,24,0,0,0.0,0,0.0
wec,Le Mans 24 2026,caution_gambler,HYPERCAR,5,428915,HYPERCAR-12,7,7,387,86308.86250766493,38,2637.907695848214,500.00000000000006,24,0,0,-0.7140442666132003,1,-45.698833063379425
wec,Le Mans 24 2026,track_position,HYPERCAR,5,428915,HYPERCAR-12,5,5,387,86317.90994326242,35,2513.818601672053,546.4000000000001,25,2,0,-9.761479864100693,-2,78.3902611127819
wec,Le Mans 24 2026,splash_and_dash,HYPERCAR,5,428915,HYPERCAR-12,7,7,387,86308.14846339832,37,2592.2088627848348,500.00000000000006,24,0,0,0.0,0,0.0
wec,Le Mans 24 2026,lap_down,HYPERCAR,5,428915,HYPERCAR-12,7,7,387,86308.14846339832,37,2592.2088627848348,500.00000000000006,24,0,0,0.0,0,0.0
wec,Le Mans 24 2026,agent,HYPERCAR,5,428915,HYPERCAR-12,5,5,387,86317.90994326242,35,2513.818601672053,546.4000000000001,25,2,0,-9.761479864100693,-2,78.3902611127819
wec,Le Mans 24 2026,fuel_window,HYPERCAR,5,169066,HYPERCAR-05,11,11,389,86334.15884412546,37,2705.8243185038205,551.2,19,0,0,0.0,0,0.0
wec,Le Mans 24 2026,caution_gambler,HYPERCAR,5,169066,HYPERCAR-05,11,11,389,86334.15884412546,37,2705.8243185038205,551.2,19,0,0,0.0,0,0.0
wec,Le Mans 24 2026,track_position,HYPERCAR,5,169066,HYPERCAR-05,11,11,389,86334.15884412546,37,2705.8243185038205,551.2,19,0,0,0.0,0,0.0
wec,Le Mans 24 2026,splash_and_dash,HYPERCAR,5,169066,HYPERCAR-05,9,9,389,86306.9115965333,38,2681.146512281476,550.4000000000001,19,2,0,27.247247592153144,1,24.677806222344316
wec,Le Mans 24 2026,lap_down,HYPERCAR,5,169066,HYPERCAR-05,11,11,389,86334.15884412546,37,2705.8243185038205,551.2,19,0,0,0.0,0,0.0
wec,Le Mans 24 2026,agent,HYPERCAR,5,169066,HYPERCAR-05,11,11,389,86334.15884412546,37,2705.8243185038205,551.2,19,0,0,0.0,0,0.0
wec,Le Mans 24 2026,fuel_window,HYPERCAR,5,398769,HYPERCAR-07,2,2,385,86204.75257456972,36,2415.703238120043,580.0,29,0,0,0.0,0,0.0
wec,Le Mans 24 2026,caution_gambler,HYPERCAR,5,398769,HYPERCAR-07,4,4,385,86254.71515148757,37,2416.604346484802,558.4,30,-2,0,-49.96257691785286,1,-0.9011083647592386
wec,Le Mans 24 2026,track_position,HYPERCAR,5,398769,HYPERCAR-07,2,2,384,86203.4658067907,36,2418.269588120043,544.0,29,0,-1,1.2867677790200105,0,-2.5663500000000568
wec,Le Mans 24 2026,splash_and_dash,HYPERCAR,5,398769,HYPERCAR-07,1,1,385,86175.54414194929,37,2412.76732164472,579.2,29,1,0,29.208432620434905,1,2.935916475322756
wec,Le Mans 24 2026,lap_down,HYPERCAR,5,398769,HYPERCAR-07,2,2,385,86204.75257456972,36,2415.703238120043,580.0,29,0,0,0.0,0,0.0
wec,Le Mans 24 2026,agent,HYPERCAR,5,398769,HYPERCAR-07,6,6,384,86235.39832436267,46,2612.5843073715205,504.8,29,-4,-1,-30.645749792951392,10,-196.88106925147758
wec,Le Mans 24 2026,fuel_window,HYPERCAR,5,897347,HYPERCAR-08,3,3,387,86291.12277582171,37,2464.915515978617,536.0,25,0,0,0.0,0,0.0
wec,Le Mans 24 2026,caution_gambler,HYPERCAR,5,897347,HYPERCAR-08,1,1,387,86204.11618459094,39,2530.2446141292744,491.20000000000005,24,2,0,87.0065912307764,2,-65.3290981506575
wec,Le Mans 24 2026,track_position,HYPERCAR,5,897347,HYPERCAR-08,5,5,387,86318.16760825836,35,2399.9265836473123,553.6,25,-2,0,-27.044832436644356,-2,64.98893233130457
wec,Le Mans 24 2026,splash_and_dash,HYPERCAR,5,897347,HYPERCAR-08,3,3,387,86283.93261129505,37,2446.0637295428332,536.0,25,0,0,7.1901645266625565,0,18.85178643578365
wec,Le Mans 24 2026,lap_down,HYPERCAR,5,897347,HYPERCAR-08,3,3,387,86291.12277582171,37,2464.915515978617,536.0,25,0,0,0.0,0,0.0
wec,Le Mans 24 2026,agent,HYPERCAR,5,897347,HYPERCAR-08,1,1,387,86209.76207423981,42,2472.498251176542,565.6,24,2,0,81.36070158189978,5,-7.582735197925103
wec,Le Mans 24 2026,fuel_window,HYPERCAR,5,842833,HYPERCAR-14,2,2,389,86302.92851731801,37,2596.186214285279,452.00000000000006,23,0,0,0.0,0,0.0
wec,Le Mans 24 2026,caution_gambler,HYPERCAR,5,842833,HYPERCAR-14,5,5,388,86296.58300368735,39,2628.714319518063,530.4000000000001,23,-3,-1,6.345513630658388,2,-32.52810523278367
wec,Le Mans 24 2026,track_position,HYPERCAR,5,842833,HYPERCAR-14,2,2,389,86317.06049150354,36,2572.027162703811,481.6,23,0,0,-14.131974185525905,-1,24.159051581468248
wec,Le Mans 24 2026,splash_and_dash,HYPERCAR,5,842833,HYPERCAR-14,2,2,389,86282.5576478188,38,2582.2925627038107,448.00000000000006,23,0,0,20.37086949920922,1,13.893651581468475
wec,Le Mans 24 2026,lap_down,HYPERCAR,5,842833,HYPERCAR-14,2,2,389,86302.92851731801,37,2596.186214285279,452.00000000000006,23,0,0,0.0,0,0.0
wec,Le Mans 24 2026,agent,HYPERCAR,5,842833,HYPERCAR-14,2,2,389,86329.14507144908,42,2603.4129127082283,546.4000000000001,21,0,0,-26.216554131067824,5,-7.2266984229490845
wec,Le Mans 24 2026,fuel_window,HYPERCAR,5,804167,HYPERCAR-12,2,2,386,86340.81496673587,37,2586.9511700380854,524.8000000000001,25,0,0,0.0,0,0.0
wec,Le Mans 24 2026,caution_gambler,HYPERCAR,5,804167,HYPERCAR-12,2,2,386,86340.81496673587,37,2586.9511700380854,524.8000000000001,25,0,0,0.0,0,0.0
wec,Le Mans 24 2026,track_position,HYPERCAR,5,804167,HYPERCAR-12,6,6,386,86382.9988681921,36,2516.1498598847866,555.2,27,-4,0,-42.18390145622834,-1,70.8013101532988
wec,Le Mans 24 2026,splash_and_dash,HYPERCAR,5,804167,HYPERCAR-12,2,2,386,86287.49626995368,37,2533.857674884787,524.8000000000001,25,0,0,53.31869678218209,0,53.09349515329859
wec,Le Mans 24 2026,lap_down,HYPERCAR,5,804167,HYPERCAR-12,2,2,386,86340.81496673587,37,2586.9511700380854,524.8000000000001,25,0,0,0.0,0,0.0
wec,Le Mans 24 2026,agent,HYPERCAR,5,804167,HYPERCAR-12,6,6,386,86382.9988681921,36,2516.1498598847866,555.2,27,-4,0,-42.18390145622834,-1,70.8013101532988
wec,Le Mans 24 2026,fuel_window,HYPERCAR,5,566852,HYPERCAR-13,5,5,395,86347.16931519329,38,2692.8364910403216,612.0,9,0,0,0.0,0,0.0
wec,Le Mans 24 2026,caution_gambler,HYPERCAR,5,566852,HYPERCAR-13,5,5,395,86347.16931519329,38,2692.8364910403216,612.0,9,0,0,0.0,0,0.0
wec,Le Mans 24 2026,track_position,HYPERCAR,5,566852,HYPERCAR-13,6,6,395,86344.91225129785,38,2692.8364910403216,605.6,9,-1,0,2.2570638954348397,0,0.0
wec,Le Mans 24 2026,splash_and_dash,HYPERCAR,5,566852,HYPERCAR-13,4,4,395,86320.77473961277,39,2680.3807981994137,601.6,9,1,0,26.394575580517994,1,12.455692840907886
wec,Le Mans 24 2026,lap_down,HYPERCAR,5,566852,HYPERCAR-13,5,5,395,86347.16931519329,38,2692.8364910403216,612.0,9,0,0,0.0,0,0.0
wec,Le Mans 24 2026,agent,HYPERCAR,5,566852,HYPERCAR-13,6,6,395,86344.91225129785,38,2692.8364910403216,605.6,9,-1,0,2.2570638954348397,0,0.0
wec,Le Mans 24 2026,fuel_window,HYPERCAR,5,245977,HYPERCAR-02,1,1,378,86323.43164862419,34,2545.7856368765524,476.00000000000006,46,0,0,0.0,0,0.0
wec,Le Mans 24 2026,caution_gambler,HYPERCAR,5,245977,HYPERCAR-02,12,12,377,86238.2800979487,36,2603.153840405789,470.40000000000003,46,-11,-1,85.15155067549495,2,-57.36820352923678
wec,Le Mans 24 2026,track_position,HYPERCAR,5,245977,HYPERCAR-02,3,3,378,86356.25465797225,34,2528.3344568765524,462.40000000000003,44,-2,0,-32.82300934806699,0,17.451180000000022
wec,Le Mans 24 2026,splash_and_dash,HYPERCAR,5,245977,HYPERCAR-02,1,1,378,86299.70551072665,35,2526.136716896741,474.40000000000003,46,0,0,23.726137897538138,1,19.64891997981158
wec,Le Mans 24 2026,lap_down,HYPERCAR,5,245977,HYPERCAR-02,1,1,378,86323.43164862419,34,2545.7856368765524,476.00000000000006,46,0,0,0.0,0,0.0
wec,Le Mans 24 2026,agent,HYPERCAR,5,245977,HYPERCAR-02,6,6,377,86274.24462788786,36,2532.934302287977,422.40000000000003,47,-5,-1,49.187020736324484,2,12.851334588575355
wec,Le Mans 24 2026,fuel_window,HYPERCAR,5,457918,HYPERCAR-10,7,7,388,86370.89474005108,36,2685.7409614510548,482.40000000000003,25,0,0,0.0,0,0.0
wec,Le Mans 24 2026,caution_gambler,HYPERCAR,5,457918,HYPERCAR-10,7,7,388,86359.5296989931,36,2664.2862754510547,501.6,24,0,0,11.365041057986673,0,21.454686000000038
wec,Le Mans 24 2026,track_position,HYPERCAR,5,457918,HYPERCAR-10,10,10,387,86250.39564396656,36,2690.3603914510545,616.8000000000001,24,-3,-1,120.49909608451708,0,-4.619429999999738
wec,Le Mans 24 2026,splash_and_dash,HYPERCAR,5,457918,HYPERCAR-10,7,7,388,86352.45530391668,37,2670.4865197823133,482.40000000000003,25,0,0,18.439436134402058,1,15.254441668741492
wec,Le Mans 24 2026,lap_down,HYPERCAR,5,457918,HYPERCAR-10,8,8,387,86209.49363728918,36,2687.794041451055,574.4000000000001,24,-1,-1,161.40110276189807,0,-2.0530800000001364
wec,Le Mans 24 2026,agent,HYPERCAR,5,457918,HYPERCAR-10,10,10,387,86230.35051171976,36,2662.489830451055,518.4000000000001,25,-3,-1,140.54422833131684,0,23.251130999999987
wec,Le Mans 24 2026,fuel_window,HYPERCAR,5,67122,HYPERCAR-01,1,1,379,86305.68499886114,35,2484.5973513651834,438.40000000000003,39,0,0,0.0,0,0.0
wec,Le Mans 24 2026,caution_gambler,HYPERCAR,5,67122,HYPERCAR-01,1,1,379,86267.63962765386,36,2523.019466655259,481.6,39,0,0,38.04537120727764,1,-38.42211529007545
wec,Le Mans 24 2026,track_position,HYPERCAR,5,67122,HYPERCAR-01,5,5,379,86278.1236605197,35,2506.154691365183,522.4000000000001,42,-4,0,27.56133834143111,0,-21.55733999999984
wec,Le Mans 24 2026,splash_and_dash,HYPERCAR,5,67122,HYPERCAR-01,1,1,379,86260.97537406338,35,2438.673786502656,440.0,39,0,0,44.709624797760625,0,45.9235648625272
wec,Le Mans 24 2026,lap_down,HYPERCAR,5,67122,HYPERCAR-01,1,1,379,86305.68499886114,35,2484.5973513651834,438.40000000000003,39,0,0,0.0,0,0.0
wec,Le Mans 24 2026,agent,HYPERCAR,5,67122,HYPERCAR-01,5,5,378,86123.88571270718,39,2532.479346542379,465.6,40,-4,-1,181.7992861539533,4,-47.88199517719568
wec,Le Mans 24 2026,fuel_window,HYPERCAR,5,743431,HYPERCAR-03,7,7,393,86357.61758842021,37,2529.5261664140457,527.2,14,0,0,0.0,0,0.0
wec,Le Mans 24 2026,caution_gambler,HYPERCAR,5,743431,HYPERCAR-03,7,7,393,86357.61758842021,37,2529.5261664140457,527.2,14,0,0,0.0,0,0.0
wec,Le Mans 24 2026,track_position,HYPERCAR,5,743431,HYPERCAR-03,7,7,392,86208.66687078816,37,2556.0108984140456,608.8000000000001,12,0,-1,148.9507176320476,0,-26.484731999999894
wec,Le Mans 24 2026,splash_and_dash,HYPERCAR,5,743431,HYPERCAR-03,5,5,393,86346.24640362522,38,2520.186087810766,528.0,14,2,0,11.371184794988949,1,9.340078603279835
wec,Le Mans 24 2026,lap_down,HYPERCAR,5,743431,HYPERCAR-03,7,7,393,86357.61758842021,37,2529.5261664140457,527.2,14,0,0,0.0,0,0.0
wec,Le Mans 24 2026,agent,HYPERCAR,5,743431,HYPERCAR-03,7,7,392,86208.66687078816,37,2556.0108984140456,608.8000000000001,12,0,-1,148.9507176320476,0,-26.484731999999894
wec,Le Mans 24 2026,fuel_window,HYPERCAR,5,633433,HYPERCAR-04,4,4,388,86351.87326191863,36,2610.621082828422,479.20000000000005,25,0,0,0.0,0,0.0
wec,Le Mans 24 2026,caution_gambler,HYPERCAR,5,633433,HYPERCAR-04,4,4,387,86220.2737726128,37,2613.7110572544657,505.6,24,0,-1,131.59948930583778,1,-3.089974426043682
wec,Le Mans 24 2026,track_position,HYPERCAR,5,633433,HYPERCAR-04,5,5,387,86317.89437108714,35,2541.6334780711472,534.4000000000001,27,-1,-1,33.97889083149494,-1,68.98760475727477
wec,Le Mans 24 2026,splash_and_dash,HYPERCAR,5,633433,HYPERCAR-04,3,3,388,86332.26126382464,37,2588.3324143781847,484.00000000000006,25,1,0,19.61199809399841,1,22.28866845023731
wec,Le Mans 24 2026,lap_down,HYPERCAR,5,633433,HYPERCAR-04,4,4,388,86351.87326191863,36,2610.621082828422,479.20000000000005,25,0,0,0.0,0,0.0
wec,Le Mans 24 2026,agent,HYPERCAR,5,633433,HYPERCAR-04,5,5,387,86317.89437108714,35,2541.6334780711472,534.4000000000001,27,-1,-1,33.97889083149494,-1,68.98760475727477
wec,Le Mans 24 2026,fuel_window,HYPERCAR,5,474210,HYPERCAR-10,10,10,386,86238.54854844863,37,2668.289303213624,579.2,26,0,0,0.0,0,0.0
wec,Le Mans 24 2026,caution_gambler,HYPERCAR,5,474210,HYPERCAR-10,10,10,386,86238.29863283438,37,2671.368923213624,585.6,26,0,0,0.24991561424394604,0,-3.079619999999977
wec,Le Mans 24 2026,track_position,HYPERCAR,5,474210,HYPERCAR-10,12,12,385,86186.26786640589,37,2689.949297213624,614.4000000000001,25,-2,-1,52.28068204273586,0,-21.659994000000097
wec,Le Mans 24 2026,splash_and_dash,HYPERCAR,5,474210,HYPERCAR-10,10,10,386,86233.6163264802,37,2634.6009688361305,575.2,26,0,0,4.932221968425438,0,33.68833437749345
wec,Le Mans 24 2026,lap_down,HYPERCAR,5,474210,HYPERCAR-10,10,10,386,86227.33598095419,37,2689.949297213624,606.4000000000001,26,0,0,11.212567494440009,0,-21.659994000000097
wec,Le Mans 24 2026,agent,HYPERCAR,5,474210,HYPERCAR-10,12,12,385,86186.26786640589,37,2689.949297213624,614.4000000000001,25,-2,-1,52.28068204273586,0,-21.659994000000097
wec,Le Mans 24 2026,fuel_window,HYPERCAR,5,911459,HYPERCAR-09,4,4,396,86366.47909824917,38,2522.044751080219,560.8000000000001,8,0,0,0.0,0,0.0
wec,Le Mans 24 2026,caution_gambler,HYPERCAR,5,911459,HYPERCAR-09,4,4,396,86366.47909824917,38,2522.044751080219,560.8000000000001,8,0,0,0.0,0,0.0
wec,Le Mans 24 2026,track_position,HYPERCAR,5,911459,HYPERCAR-09,2,2,396,86289.426178726,38,2501.513951080219,568.8000000000001,9,2,0,77.05291952316475,0,20.5308
wec,Le Mans 24 2026,splash_and_dash,HYPERCAR,5,911459,HYPERCAR-09,3,3,396,86354.76804298087,39,2517.518690277565,556.8000000000001,8,1,0,11.711055268300697,1,4.526060802654229
wec,Le Mans 24 2026,lap_down,HYPERCAR,5,911459,HYPERCAR-09,4,4,396,86366.47909824917,38,2522.044751080219,560.8000000000001,8,0,0,0.0,0,0.0
wec,Le Mans 24 2026,agent,HYPERCAR,5,911459,HYPERCAR-09,2,2,396,86276.2760446156,38,2501.513951080219,574.4000000000001,9,2,0,90.20305363356601,0,20.5308
wec,Le Mans 24 2026,fuel_window,HYPERCAR,5,635952,HYPERCAR-11,5,5,390,86381.80498918916,37,2699.1607915010954,522.4000000000001,20,0,0,0.0,0,0.0
wec,Le Mans 24 2026,caution_gambler,HYPERCAR,5,635952,HYPERCAR-11,8,8,389,86334.31635318605,38,2730.6844616236103,532.8000000000001,20,-3,-1,47.488636003108695,1,-31.523670122514886
wec,Le Mans 24 2026,track_position,HYPERCAR,5,635952,HYPERCAR-11,2,2,390,86307.32913651023,37,2702.7536815010953,552.8000000000001,19,3,0,74.47585267892282,0,-3.5928899999998976
wec,Le Mans 24 2026,splash_and_dash,HYPERCAR,5,635952,HYPERCAR-11,5,5,390,86361.49370054586,38,2687.9883855974595,516.8000000000001,20,0,0,20.311288643293665,1,11.17240590363599
wec,Le Mans 24 2026,lap_down,HYPERCAR,5,635952,HYPERCAR-11,5,5,390,86381.80498918916,37,2699.1607915010954,522.4000000000001,20,0,0,0.0,0,0.0
wec,Le Mans 24 2026,agent,HYPERCAR,5,635952,HYPERCAR-11,7,7,390,86382.1039134343,40,2735.9156933143613,524.8000000000001,20,-2,0,-0.2989242451440077,3,-36.75490181326586
wec,Le Mans 24 2026,fuel_window,HYPERCAR,5,10752,HYPERCAR-07,9,9,381,86336.05225857157,36,2718.8010856626197,437.6,36,0,0,0.0,0,0.0
wec,Le Mans 24 2026,caution_gambler,HYPERCAR,5,10752,HYPERCAR-07,9,9,381,86373.85889278466,36,2702.5817536626196,464.8,36,0,0,-37.806634213091456,0,16.219332000000122
wec,Le Mans 24 2026,track_position,HYPERCAR,5,10752,HYPERCAR-07,9,9,381,86336.05225857157,36,2718.8010856626197,437.6,36,0,0,0.0,0,0.0
wec,Le Mans 24 2026,splash_and_dash,HYPERCAR,5,10752,HYPERCAR-07,8,8,381,86310.02473025957,37,2703.958551816283,429.6,36,1,0,26.02752831199905,1,14.842533846336664
wec,Le Mans 24 2026,lap_down,HYPERCAR,5,10752,HYPERCAR-07,9,9,381,86336.05225857157,36,2718.8010856626197,437.6,36,0,0,0.0,0,0.0
wec,Le Mans 24 2026,agent,HYPERCAR,5,10752,HYPERCAR-07,5,5,381,86317.91701572071,38,2728.1324554212356,447.20000000000005,35,4,0,18.13524285085441,2,-9.331369758615892
wec,Le Mans 24 2026,fuel_window,HYPERCAR,5,474351,HYPERCAR-08,11,11,385,86287.80038233103,35,2503.399414803615,509.6,26,0,0,0.0,0,0.0
wec,Le Mans 24 2026,caution_gambler,HYPERCAR,5,474351,HYPERCAR-08,11,11,385,86287.80038233103,35,2503.399414803615,509.6,26,0,0,0.0,0,0.0
wec,Le Mans 24 2026,track_position,HYPERCAR,5,474351,HYPERCAR-08,2,2,386,86270.20809204792,35,2505.965764803615,518.4000000000001,26,9,1,17.592290283108014,0,-2.5663500000000568
wec,Le Mans 24 2026,splash_and_dash,HYPERCAR,5,474351,HYPERCAR-08,11,11,385,86277.3192430371,36,2493.795493427412,511.20000000000005,26,0,0,10.481139293930028,1,9.603921376202834
wec,Le Mans 24 2026,lap_down,HYPERCAR,5,474351,HYPERCAR-08,9,9,385,86237.35633067704,35,2505.965764803615,520.8000000000001,26,2,0,50.444051653990755,0,-2.5663500000000568
wec,Le Mans 24 2026,agent,HYPERCAR,5,474351,HYPERCAR-08,2,2,386,86269.86600627545,36,2493.1344083625017,530.4000000000001,24,9,1,17.93437605557847,1,10.2650064411132
wec,Le Mans 24 2026,fuel_window,HYPERCAR,5,138042,HYPERCAR-16,6,6,395,86314.50250998599,38,2766.2695429362675,528.8000000000001,9,0,0,0.0,0,0.0
wec,Le Mans 24 2026,caution_gambler,HYPERCAR,5,138042,HYPERCAR-16,6,6,395,86314.50250998599,38,2766.2695429362675,528.8000000000001,9,0,0,0.0,0,0.0
wec,Le Mans 24 2026,track_position,HYPERCAR,5,138042,HYPERCAR-16,6,6,395,86314.50250998599,38,2766.2695429362675,528.8000000000001,9,0,0,0.0,0,0.0
wec,Le Mans 24 2026,splash_and_dash,HYPERCAR,5,138042,HYPERCAR-16,5,5,395,86301.86983491795,39,2753.975750607864,532.0,9,1,0,12.6326750680455,1,12.29379232840347
wec,Le Mans 24 2026,lap_down,HYPERCAR,5,138042,HYPERCAR-16,6,6,395,86314.50250998599,38,2766.2695429362675,528.8000000000001,9,0,0,0.0,0,0.0
wec,Le Mans 24 2026,agent,HYPERCAR,5,138042,HYPERCAR-16,6,6,395,86308.55089577688,39,2765.4644364577266,536.0,9,0,0,5.951614209116087,1,0.8051064785408926
wec,Le Mans 24 2026,fuel_window,HYPERCAR,5,109292,HYPERCAR-03,2,2,390,86494.40918479222,38,2688.952332152202,548.8000000000001,19,0,0,0.0,0,0.0
wec,Le Mans 24 2026,caution_gambler,HYPERCAR,5,109292,HYPERCAR-03,2,2,390,86448.42004051665,39,2701.75135449249,552.0,19,0,0,45.98914427557611,1,-12.799022340288047
wec,Le Mans 24 2026,track_position,HYPERCAR,5,109292,HYPERCAR-03,1,1,390,86482.49531277636,38,2669.448072152202,554.4000000000001,19,1,0,11.913872015866218,0,19.50426000000016
wec,Le Mans 24 2026,splash_and_dash,HYPERCAR,5,109292,HYPERCAR-03,2,2,390,86494.40918479222,38,2688.952332152202,548.8000000000001,19,0,0,0.0,0,0.0
wec,Le Mans 24 2026,lap_down,HYPERCAR,5,109292,HYPERCAR-03,2,2,390,86494.40918479222,38,2688.952332152202,548.8000000000001,19,0,0,0.0,0,0.0
wec,Le Mans 24 2026,agent,HYPERCAR,5,109292,HYPERCAR-03,1,1,390,86482.49531277636,38,2669.448072152202,554.4000000000001,19,1,0,11.913872015866218,0,19.50426000000016
wec,Le Mans 24 2026,fuel_window,HYPERCAR,5,888204,HYPERCAR-11,5,5,382,86199.85193353335,35,2381.5521099998496,536.0,36,0,0,0.0,0,0.0
wec,Le Mans 24 2026,caution_gambler,HYPERCAR,5,888204,HYPERCAR-11,8,8,382,86289.6160374141,37,2435.131325093439,539.2,34,-3,0,-89.76410388074873,2,-53.57921509358948
wec,Le Mans 24 2026,track_position,HYPERCAR,5,888204,HYPERCAR-11,3,3,383,86350.34054910588,35,2365.1274699998494,536.0,33,2,1,-150.4886155725253,0,16.42464000000018
wec,Le Mans 24 2026,splash_and_dash,HYPERCAR,5,888204,HYPERCAR-11,5,5,382,86179.36275729947,35,2353.755704779569,547.2,36,0,0,20.489176233881153,0,27.796405220280576
wec,Le Mans 24 2026,lap_down,HYPERCAR,5,888204,HYPERCAR-11,5,5,382,86199.85193353335,35,2381.5521099998496,536.0,36,0,0,0.0,0,0.0
wec,Le Mans 24 2026,agent,HYPERCAR,5,888204,HYPERCAR-11,4,4,382,86247.84384105331,39,2397.366802996163,539.2,34,1,0,-47.99190751995775,4,-15.814692996313624
wec,Le Mans 24 2026,fuel_window,HYPERCAR,5,334633,HYPERCAR-09,11,11,385,86281.97980184873,36,2707.29969496452,464.00000000000006,28,0,0,0.0,0,0.0
wec,Le Mans 24 2026,caution_gambler,HYPERCAR,5,334633,HYPERCAR-09,6,6,386,86248.76375844648,36,2695.80244696452,439.20000000000005,27,5,1,33.21604340225167,0,11.497247999999672
wec,Le Mans 24 2026,track_position,HYPERCAR,5,334633,HYPERCAR-09,11,11,385,86281.97980184873,36,2707.29969496452,464.00000000000006,28,0,0,0.0,0,0.0
wec,Le Mans 24 2026,splash_and_dash,HYPERCAR,5,334633,HYPERCAR-09,11,11,385,86281.94905083126,37,2704.8539384127284,469.6,28,0,0,0.030751017475267872,1,2.445756551791419
wec,Le Mans 24 2026,lap_down,HYPERCAR,5,334633,HYPERCAR-09,11,11,385,86281.97980184873,36,2707.29969496452,464.00000000000006,28,0,0,0.0,0,0.0
wec,Le Mans 24 2026,agent,HYPERCAR,5,334633,HYPERCAR-09,8,8,386,86300.11289242045,39,2797.9579173053203,539.2,29,3,1,-18.13309057171864,3,-90.65822234080042
wec,Le Mans 24 2026,fuel_window,HYPERCAR,5,252961,HYPERCAR-08,13,13,376,86250.87049748043,34,2498.0257356517736,501.6,43,0,0,0.0,0,0.0
wec,Le Mans 24 2026,caution_gambler,HYPERCAR,5,252961,HYPERCAR-08,10,10,376,86180.4404166535,36,2542.4390559362373,477.6,43,3,0,70.43008082693268,2,-44.41332028446368
wec,Le Mans 24 2026,track_position,HYPERCAR,5,252961,HYPERCAR-08,11,11,376,86224.90781956124,34,2498.0257356517736,493.6,43,2,0,25.962677919189446,0,0.0
wec,Le Mans 24 2026,splash_and_dash,HYPERCAR,5,252961,HYPERCAR-08,8,8,376,86204.56165001399,34,2455.0863295551335,500.00000000000006,43,5,0,46.30884746644006,0,42.93940609664014
wec,Le Mans 24 2026,lap_down,HYPERCAR,5,252961,HYPERCAR-08,13,13,376,86250.87049748043,34,2498.0257356517736,501.6,43,0,0,0.0,0,0.0
wec,Le Mans 24 2026,agent,HYPERCAR,5,252961,HYPERCAR-08,5,5,377,86209.19046951162,37,2547.6490665605,458.40000000000003,43,8,1,41.68002796880319,3,-49.62333090872653
wec,Le Mans 24 2026,fuel_window,HYPERCAR,5,537635,HYPERCAR-01,5,5,389,86211.91043921662,36,2684.2270846974943,469.6,23,0,0,0.0,0,0.0
wec,Le Mans 24 2026,caution_gambler,HYPERCAR,5,537635,HYPERCAR-01,4,4,390,86378.17947224804,37,2719.4229413215203,512.8000000000001,24,1,1,-166.2690330314217,1,-35.195856624025964
wec,Le Mans 24 2026,track_position,HYPERCAR,5,537635,HYPERCAR-01,5,5,389,86211.91043921662,36,2684.2270846974943,469.6,23,0,0,0.0,0,0.0
wec,Le Mans 24 2026,splash_and_dash,HYPERCAR,5,537635,HYPERCAR-01,5,5,389,86176.27889014597,37,2667.275727714942,476.00000000000006,23,0,0,35.63154907064745,1,16.95135698255217
wec,Le Mans 24 2026,lap_down,HYPERCAR,5,537635,HYPERCAR-01,5,5,389,86226.34810257149,36,2686.7934346974944,481.6,23,0,0,-14.437663354867254,0,-2.5663500000000568
wec,Le Mans 24 2026,agent,HYPERCAR,5,537635,HYPERCAR-01,5,5,389,86226.34810257149,36,2686.7934346974944,481.6,23,0,0,-14.437663354867254,0,-2.5663500000000568
wec,Le Mans 24 2026,fuel_window,HYPERCAR,5,642373,HYPERCAR-12,11,11,381,86356.4411902088,36,2609.0927287773893,522.4000000000001,35,0,0,0.0,0,0.0
wec,Le Mans 24 2026,caution_gambler,HYPERCAR,5,642373,HYPERCAR-12,12,12,380,86202.27221216344,37,2667.488209648242,558.4000000000001,36,-1,-1,154.16897804535984,1,-58.39548087085268
wec,Le Mans 24 2026,track_position,HYPERCAR,5,642373,HYPERCAR-12,7,7,381,86272.30714907254,36,2592.5654347773893,575.2,35,4,0,84.13404113626166,0,16.527293999999983
wec,Le Mans 24 2026,splash_and_dash,HYPERCAR,5,642373,HYPERCAR-12,12,12,381,86368.23760916907,37,2622.8280304772584,524.0,35,-1,0,-11.796418960264418,1,-13.73530169986907
wec,Le Mans 24 2026,lap_down,HYPERCAR,5,642373,HYPERCAR-12,11,11,381,86356.4411902088,36,2609.0927287773893,522.4000000000001,35,0,0,0.0,0,0.0
wec,Le Mans 24 2026,agent,HYPERCAR,5,642373,HYPERCAR-12,10,10,380,86185.73038336379,45,2788.904446670002,596.0,35,1,-1,170.71080684501794,9,-179.8117178926127
wec,Le Mans 24 2026,fuel_window,HYPERCAR,5,544629,HYPERCAR-14,6,6,382,86236.33217710392,35,2585.9456879787167,512.8000000000001,33,0,0,0.0,0,0.0
wec,Le Mans 24 2026,caution_gambler,HYPERCAR,5,544629,HYPERCAR-14,2,2,382,86188.37799494393,38,2666.7233137082076,529.6,33,4,0,47.954182159985066,3,-80.77762572949086
wec,Le Mans 24 2026,track_position,HYPERCAR,5,544629,HYPERCAR-14,6,6,382,86236.33217710392,35,2585.9456879787167,512.8000000000001,33,0,0,0.0,0,0.0
wec,Le Mans 24 2026,splash_and_dash,HYPERCAR,5,544629,HYPERCAR-14,5,5,382,86211.13486589718,35,2555.4872595116335,521.6,33,1,0,25.19731120673532,0,30.458428467083195
wec,Le Mans 24 2026,lap_down,HYPERCAR,5,544629,HYPERCAR-14,6,6,382,86236.33217710392,35,2585.9456879787167,512.8000000000001,33,0,0,0.0,0,0.0
wec,Le Mans 24 2026,agent,HYPERCAR,5,544629,HYPERCAR-14,1,1,382,86189.16111295366,38,2614.121978314911,459.20000000000005,33,5,0,47.171064150257735,3,-28.176290336194143
wec,Le Mans 24 2026,fuel_window,HYPERCAR,5,69214,HYPERCAR-12,9,9,386,86281.83809061148,37,2703.976233586872,581.6,27,0,0,0.0,0,0.0
wec,Le Mans 24 2026,caution_gambler,HYPERCAR,5,69214,HYPERCAR-12,13,13,386,86366.77153828763,37,2688.783441586872,595.2,27,-4,0,-84.93344767615781,0,15.192791999999827
wec,Le Mans 24 2026,track_position,HYPERCAR,5,69214,HYPERCAR-12,9,9,386,86294.22667363299,36,2670.768906366803,594.4000000000001,27,0,0,-12.388583021514933,-1,33.20732722006869
wec,Le Mans 24 2026,splash_and_dash,HYPERCAR,5,69214,HYPERCAR-12,8,8,386,86238.23298529554,37,2661.7866813668034,581.6,27,1,0,43.60510531593172,0,42.189552220068435
wec,Le Mans 24 2026,lap_down,HYPERCAR,5,69214,HYPERCAR-12,9,9,386,86294.22667363299,36,2670.768906366803,594.4000000000001,27,0,0,-12.388583021514933,-1,33.20732722006869
wec,Le Mans 24 2026,agent,HYPERCAR,5,69214,HYPERCAR-12,9,9,386,86294.22667363299,36,2670.768906366803,594.4000000000001,27,0,0,-12.388583021514933,-1,33.20732722006869
wec,Le Mans 24 2026,fuel_window,HYPERCAR,5,155639,HYPERCAR-17,4,4,387,86205.17818232902,37,2761.5022837604056,442.40000000000003,25,0,0,0.0,0,0.0
wec,Le Mans 24 2026,caution_gambler,HYPERCAR,5,155639,HYPERCAR-17,4,4,387,86327.62524736607,39,2822.0491472316694,496.00000000000006,25,0,0,-122.44706503704947,2,-60.546863471263805
wec,Le Mans 24 2026,track_position,HYPERCAR,5,155639,HYPERCAR-17,4,4,387,86205.17818232902,37,2761.5022837604056,442.40000000000003,25,0,0,0.0,0,0.0
wec,Le Mans 24 2026,splash_and_dash,HYPERCAR,5,155639,HYPERCAR-17,1,1,387,86189.3712993311,37,2744.5995882314533,442.40000000000003,25,3,0,15.806882997916546,0,16.902695528952336
wec,Le Mans 24 2026,lap_down,HYPERCAR,5,155639,HYPERCAR-17,4,4,387,86205.17818232902,37,2761.5022837604056,442.40000000000003,25,0,0,0.0,0,0.0
wec,Le Mans 24 2026,agent,HYPERCAR,5,155639,HYPERCAR-17,6,6,387,86341.09892156674,38,2760.5029184951845,486.40000000000003,25,-2,0,-135.92073923771386,1,0.9993652652210585
wec,Le Mans 24 2026,fuel_window,HYPERCAR,5,411304,HYPERCAR-03,3,3,375,86268.15180141895,34,2380.3555027683483,480.8,48,0,0,0.0,0,0.0
wec,Le Mans 24 2026,caution_gambler,HYPERCAR,5,411304,HYPERCAR-03,5,5,375,86271.9523223108,35,2432.808213205393,432.00000000000006,50,-2,0,-3.8005208918475546,1,-52.452710437044516
wec,Le Mans 24 2026,track_position,HYPERCAR,5,411304,HYPERCAR-03,4,4,375,86302.15003107037,34,2423.675490768348,463.20000000000005,48,-1,0,-33.99822965142084,0,-43.31998799999974
wec,Le Mans 24 2026,splash_and_dash,HYPERCAR,5,411304,HYPERCAR-03,1,1,375,86224.64417905733,34,2340.534746857495,478.40000000000003,48,2,0,43.507622361619724,0,39.82075591085322
wec,Le Mans 24 2026,lap_down,HYPERCAR,5,411304,HYPERCAR-03,3,3,375,86268.15180141895,34,2380.3555027683483,480.8,48,0,0,0.0,0,0.0
wec,Le Mans 24 2026,agent,HYPERCAR,5,411304,HYPERCAR-03,5,5,375,86333.77738833112,41,2497.0522738348027,522.4,48,-2,0,-65.62558691216691,7,-116.6967710664544
wec,Le Mans 24 2026,fuel_window,HYPERCAR,5,871344,HYPERCAR-15,1,1,389,86363.61212677047,37,2669.9353639024343,576.8000000000001,24,0,0,0.0,0,0.0
wec,Le Mans 24 2026,caution_gambler,HYPERCAR,5,871344,HYPERCAR-15,1,1,389,86363.89872159493,38,2706.619501433377,576.8000000000001,24,0,0,-0.28659482445800677,1,-36.684137530942735
wec,Le Mans 24 2026,track_position,HYPERCAR,5,871344,HYPERCAR-15,4,4,388,86201.63055675973,36,2615.676050500303,547.2,24,-3,-1,161.98157001074287,-1,54.25931340213128
wec,Le Mans 24 2026,splash_and_dash,HYPERCAR,5,871344,HYPERCAR-15,1,1,389,86363.1459344453,37,2653.7673589024344,576.8000000000001,24,0,0,0.46619232516968623,0,16.168004999999994
wec,Le Mans 24 2026,lap_down,HYPERCAR,5,871344,HYPERCAR-15,1,1,389,86363.61212677047,37,2669.9353639024343,576.8000000000001,24,0,0,0.0,0,0.0
wec,Le Mans 24 2026,agent,HYPERCAR,5,871344,HYPERCAR-15,4,4,388,86201.63055675973,36,2615.676050500303,547.2,24,-3,-1,161.98157001074287,-1,54.25931340213128
wec,Le Mans 24 2026,fuel_window,HYPERCAR,5,456975,HYPERCAR-13,5,5,381,86185.34170665422,36,2499.0275762256006,520.0,32,0,0,0.0,0,0.0
wec,Le Mans 24 2026,caution_gambler,HYPERCAR,5,456975,HYPERCAR-13,7,7,381,86203.40108060851,37,2500.0766033317486,504.00000000000006,33,-2,0,-18.05937395429646,1,-1.0490271061480598
wec,Le Mans 24 2026,track_position,HYPERCAR,5,456975,HYPERCAR-13,4,4,382,86293.6390537752,36,2499.0275762256006,496.00000000000006,32,1,1,-108.29734712098434,0,0.0
wec,Le Mans 24 2026,splash_and_dash,HYPERCAR,5,456975,HYPERCAR-13,5,5,382,86380.47200793211,37,2485.713386133456,523.2,32,0,1,-195.13030127789534,1,13.3141900921446
wec,Le Mans 24 2026,lap_down,HYPERCAR,5,456975,HYPERCAR-13,5,5,381,86185.34170665422,36,2499.0275762256006,520.0,32,0,0,0.0,0,0.0
wec,Le Mans 24 2026,agent,HYPERCAR,5,456975,HYPERCAR-13,3,3,383,86344.17081992232,46,2698.460346689088,636.0,31,2,2,-158.82911326810427,10,-199.4327704634875
wec,Le Mans 24 2026,fuel_window,HYPERCAR,5,390530,HYPERCAR-13,6,6,385,86364.32091190478,37,2525.7902494930427,528.0,28,0,0,0.0,0,0.0
wec,Le Mans 24 2026,caution_gambler,HYPERCAR,5,390530,HYPERCAR-13,3,3,385,86238.81835795102,38,2549.0509403347287,539.2,28,3,0,125.50255395376007,1,-23.260690841686028
wec,Le Mans 24 2026,track_position,HYPERCAR,5,390530,HYPERCAR-13,1,1,386,86361.62506954407,36,2450.4486564352,598.4000000000001,27,5,1,2.6958423607138684,-1,75.3415930578426
wec,Le Mans 24 2026,splash_and_dash,HYPERCAR,5,390530,HYPERCAR-13,6,6,385,86337.3116642296,38,2503.304331461637,525.6,28,0,0,27.009247675188817,1,22.485918031405618
wec,Le Mans 24 2026,lap_down,HYPERCAR,5,390530,HYPERCAR-13,6,6,385,86364.32091190478,37,2525.7902494930427,528.0,28,0,0,0.0,0,0.0
wec,Le Mans 24 2026,agent,HYPERCAR,5,390530,HYPERCAR-13,9,9,384,86197.70822460364,49,2816.9739420926935,624.0,29,-3,-1,166.61268730113807,12,-291.18369259965084
wec,Le Mans 24 2026,fuel_window,HYPERCAR,5,140038,HYPERCAR-02,3,3,382,86215.1549839458,35,2546.7078716380365,522.4000000000001,33,0,0,0.0,0,0.0
wec,Le Mans 24 2026,caution_gambler,HYPERCAR,5,140038,HYPERCAR-02,11,11,382,86243.51455230896,35,2458.4254316380366,508.00000000000006,36,-8,0,-28.35956836315745,0,88.28243999999995
wec,Le Mans 24 2026,track_position,HYPERCAR,5,140038,HYPERCAR-02,15,15,381,86202.3243119218,34,2496.3642766838066,547.2,35,-12,-1,12.830672024007072,-1,50.34359495422996
wec,Le Mans 24 2026,splash_and_dash,HYPERCAR,5,140038,HYPERCAR-02,2,2,382,86167.95156940151,36,2520.9676351896046,521.6,33,1,0,47.203414544288535,1,25.740236448431915
wec,Le Mans 24 2026,lap_down,HYPERCAR,5,140038,HYPERCAR-02,3,3,382,86215.1549839458,35,2546.7078716380365,522.4000000000001,33,0,0,0.0,0,0.0
wec,Le Mans 24 2026,agent,HYPERCAR,5,140038,HYPERCAR-02,2,2,382,86243.72229974734,36,2493.5277900776523,504.8,34,1,0,-28.567315801541554,1,53.180081560384224
wec,Le Mans 24 2026,fuel_window,HYPERCAR,5,284319,HYPERCAR-13,5,5,391,86217.24917057742,37,2558.8270272886125,564.0,17,0,0,0.0,0,0.0
wec,Le Mans 24 2026,caution_gambler,HYPERCAR,5,284319,HYPERCAR-13,5,5,391,86217.24917057742,37,2558.8270272886125,564.0,17,0,0,0.0,0,0.0
wec,Le Mans 24 2026,track_position,HYPERCAR,5,284319,HYPERCAR-13,7,7,391,86242.93367535895,36,2528.108543018262,565.6,17,-2,0,-25.68450478152954,-1,30.718484270350473
wec,Le Mans 24 2026,splash_and_dash,HYPERCAR,5,284319,HYPERCAR-13,3,3,391,86183.755942859,37,2526.1187940358577,566.4000000000001,17,2,0,33.49322771841253,0,32.70823325275478
wec,Le Mans 24 2026,lap_down,HYPERCAR,5,284319,HYPERCAR-13,5,5,391,86217.24917057742,37,2558.8270272886125,564.0,17,0,0,0.0,0,0.0
wec,Le Mans 24 2026,agent,HYPERCAR,5,284319,HYPERCAR-13,5,5,391,86197.90239548618,36,2489.459312018262,582.4000000000001,17,0,0,19.34677509123867,-1,69.36771527035035
wec,Le Mans 24 2026,fuel_window,HYPERCAR,5,211862,HYPERCAR-01,9,9,389,86216.70146828674,37,2653.4645058925967,532.8000000000001,20,0,0,0.0,0,0.0
wec,Le Mans 24 2026,caution_gambler,HYPERCAR,5,211862,HYPERCAR-01,9,9,389,86216.70146828674,37,2653.4645058925967,532.8000000000001,20,0,0,0.0,0,0.0
wec,Le Mans 24 2026,track_position,HYPERCAR,5,211862,HYPERCAR-01,5,5,390,86236.07023083368,36,2611.2029241116734,537.6,21,4,1,-19.368762546931976,-1,42.26158178092328
wec,Le Mans 24 2026,splash_and_dash,HYPERCAR,5,211862,HYPERCAR-01,8,8,389,86184.66030733922,37,2620.6083394107445,536.8000000000001,20,1,0,32.041160947526805,0,32.85616648185214
wec,Le Mans 24 2026,lap_down,HYPERCAR,5,211862,HYPERCAR-01,9,9,389,86216.70146828674,37,2653.4645058925967,532.8000000000001,20,0,0,0.0,0,0.0
wec,Le Mans 24 2026,agent,HYPERCAR,5,211862,HYPERCAR-01,5,5,390,86238.43805917236,36,2611.2029241116734,540.0,21,4,1,-21.736590885615442,-1,42.26158178092328
wec,Le Mans 24 2026,fuel_window,HYPERCAR,5,227254,HYPERCAR-18,16,16,384,86386.56163245002,35,2686.6894600224537,439.20000000000005,31,0,0,0.0,0,0.0
wec,Le Mans 24 2026,caution_gambler,HYPERCAR,5,227254,HYPERCAR-18,1,1,385,86323.51531105695,36,2717.3116926675934,416.00000000000006,29,15,1,63.04632139306341,1,-30.622232645139775
wec,Le Mans 24 2026,track_position,HYPERCAR,5,227254,HYPERCAR-18,16,16,384,86386.56163245002,35,2686.6894600224537,439.20000000000005,31,0,0,0.0,0,0.0
wec,Le Mans 24 2026,splash_and_dash,HYPERCAR,5,227254,HYPERCAR-18,8,8,384,86234.08493591657,35,2652.201348488415,448.00000000000006,30,8,0,152.476696533442,0,34.48811153403858
wec,Le Mans 24 2026,lap_down,HYPERCAR,5,227254,HYPERCAR-18,16,16,384,86386.56163245002,35,2686.6894600224537,439.20000000000005,31,0,0,0.0,0,0.0
wec,Le Mans 24 2026,agent,HYPERCAR,5,227254,HYPERCAR-18,7,7,384,86240.45998431006,35,2674.2169990224534,435.20000000000005,30,9,0,146.10164813995652,0,12.472461000000294
wec,Le Mans 24 2026,fuel_window,HYPERCAR,5,132907,HYPERCAR-06,7,7,385,86280.41658958783,36,2625.500942540964,488.00000000000006,29,0,0,0.0,0,0.0
wec,Le Mans 24 2026,caution_gambler,HYPERCAR,5,132907,HYPERCAR-06,7,7,385,86250.96840372396,36,2555.285606540964,504.8,29,0,0,29.448185863861,0,70.21533599999975
wec,Le Mans 24 2026,track_position,HYPERCAR,5,132907,HYPERCAR-06,4,4,386,86314.45787860171,35,2580.6727307450133,492.8,30,3,1,-34.041289013883215,-1,44.828211795950665
wec,Le Mans 24 2026,splash_and_dash,HYPERCAR,5,132907,HYPERCAR-06,6,6,385,86203.79183001419,36,2550.6906705936344,490.40000000000003,29,1,0,76.62475957363495,0,74.81027194732951
wec,Le Mans 24 2026,lap_down,HYPERCAR,5,132907,HYPERCAR-06,7,7,385,86280.17908958782,36,2625.500942540964,487.20000000000005,29,0,0,0.23750000000291038,0,0.0
wec,Le Mans 24 2026,agent,HYPERCAR,5,132907,HYPERCAR-06,5,5,386,86343.09765838031,38,2588.0996541787217,560.0,30,2,1,-62.68106879248808,2,37.40128836224221
wec,Le Mans 24 2026,fuel_window,HYPERCAR,5,467069,HYPERCAR-14,6,6,393,86292.05760159719,38,2722.083507044031,508.8,16,0,0,0.0,0,0.0
wec,Le Mans 24 2026,caution_gambler,HYPERCAR,5,467069,HYPERCAR-14,6,6,393,86292.05760159719,38,2722.083507044031,508.8,16,0,0,0.0,0,0.0
wec,Le Mans 24 2026,track_position,HYPERCAR,5,467069,HYPERCAR-14,3,3,393,86251.0620628024,38,2721.8781990440316,518.4000000000001,16,3,0,40.99553879478481,0,0.20530799999960436
wec,Le Mans 24 2026,splash_and_dash,HYPERCAR,5,467069,HYPERCAR-14,5,5,393,86270.65730586811,38,2684.7866377411674,513.6,16,1,0,21.400295729079517,0,37.2968693028638
wec,Le Mans 24 2026,lap_down,HYPERCAR,5,467069,HYPERCAR-14,6,6,393,86292.05760159719,38,2722.083507044031,508.8,16,0,0,0.0,0,0.0
wec,Le Mans 24 2026,agent,HYPERCAR,5,467069,HYPERCAR-14,3,3,393,86251.0620628024,38,2721.8781990440316,518.4000000000001,16,3,0,40.99553879478481,0,0.20530799999960436
wec,Le Mans 24 2026,fuel_window,HYPERCAR,5,704150,HYPERCAR-08,8,8,393,86327.28143237797,37,2641.102140625237,559.2,13,0,0,0.0,0,0.0
wec,Le Mans 24 2026,caution_gambler,HYPERCAR,5,704150,HYPERCAR-08,8,8,393,86327.28143237797,37,2641.102140625237,559.2,13,0,0,0.0,0,0.0
wec,Le Mans 24 2026,track_position,HYPERCAR,5,704150,HYPERCAR-08,8,8,393,86327.28143237797,37,2641.102140625237,559.2,13,0,0,0.0,0,0.0
wec,Le Mans 24 2026,splash_and_dash,HYPERCAR,5,704150,HYPERCAR-08,7,7,393,86314.0896443971,38,2629.0492353839727,561.6,13,1,0,13.191787980875233,1,12.052905241264398
wec,Le Mans 24 2026,lap_down,HYPERCAR,5,704150,HYPERCAR-08,8,8,393,86327.28143237797,37,2641.102140625237,559.2,13,0,0,0.0,0,0.0
wec,Le Mans 24 2026,agent,HYPERCAR,5,704150,HYPERCAR-08,8,8,393,86327.28143237797,37,2641.102140625237,559.2,13,0,0,0.0,0,0.0
wec,Le Mans 24 2026,fuel_window,HYPERCAR,5,602235,HYPERCAR-13,2,2,385,86413.49256230902,36,2525.589276969475,500.8,33,0,0,0.0,0,0.0
wec,Le Mans 24 2026,caution_gambler,HYPERCAR,5,602235,HYPERCAR-13,2,2,385,86413.50797550699,37,2575.420351782296,500.8,33,0,0,-0.015413197965244763,1,-49.83107481282104
wec,Le Mans 24 2026,track_position,HYPERCAR,5,602235,HYPERCAR-13,2,2,385,86413.4941661305,36,2525.589276969475,501.6,33,0,0,-0.0016038214816944674,0,0.0
wec,Le Mans 24 2026,splash_and_dash,HYPERCAR,5,602235,HYPERCAR-13,2,2,385,86413.46098417426,36,2509.421271969475,500.8,33,0,0,0.031578134759911336,0,16.168004999999994
wec,Le Mans 24 2026,lap_down,HYPERCAR,5,602235,HYPERCAR-13,2,2,385,86413.49256230902,36,2525.589276969475,500.8,33,0,0,0.0,0,0.0
wec,Le Mans 24 2026,agent,HYPERCAR,5,602235,HYPERCAR-13,1,1,385,86454.36675221889,39,2561.156246803024,506.40000000000003,33,1,0,-40.87418990986771,3,-35.56696983354868
wec,Le Mans 24 2026,fuel_window,HYPERCAR,5,413018,HYPERCAR-15,4,4,395,86369.88803808563,38,2634.3778541726474,528.8000000000001,11,0,0,0.0,0,0.0
wec,Le Mans 24 2026,caution_gambler,HYPERCAR,5,413018,HYPERCAR-15,4,4,395,86369.51506747324,39,2696.570994868998,492.8,11,0,0,0.372970612384961,1,-62.19314069635038
wec,Le Mans 24 2026,track_position,HYPERCAR,5,413018,HYPERCAR-15,4,4,395,86369.88803808563,38,2634.3778541726474,528.8000000000001,11,0,0,0.0,0,0.0
wec,Le Mans 24 2026,splash_and_dash,HYPERCAR,5,413018,HYPERCAR-15,4,4,394,86127.93592338197,39,2653.508328825582,531.2,11,0,-1,241.95211470365757,1,-19.13047465293448
wec,Le Mans 24 2026,lap_down,HYPERCAR,5,413018,HYPERCAR-15,4,4,395,86369.88803808563,38,2634.3778541726474,528.8000000000001,11,0,0,0.0,0,0.0
wec,Le Mans 24 2026,agent,HYPERCAR,5,413018,HYPERCAR-15,4,4,395,86369.88803808563,38,2634.3778541726474,528.8000000000001,11,0,0,0.0,0,0.0
wec,Le Mans 24 2026,fuel_window,HYPERCAR,5,462886,HYPERCAR-05,8,8,398,86356.7103632464,39,2761.5620050752536,603.2,1,0,0,0.0,0,0.0
wec,Le Mans 24 2026,caution_gambler,HYPERCAR,5,462886,HYPERCAR-05,8,8,398,86356.7103632464,39,2761.5620050752536,603.2,1,0,0,0.0,0,0.0
wec,Le Mans 24 2026,track_position,HYPERCAR,5,462886,HYPERCAR-05,8,8,398,86356.45298995622,39,2761.5620050752536,603.2,1,0,0,0.25737329018011224,0,0.0
wec,Le Mans 24 2026,splash_and_dash,HYPERCAR,5,462886,HYPERCAR-05,6,6,398,86343.51728794652,40,2751.5539242410637,603.2,1,2,0,13.193075299874181,1,10.008080834189968
wec,Le Mans 24 2026,lap_down,HYPERCAR,5,462886,HYPERCAR-05,8,8,398,86356.45298995622,39,2761.5620050752536,603.2,1,0,0,0.25737329018011224,0,0.0
wec,Le Mans 24 2026,agent,HYPERCAR,5,462886,HYPERCAR-05,8,8,398,86356.45298995622,39,2761.5620050752536,603.2,1,0,0,0.25737329018011224,0,0.0
wec,Le Mans 24 2026,fuel_window,HYPERCAR,5,846466,HYPERCAR-09,3,3,376,86206.47320104601,34,2223.0495760601852,493.6,45,0,0,0.0,0,0.0
wec,Le Mans 24 2026,caution_gambler,HYPERCAR,5,846466,HYPERCAR-09,3,3,376,86192.06395524912,36,2273.5896158321043,501.6,45,0,0,14.409245796894538,2,-50.540039771919055
wec,Le Mans 24 2026,track_position,HYPERCAR,5,846466,HYPERCAR-09,5,5,376,86306.06752247036,35,2270.9042553674963,480.00000000000006,46,-2,0,-99.59432142434525,1,-47.85467930731102
wec,Le Mans 24 2026,splash_and_dash,HYPERCAR,5,846466,HYPERCAR-09,2,2,376,86172.62455370705,35,2211.987436460852,493.6,45,1,0,33.84864733896393,1,11.062139599333022
wec,Le Mans 24 2026,lap_down,HYPERCAR,5,846466,HYPERCAR-09,3,3,376,86206.47320104601,34,2223.0495760601852,493.6,45,0,0,0.0,0,0.0
wec,Le Mans 24 2026,agent,HYPERCAR,5,846466,HYPERCAR-09,5,5,376,86244.88510606537,36,2237.168930774252,468.8,46,-2,0,-38.41190501935489,2,-14.119354714066958
wec,Le Mans 24 2026,fuel_window,HYPERCAR,5,141555,HYPERCAR-05,7,7,378,86152.94793470229,35,2736.8781501175013,445.6,45,0,0,0.0,0,0.0
wec,Le Mans 24 2026,caution_gambler,HYPERCAR,5,141555,HYPERCAR-05,9,9,378,86222.79677219439,35,2666.5601601175013,424.8,44,-2,0,-69.84883749209985,0,70.31799000000001
wec,Le Mans 24 2026,track_position,HYPERCAR,5,141555,HYPERCAR-05,13,13,377,86160.55053038131,35,2733.2852601175014,512.0,46,-6,-1,-7.602595679025399,0,3.5928899999998976
wec,Le Mans 24 2026,splash_and_dash,HYPERCAR,5,141555,HYPERCAR-05,7,7,378,86143.59056519644,35,2655.137224783409,467.20000000000005,45,0,0,9.357369505843963,0,81.74092533409248
wec,Le Mans 24 2026,lap_down,HYPERCAR,5,141555,HYPERCAR-05,7,7,378,86152.94793470229,35,2736.8781501175013,445.6,45,0,0,0.0,0,0.0
wec,Le Mans 24 2026,agent,HYPERCAR,5,141555,HYPERCAR-05,8,8,378,86256.47674383731,36,2672.9024552139917,550.4000000000001,46,-1,0,-103.52880913502304,1,63.97569490350952
wec,Le Mans 24 2026,fuel_window,HYPERCAR,5,412,HYPERCAR-03,6,6,388,86201.64229931895,36,2627.0782556324407,540.8000000000001,23,0,0,0.0,0,0.0
wec,Le Mans 24 2026,caution_gambler,HYPERCAR,5,412,HYPERCAR-03,6,6,388,86200.05459004693,36,2606.6501096324405,566.4000000000001,23,0,0,1.587709272018401,0,20.428146000000197
wec,Le Mans 24 2026,track_position,HYPERCAR,5,412,HYPERCAR-03,4,4,389,86342.42758188804,36,2627.0782556324407,512.8000000000001,23,2,1,-140.7852825690934,0,0.0
wec,Le Mans 24 2026,splash_and_dash,HYPERCAR,5,412,HYPERCAR-03,6,6,388,86169.60612941298,37,2613.474705192162,544.8000000000001,23,0,0,32.0361699059722,1,13.603550440278468
wec,Le Mans 24 2026,lap_down,HYPERCAR,5,412,HYPERCAR-03,6,6,388,86204.74804663674,36,2627.0782556324407,544.0,23,0,0,-3.10574731779343,0,0.0
wec,Le Mans 24 2026,agent,HYPERCAR,5,412,HYPERCAR-03,4,4,389,86343.18486910104,38,2609.0401393904904,540.8000000000001,22,2,1,-141.54256978209014,2,18.03811624195032
wec,Le Mans 24 2026,fuel_window,HYPERCAR,5,389039,HYPERCAR-05,3,3,382,86191.60795620346,35,2450.5099644714874,490.40000000000003,34,0,0,0.0,0,0.0
wec,Le Mans 24 2026,caution_gambler,HYPERCAR,5,389039,HYPERCAR-05,4,4,382,86375.32966883514,38,2595.5611556527556,470.40000000000003,33,-1,0,-183.72171263168275,3,-145.05119118126822
wec,Le Mans 24 2026,track_position,HYPERCAR,5,389039,HYPERCAR-05,8,8,382,86384.8145650909,35,2446.9170744714875,500.8,35,-5,0,-193.2066088874417,0,3.5928899999998976
wec,Le Mans 24 2026,splash_and_dash,HYPERCAR,5,389039,HYPERCAR-05,2,2,382,86151.61388991572,36,2447.723205482285,490.40000000000003,34,1,0,39.99406628773431,1,2.7867589892025535
wec,Le Mans 24 2026,lap_down,HYPERCAR,5,389039,HYPERCAR-05,3,3,382,86191.60795620346,35,2450.5099644714874,490.40000000000003,34,0,0,0.0,0,0.0
wec,Le Mans 24 2026,agent,HYPERCAR,5,389039,HYPERCAR-05,7,7,382,86315.88099981574,38,2548.494296652755,474.40000000000003,36,-4,0,-124.27304361228016,3,-97.98433218126775
wec,Le Mans 24 2026,fuel_window,HYPERCAR,5,347556,HYPERCAR-02,6,6,389,86185.20317405465,38,2637.7553113313074,548.0,16,0,0,0.0,0,0.0
wec,Le Mans 24 2026,caution_gambler,HYPERCAR,5,347556,HYPERCAR-02,6,6,389,86185.20317405465,38,2637.7553113313074,548.0,16,0,0,0.0,0,0.0
wec,Le Mans 24 2026,track_position,HYPERCAR,5,347556,HYPERCAR-02,8,8,390,86338.24545743449,38,2618.2510513313073,517.6,16,-2,1,-153.0422833798366,0,19.50426000000016
wec,Le Mans 24 2026,splash_and_dash,HYPERCAR,5,347556,HYPERCAR-02,5,5,390,86371.10967198199,39,2622.474070832497,544.0,16,1,1,-185.90649792733893,1,15.281240498810348
wec,Le Mans 24 2026,lap_down,HYPERCAR,5,347556,HYPERCAR-02,5,5,390,86379.27791362394,38,2640.3216613313075,531.2,16,1,1,-194.0747395692888,0,-2.5663500000000568
wec,Le Mans 24 2026,agent,HYPERCAR,5,347556,HYPERCAR-02,13,13,389,86225.98982221629,38,2605.7785903313074,533.6,17,-7,0,-40.78664816163655,0,31.976720999999998
wec,Le Mans 24 2026,fuel_window,HYPERCAR,5,938760,HYPERCAR-09,1,1,395,86400.9247614018,39,2764.4329616831924,528.0,11,0,0,0.0,0,0.0
wec,Le Mans 24 2026,caution_gambler,HYPERCAR,5,938760,HYPERCAR-09,1,1,395,86400.9247614018,39,2764.4329616831924,528.0,11,0,0,0.0,0,0.0
wec,Le Mans 24 2026,track_position,HYPERCAR,5,938760,HYPERCAR-09,1,1,395,86429.40577205205,39,2764.4329616831924,500.8,11,0,0,-28.481010650255485,0,0.0
wec,Le Mans 24 2026,splash_and_dash,HYPERCAR,5,938760,HYPERCAR-09,1,1,395,86400.9247614018,39,2764.4329616831924,528.0,11,0,0,0.0,0,0.0
wec,Le Mans 24 2026,lap_down,HYPERCAR,5,938760,HYPERCAR-09,1,1,395,86400.9247614018,39,2764.4329616831924,528.0,11,0,0,0.0,0,0.0
wec,Le Mans 24 2026,agent,HYPERCAR,5,938760,HYPERCAR-09,1,1,395,86429.40577205205,39,2764.4329616831924,500.8,11,0,0,-28.481010650255485,0,0.0
wec,Le Mans 24 2026,fuel_window,HYPERCAR,5,722912,HYPERCAR-08,7,7,381,86240.30910830665,35,2515.594827131871,484.00000000000006,36,0,0,0.0,0,0.0
wec,Le Mans 24 2026,caution_gambler,HYPERCAR,5,722912,HYPERCAR-08,5,5,381,86208.70220900903,36,2576.487869770127,469.6,34,2,0,31.606899297621567,1,-60.89304263825579
wec,Le Mans 24 2026,track_position,HYPERCAR,5,722912,HYPERCAR-08,5,5,382,86259.51335656267,35,2516.929329131871,467.20000000000005,37,2,1,-19.204248256020946,0,-1.334501999999702
wec,Le Mans 24 2026,splash_and_dash,HYPERCAR,5,722912,HYPERCAR-08,4,4,381,86201.5424305809,35,2485.1670321457354,479.20000000000005,36,3,0,38.76667772575456,0,30.427794986135723
wec,Le Mans 24 2026,lap_down,HYPERCAR,5,722912,HYPERCAR-08,7,7,381,86240.30910830665,35,2515.594827131871,484.00000000000006,36,0,0,0.0,0,0.0
wec,Le Mans 24 2026,agent,HYPERCAR,5,722912,HYPERCAR-08,4,4,381,86180.34811021107,36,2498.471897148841,509.6,36,3,0,59.96099809558655,1,17.12292998303019
wec,Le Mans 24 2026,fuel_window,HYPERCAR,5,341540,HYPERCAR-01,6,6,383,86276.18676962795,35,2462.791416553891,475.20000000000005,35,0,0,0.0,0,0.0
wec,Le Mans 24 2026,caution_gambler,HYPERCAR,5,341540,HYPERCAR-01,2,2,384,86312.40004039709,36,2486.8768727613965,484.00000000000006,32,4,1,-36.2132707691344,1,-24.08545620750556
wec,Le Mans 24 2026,track_position,HYPERCAR,5,341540,HYPERCAR-01,6,6,383,86209.8126275267,35,2486.709798553891,452.8,33,0,0,66.3741421012528,0,-23.918381999999838
wec,Le Mans 24 2026,splash_and_dash,HYPERCAR,5,341540,HYPERCAR-01,6,6,383,86235.47885433007,35,2422.0277409969076,476.8,35,0,0,40.70791529788403,0,40.763675556983344
wec,Le Mans 24 2026,lap_down,HYPERCAR,5,341540,HYPERCAR-01,6,6,383,86276.18676962795,35,2462.791416553891,475.20000000000005,35,0,0,0.0,0,0.0
wec,Le Mans 24 2026,agent,HYPERCAR,5,341540,HYPERCAR-01,9,9,383,86316.63292154805,36,2460.683550868989,476.8,33,-3,0,-40.44615192009951,1,2.1078656849017534
wec,Le Mans 24 2026,fuel_window,HYPERCAR,5,42200,HYPERCAR-15,8,8,386,86383.85382343011,36,2498.577231600044,456.8,28,0,0,0.0,0,0.0
wec,Le Mans 24 2026,caution_gambler,HYPERCAR,5,42200,HYPERCAR-15,4,4,386,86268.8312743747,36,2482.049937600044,501.6,28,4,0,115.02254905541486,0,16.527293999999983
wec,Le Mans 24 2026,track_position,HYPERCAR,5,42200,HYPERCAR-15,7,7,385,86355.61630941376,36,2483.281785600044,565.6,26,1,-1,28.23751401634945,0,15.295446000000084
wec,Le Mans 24 2026,splash_and_dash,HYPERCAR,5,42200,HYPERCAR-15,7,7,386,86361.24856281141,37,2475.65883743213,458.40000000000003,28,1,0,22.605260618700413,1,22.918394167913902
wec,Le Mans 24 2026,lap_down,HYPERCAR,5,42200,HYPERCAR-15,8,8,386,86383.85382343011,36,2498.577231600044,456.8,28,0,0,0.0,0,0.0
wec,Le Mans 24 2026,agent,HYPERCAR,5,42200,HYPERCAR-15,1,1,385,86238.54597080997,37,2525.247192715359,536.0,26,7,-1,145.3078526201425,1,-26.66996111531489
wec,Le Mans 24 2026,fuel_window,HYPERCAR,5,685256,HYPERCAR-14,11,11,395,86187.9847939494,38,2811.847501796463,544.0,7,0,0,0.0,0,0.0
wec,Le Mans 24 2026,caution_gambler,HYPERCAR,5,685256,HYPERCAR-14,11,11,395,86187.9847939494,38,2811.847501796463,544.0,7,0,0,0.0,0,0.0
wec,Le Mans 24 2026,track_position,HYPERCAR,5,685256,HYPERCAR-14,10,10,395,86287.93709461048,37,2762.9892005284664,556.8000000000001,7,1,0,-99.95230066106888,-1,48.85830126799647
wec,Le Mans 24 2026,splash_and_dash,HYPERCAR,5,685256,HYPERCAR-14,9,9,396,86372.57101787039,39,2796.2122706049495,537.6,7,2,1,-184.58622392098187,1,15.635231191513412
wec,Le Mans 24 2026,lap_down,HYPERCAR,5,685256,HYPERCAR-14,11,11,395,86187.9847939494,38,2811.847501796463,544.0,7,0,0,0.0,0,0.0
wec,Le Mans 24 2026,agent,HYPERCAR,5,685256,HYPERCAR-14,10,10,395,86287.93709461048,37,2762.9892005284664,556.8000000000001,7,1,0,-99.95230066106888,-1,48.85830126799647
wec,Le Mans 24 2026,fuel_window,HYPERCAR,5,361622,HYPERCAR-15,4,4,391,86288.77462543354,36,2510.0818082061505,612.8000000000001,15,0,0,0.0,0,0.0
wec,Le Mans 24 2026,caution_gambler,HYPERCAR,5,361622,HYPERCAR-15,5,5,390,86189.52586854869,37,2543.216541142121,599.2,16,-1,-1,99.24875688484462,1,-33.13473293597053
wec,Le Mans 24 2026,track_position,HYPERCAR,5,361622,HYPERCAR-15,5,5,391,86273.38179948494,36,2512.6481582061506,580.0,15,-1,0,15.392825948598329,0,-2.5663500000000568
wec,Le Mans 24 2026,splash_and_dash,HYPERCAR,5,361622,HYPERCAR-15,4,4,391,86274.63226584639,37,2504.6322196325937,608.0,15,0,0,14.14235958714562,1,5.449588573556866
wec,Le Mans 24 2026,lap_down,HYPERCAR,5,361622,HYPERCAR-15,4,4,391,86288.77462543354,36,2510.0818082061505,612.8000000000001,15,0,0,0.0,0,0.0
wec,Le Mans 24 2026,agent,HYPERCAR,5,361622,HYPERCAR-15,5,5,391,86265.1682235889,39,2577.7898526018803,549.6,15,-1,0,23.606401844634092,3,-67.70804439572976
wec,Le Mans 24 2026,fuel_window,HYPERCAR,5,25263,HYPERCAR-17,3,3,378,86177.77504662314,35,2523.8859807535932,464.00000000000006,40,0,0,0.0,0,0.0
wec,Le Mans 24 2026,caution_gambler,HYPERCAR,5,25263,HYPERCAR-17,5,5,378,86336.13201322849,35,2506.8454167535933,450.40000000000003,39,-2,0,-158.35696660535177,0,17.040563999999904
wec,Le Mans 24 2026,track_position,HYPERCAR,5,25263,HYPERCAR-17,5,5,378,86214.9535104913,34,2446.125182697209,491.20000000000005,39,-2,0,-37.17846386815654,-1,77.76079805638437
wec,Le Mans 24 2026,splash_and_dash,HYPERCAR,5,25263,HYPERCAR-17,3,3,379,86383.30461843018,36,2524.8494318470507,464.00000000000006,40,0,1,-205.52957180704107,1,-0.9634510934574791
wec,Le Mans 24 2026,lap_down,HYPERCAR,5,25263,HYPERCAR-17,3,3,378,86177.77504662314,35,2523.8859807535932,464.00000000000006,40,0,0,0.0,0,0.0
wec,Le Mans 24 2026,agent,HYPERCAR,5,25263,HYPERCAR-17,7,7,378,86361.79402161331,34,2391.359273697209,506.40000000000003,39,-4,0,-184.0189749901765,-1,132.5267070563841
