series,race,strategy,class,pace_rank,seed,focal,class_pos,overall_pos,laps,race_time_s,stops,pit_time_s,traffic_time_s,caution_laps,d_class_pos,d_laps,d_race_time_s,d_stops,d_pit_time_s
wec,Le Mans 24 2026,fuel_window,HYPERCAR,5,639431,HYPERCAR-03,6,6,391,86292.14180413625,37,2566.1862964950674,587.2,18,0,0,0.0,0,0.0
wec,Le Mans 24 2026,caution_gambler,HYPERCAR,5,639431,HYPERCAR-03,6,6,391,86292.14180413625,37,2566.1862964950674,587.2,18,0,0,0.0,0,0.0
wec,Le Mans 24 2026,track_position,HYPERCAR,5,639431,HYPERCAR-03,4,4,392,86263.99731433402,38,2602.858508173419,584.0,17,2,1,28.144489802230964,1,-36.67221167835169
wec,Le Mans 24 2026,splash_and_dash,HYPERCAR,5,639431,HYPERCAR-03,6,6,391,86281.05781126529,38,2561.0411863637473,584.8000000000001,18,0,0,11.083992870961083,1,5.1451101313200525
wec,Le Mans 24 2026,lap_down,HYPERCAR,5,639431,HYPERCAR-03,7,7,391,86275.81512127601,37,2566.1862964950674,578.4000000000001,18,-1,0,16.32668286023545,0,0.0
wec,Le Mans 24 2026,agent,HYPERCAR,5,639431,HYPERCAR-03,18,18,388,86376.67250505358,90,3956.7647502351138,488.8,17,-12,-3,-84.53070091732661,53,-1390.5784537400464
wec,Le Mans 24 2026,fuel_window,HYPERCAR,5,497127,HYPERCAR-17,7,7,395,86301.46712689978,38,2796.288335351214,540.0,8,0,0,0.0,0,0.0
wec,Le Mans 24 2026,caution_gambler,HYPERCAR,5,497127,HYPERCAR-17,7,7,395,86301.46712689978,38,2796.288335351214,540.0,8,0,0,0.0,0,0.0
wec,Le Mans 24 2026,track_position,HYPERCAR,5,497127,HYPERCAR-17,6,6,395,86316.51079590459,38,2822.157143351214,492.00000000000006,7,1,0,-15.04366900480818,0,-25.868808000000172
wec,Le Mans 24 2026,splash_and_dash,HYPERCAR,5,497127,HYPERCAR-17,7,7,395,86165.5239703339,39,2780.680806486514,544.0,7,0,0,135.94315656587423,1,15.607528864699816
wec,Le Mans 24 2026,lap_down,HYPERCAR,5,497127,HYPERCAR-17,7,7,395,86301.46712689978,38,2796.288335351214,540.0,8,0,0,0.0,0,0.0
wec,Le Mans 24 2026,agent,HYPERCAR,5,497127,HYPERCAR-17,15,15,394,86424.76890760321,54,3030.9627769964327,588.8000000000001,7,-8,-1,-123.3017807034339,16,-234.67444164521885
wec,Le Mans 24 2026,fuel_window,HYPERCAR,5,737684,HYPERCAR-04,3,3,381,86277.12222125528,35,2522.682514297261,504.00000000000006,36,0,0,0.0,0,0.0
wec,Le Mans 24 2026,caution_gambler,HYPERCAR,5,737684,HYPERCAR-04,7,7,380,86184.31714389907,35,2500.714558297261,477.6,36,-4,-1,92.80507735621359,0,21.96795599999996
wec,Le Mans 24 2026,track_position,HYPERCAR,5,737684,HYPERCAR-04,10,10,380,86342.3553413467,35,2520.321472297261,579.2,37,-7,-1,-65.23312009141955,0,2.3610419999999976
wec,Le Mans 24 2026,splash_and_dash,HYPERCAR,5,737684,HYPERCAR-04,2,2,381,86268.47999203685,36,2513.317502996572,507.20000000000005,36,1,0,8.642229218428838,1,9.365011300689275
wec,Le Mans 24 2026,lap_down,HYPERCAR,5,737684,HYPERCAR-04,3,3,381,86277.12222125528,35,2522.682514297261,504.00000000000006,36,0,0,0.0,0,0.0
wec,Le Mans 24 2026,agent,HYPERCAR,5,737684,HYPERCAR-04,8,8,380,86324.17880132735,54,2804.4306333751174,521.6,36,-5,-1,-47.05658007206512,19,-281.74811907785624
wec,Le Mans 24 2026,fuel_window,HYPERCAR,5,279327,HYPERCAR-12,4,4,389,86281.66804770204,37,2666.985411216475,545.6,18,0,0,0.0,0,0.0
wec,Le Mans 24 2026,caution_gambler,HYPERCAR,5,279327,HYPERCAR-12,4,4,390,86385.63503920635,37,2650.0475012164748,476.8,19,0,1,-103.96699150430504,0,16.9379100000001
wec,Le Mans 24 2026,track_position,HYPERCAR,5,279327,HYPERCAR-12,4,4,389,86279.93780724872,37,2666.985411216475,543.2,18,0,0,1.7302404533256777,0,0.0
wec,Le Mans 24 2026,splash_and_dash,HYPERCAR,5,279327,HYPERCAR-12,4,4,389,86289.15130237813,38,2673.207548632204,550.4000000000001,18,0,0,-7.483254676088109,1,-6.222137415729321
wec,Le Mans 24 2026,lap_down,HYPERCAR,5,279327,HYPERCAR-12,4,4,389,86281.66804770204,37,2666.985411216475,545.6,18,0,0,0.0,0,0.0
wec,Le Mans 24 2026,agent,HYPERCAR,5,279327,HYPERCAR-12,18,37,360,86161.57085147456,207,8947.324658757983,265.6,21,-14,-29,120.09719622747798,170,-6280.3392475415085
wec,Le Mans 24 2026,fuel_window,HYPERCAR,5,22699,HYPERCAR-09,1,1,376,86253.31642498432,35,2416.0229729845582,438.40000000000003,44,0,0,0.0,0,0.0
wec,Le Mans 24 2026,caution_gambler,HYPERCAR,5,22699,HYPERCAR-09,5,5,376,86375.78686754052,36,2486.8395553962146,448.00000000000006,46,-4,0,-122.47044255619403,1,-70.81658241165633
wec,Le Mans 24 2026,track_position,HYPERCAR,5,22699,HYPERCAR-09,6,6,375,86291.45022350254,35,2433.0635369845586,446.40000000000003,46,-5,-1,-38.1337985182181,0,-17.04056400000036
wec,Le Mans 24 2026,splash_and_dash,HYPERCAR,5,22699,HYPERCAR-09,1,1,376,86199.17936725725,35,2368.6247979971527,435.20000000000005,44,0,0,54.137057727071806,0,47.39817498740558
wec,Le Mans 24 2026,lap_down,HYPERCAR,5,22699,HYPERCAR-09,1,1,376,86253.31642498432,35,2416.0229729845582,438.40000000000003,44,0,0,0.0,0,0.0
wec,Le Mans 24 2026,agent,HYPERCAR,5,22699,HYPERCAR-09,18,18,370,86306.34288865712,94,3894.1642614234165,410.40000000000003,49,-17,-6,-53.02646367279522,59,-1478.1412884388583
wec,Le Mans 24 2026,fuel_window,HYPERCAR,5,604281,HYPERCAR-17,7,7,369,86197.99359801465,34,2240.140009239552,496.00000000000006,57,0,0,0.0,0,0.0
wec,Le Mans 24 2026,caution_gambler,HYPERCAR,5,604281,HYPERCAR-17,1,1,370,86376.36341622882,36,2271.0284464272036,502.40000000000003,58,6,1,-178.36981821416703,2,-30.88843718765156
wec,Le Mans 24 2026,track_position,HYPERCAR,5,604281,HYPERCAR-17,2,2,369,86112.42517306762,34,2221.149019239552,498.40000000000003,58,5,0,85.56842494703596,0,18.990989999999783
wec,Le Mans 24 2026,splash_and_dash,HYPERCAR,5,604281,HYPERCAR-17,2,2,370,86384.55169667464,35,2217.7649460752473,496.8,57,5,1,-186.55809865998162,1,22.37506316430472
wec,Le Mans 24 2026,lap_down,HYPERCAR,5,604281,HYPERCAR-17,7,7,369,86197.99359801465,34,2240.140009239552,496.00000000000006,57,0,0,0.0,0,0.0
wec,Le Mans 24 2026,agent,HYPERCAR,5,604281,HYPERCAR-17,10,10,369,86261.0760101414,67,3036.59304797476,493.6,57,-3,0,-63.08241212675057,33,-796.4530387352079
wec,Le Mans 24 2026,fuel_window,HYPERCAR,5,871382,HYPERCAR-17,5,5,390,86180.32607238847,37,2640.539186396072,492.00000000000006,15,0,0,0.0,0,0.0
wec,Le Mans 24 2026,caution_gambler,HYPERCAR,5,871382,HYPERCAR-17,11,11,390,86330.52940253558,38,2699.5153510714354,512.0,17,-6,0,-150.20333014710923,1,-58.97616467536318
wec,Le Mans 24 2026,track_position,HYPERCAR,5,871382,HYPERCAR-17,5,5,390,86193.43504909832,37,2643.1055363960722,502.40000000000003,15,0,0,-13.108976709845592,0,-2.5663500000000568
wec,Le Mans 24 2026,splash_and_dash,HYPERCAR,5,871382,HYPERCAR-17,5,5,390,86139.73349821642,38,2646.0492093178736,491.20000000000005,15,0,0,40.59257417205663,1,-5.510022921801465
wec,Le Mans 24 2026,lap_down,HYPERCAR,5,871382,HYPERCAR-17,5,5,390,86189.16373574336,37,2643.1055363960722,498.40000000000003,15,0,0,-8.837663354890537,0,-2.5663500000000568
wec,Le Mans 24 2026,agent,HYPERCAR,5,871382,HYPERCAR-17,12,12,390,86379.84933445427,58,3023.0574655127857,572.8000000000001,17,-7,0,-199.52326206579164,21,-382.51827911671353
wec,Le Mans 24 2026,fuel_window,HYPERCAR,5,967710,HYPERCAR-18,4,4,392,86267.57383739464,37,2619.3094284179792,448.00000000000006,16,0,0,0.0,0,0.0
wec,Le Mans 24 2026,caution_gambler,HYPERCAR,5,967710,HYPERCAR-18,4,4,392,86267.57383739464,37,2619.3094284179792,448.00000000000006,16,0,0,0.0,0,0.0
wec,Le Mans 24 2026,track_position,HYPERCAR,5,967710,HYPERCAR-18,5,5,392,86370.1641080799,37,2618.282888417979,576.8000000000001,17,-1,0,-102.59027068526484,0,1.0265400000002955
wec,Le Mans 24 2026,splash_and_dash,HYPERCAR,5,967710,HYPERCAR-18,4,4,392,86237.49966616175,37,2586.0202516507593,454.40000000000003,16,0,0,30.074171232889057,0,33.28917676721994
wec,Le Mans 24 2026,lap_down,HYPERCAR,5,967710,HYPERCAR-18,4,4,392,86268.11646410443,37,2619.3094284179792,448.8,16,0,0,-0.5426267097936943,0,0.0
wec,Le Mans 24 2026,agent,HYPERCAR,5,967710,HYPERCAR-18,16,16,389,86373.66959205303,69,3465.3732189751295,511.20000000000005,16,-12,-3,-106.09575465839589,32,-846.0637905571502
wec,Le Mans 24 2026,fuel_window,HYPERCAR,5,596591,HYPERCAR-07,5,5,389,86317.62911169144,36,2609.5775408069444,528.0,22,0,0,0.0,0,0.0
wec,Le Mans 24 2026,caution_gambler,HYPERCAR,5,596591,HYPERCAR-07,4,4,389,86308.325633654,36,2591.6130908069445,551.2,21,1,0,9.303478037429159,0,17.964449999999943
wec,Le Mans 24 2026,track_position,HYPERCAR,5,596591,HYPERCAR-07,11,11,388,86258.9416801203,36,2652.6922208069445,599.2,23,-6,-1,58.68743157113204,0,-43.114680000000135
wec,Le Mans 24 2026,splash_and_dash,HYPERCAR,5,596591,HYPERCAR-07,3,3,389,86295.73288610476,37,2587.404644864056,530.4000000000001,22,2,0,21.896225586679066,1,22.172895942888317
wec,Le Mans 24 2026,lap_down,HYPERCAR,5,596591,HYPERCAR-07,5,5,389,86317.62911169144,36,2609.5775408069444,528.0,22,0,0,0.0,0,0.0
wec,Le Mans 24 2026,agent,HYPERCAR,5,596591,HYPERCAR-07,18,53,343,86310.06018316935,295,13043.421952456125,60.00000000000001,27,-13,-46,7.568928522086935,259,-10433.844411649181
wec,Le Mans 24 2026,fuel_window,HYPERCAR,5,154210,HYPERCAR-06,3,3,389,86221.17695808614,37,2778.674385821146,464.00000000000006,22,0,0,0.0,0,0.0
wec,Le Mans 24 2026,caution_gambler,HYPERCAR,5,154210,HYPERCAR-06,2,2,389,86181.71336776267,39,2812.346252490201,471.20000000000005,23,1,0,39.46359032347391,2,-33.67186666905491
wec,Le Mans 24 2026,track_position,HYPERCAR,5,154210,HYPERCAR-06,6,6,389,86274.8304035967,37,2779.7009258211465,450.40000000000003,22,-3,0,-53.6534455105575,0,-1.0265400000002955
wec,Le Mans 24 2026,splash_and_dash,HYPERCAR,5,154210,HYPERCAR-06,1,1,389,86199.03100858329,37,2751.7277108211465,464.00000000000006,22,2,0,22.14594950285391,0,26.946674999999686
wec,Le Mans 24 2026,lap_down,HYPERCAR,5,154210,HYPERCAR-06,3,3,389,86221.17695808614,37,2778.674385821146,464.00000000000006,22,0,0,0.0,0,0.0
wec,Le Mans 24 2026,agent,HYPERCAR,5,154210,HYPERCAR-06,18,18,386,86406.20951403954,81,3837.558441778332,468.8,24,-15,-3,-185.03255595339579,44,-1058.8840559571859
wec,Le Mans 24 2026,fuel_window,HYPERCAR,5,838952,HYPERCAR-15,7,7,388,86336.68496299321,37,2571.147108521578,568.8000000000001,20,0,0,0.0,0,0.0
wec,Le Mans 24 2026,caution_gambler,HYPERCAR,5,838952,HYPERCAR-15,3,3,388,86291.45872611724,38,2575.2686500878362,540.0,20,4,0,45.226236875969335,1,-4.121541566258202
wec,Le Mans 24 2026,track_position,HYPERCAR,5,838952,HYPERCAR-15,16,16,387,86326.64067663437,36,2518.8179181580726,626.4000000000001,21,-9,-1,10.0442863588396,-1,52.329190363505404
wec,Le Mans 24 2026,splash_and_dash,HYPERCAR,5,838952,HYPERCAR-15,7,7,388,86324.66965393996,38,2558.6706822079423,572.8000000000001,20,0,0,12.015309053254896,1,12.476426313635784
wec,Le Mans 24 2026,lap_down,HYPERCAR,5,838952,HYPERCAR-15,8,8,388,86345.63307825856,37,2571.147108521578,529.6,21,-1,0,-8.948115265346132,0,0.0
wec,Le Mans 24 2026,agent,HYPERCAR,5,838952,HYPERCAR-15,9,9,388,86353.59689154064,55,2852.4936341178345,524.0,20,-2,0,-16.911928547429852,18,-281.34652559625647
wec,Le Mans 24 2026,fuel_window,HYPERCAR,5,486540,HYPERCAR-16,9,9,380,86178.91302235385,35,2420.3255794392644,518.4000000000001,35,0,0,0.0,0,0.0
wec,Le Mans 24 2026,caution_gambler,HYPERCAR,5,486540,HYPERCAR-16,6,6,381,86370.4396277097,36,2468.430637136746,521.6,36,3,1,-191.52660535584437,1,-48.1050576974817
wec,Le Mans 24 2026,track_position,HYPERCAR,5,486540,HYPERCAR-16,7,7,380,86254.67189092841,35,2398.4602774392642,495.20000000000005,35,2,0,-75.75886857455771,0,21.865302000000156
wec,Le Mans 24 2026,splash_and_dash,HYPERCAR,5,486540,HYPERCAR-16,7,7,381,86325.18034810731,35,2390.48498205755,523.2,35,2,1,-146.2673257534625,0,29.84059738171436
wec,Le Mans 24 2026,lap_down,HYPERCAR,5,486540,HYPERCAR-16,9,9,380,86178.91302235385,35,2420.3255794392644,518.4000000000001,35,0,0,0.0,0,0.0
wec,Le Mans 24 2026,agent,HYPERCAR,5,486540,HYPERCAR-16,10,10,380,86235.78004671936,57,3075.8622111334194,565.6,35,-1,0,-56.86702436550695,22,-655.536631694155
wec,Le Mans 24 2026,fuel_window,HYPERCAR,5,432241,HYPERCAR-14,5,5,388,86332.72365452412,37,2673.473067801962,447.20000000000005,23,0,0,0.0,0,0.0
wec,Le Mans 24 2026,caution_gambler,HYPERCAR,5,432241,HYPERCAR-14,11,11,387,86187.6215508359,38,2711.678982276631,471.20000000000005,23,-6,-1,145.10210368821572,1,-38.205914474669044
wec,Le Mans 24 2026,track_position,HYPERCAR,5,432241,HYPERCAR-14,11,11,387,86204.02476643909,36,2655.390496936994,495.20000000000005,23,-6,-1,128.69888808502583,-1,18.082570864967693
wec,Le Mans 24 2026,splash_and_dash,HYPERCAR,5,432241,HYPERCAR-14,4,4,388,86320.26772729048,38,2665.9865819381594,444.0,23,1,0,12.455927233633702,1,7.4864858638025
wec,Le Mans 24 2026,lap_down,HYPERCAR,5,432241,HYPERCAR-14,5,5,388,86332.72365452412,37,2673.473067801962,447.20000000000005,23,0,0,0.0,0,0.0
wec,Le Mans 24 2026,agent,HYPERCAR,5,432241,HYPERCAR-14,12,12,387,86319.59638878344,66,3396.7581544028294,451.20000000000005,24,-7,-1,13.127265740680741,29,-723.2850866008675
wec,Le Mans 24 2026,fuel_window,HYPERCAR,5,552122,HYPERCAR-07,12,12,382,86295.90532784395,35,2629.0557078844004,482.40000000000003,36,0,0,0.0,0,0.0
wec,Le Mans 24 2026,caution_gambler,HYPERCAR,5,552122,HYPERCAR-07,9,9,382,86235.22404772947,36,2632.3184981796244,504.8,35,3,0,60.68128011448425,1,-3.262790295224022
wec,Le Mans 24 2026,track_position,HYPERCAR,5,552122,HYPERCAR-07,13,13,382,86320.30586922479,35,2675.9685858844005,500.8,35,-1,0,-24.4005413808336,0,-46.91287800000009
wec,Le Mans 24 2026,splash_and_dash,HYPERCAR,5,552122,HYPERCAR-07,9,9,382,86219.60739210744,35,2567.513458903027,464.00000000000006,36,3,0,76.29793573651114,0,61.54224898137318
wec,Le Mans 24 2026,lap_down,HYPERCAR,5,552122,HYPERCAR-07,13,13,382,86349.4947840889,35,2675.9685858844005,497.6,35,-1,0,-53.58945624495391,0,-46.91287800000009
wec,Le Mans 24 2026,agent,HYPERCAR,5,552122,HYPERCAR-07,16,16,380,86192.69159676229,64,3144.608960132352,544.0,34,-4,-2,103.21373108166154,29,-515.5532522479516
wec,Le Mans 24 2026,fuel_window,HYPERCAR,5,999870,HYPERCAR-11,14,14,393,86371.34315494636,38,2738.950733672895,528.8000000000001,14,0,0,0.0,0,0.0
wec,Le Mans 24 2026,caution_gambler,HYPERCAR,5,999870,HYPERCAR-11,14,14,393,86371.34315494636,38,2738.950733672895,528.8000000000001,14,0,0,0.0,0,0.0
wec,Le Mans 24 2026,track_position,HYPERCAR,5,999870,HYPERCAR-11,9,9,393,86250.6550761126,38,2742.5436236728947,545.6,13,5,0,120.68807883375848,0,-3.5928899999998976
wec,Le Mans 24 2026,splash_and_dash,HYPERCAR,5,999870,HYPERCAR-11,14,14,393,86375.64672667522,39,2737.5985451427055,536.0,14,0,0,-4.303571728858515,1,1.3521885301893235
wec,Le Mans 24 2026,lap_down,HYPERCAR,5,999870,HYPERCAR-11,9,9,393,86250.67116194323,38,2742.5436236728947,541.6,13,5,0,120.67199300312495,0,-3.5928899999998976
wec,Le Mans 24 2026,agent,HYPERCAR,5,999870,HYPERCAR-11,18,37,360,86238.61265149414,232,10160.819065527408,209.60000000000002,12,-4,-33,132.73050345221418,194,-7421.868331854514
wec,Le Mans 24 2026,fuel_window,HYPERCAR,5,22006,HYPERCAR-09,10,10,381,86252.8705148922,35,2580.468507712367,539.2,39,0,0,0.0,0,0.0
wec,Le Mans 24 2026,caution_gambler,HYPERCAR,5,22006,HYPERCAR-09,11,11,381,86275.63906079733,36,2620.3829769819345,546.4000000000001,39,-1,0,-22.76854590512812,1,-39.914469269567235
wec,Le Mans 24 2026,track_position,HYPERCAR,5,22006,HYPERCAR-09,12,12,381,86246.75414605394,34,2541.5206036491,555.2,38,-2,0,6.116368838265771,-1,38.94790406326729
wec,Le Mans 24 2026,splash_and_dash,HYPERCAR,5,22006,HYPERCAR-09,8,8,381,86213.57841433202,35,2537.3458485220035,544.8000000000001,39,2,0,39.29210056018201,0,43.12265919036372
wec,Le Mans 24 2026,lap_down,HYPERCAR,5,22006,HYPERCAR-09,10,10,381,86252.8705148922,35,2580.468507712367,539.2,39,0,0,0.0,0,0.0
wec,Le Mans 24 2026,agent,HYPERCAR,5,22006,HYPERCAR-09,12,12,381,86331.18573673896,59,2933.393990808778,520.8000000000001,37,-2,0,-78.3152218467585,24,-352.92548309641097
wec,Le Mans 24 2026,fuel_window,HYPERCAR,5,654215,HYPERCAR-12,10,10,355,86235.5373710008,29,1946.4037696849555,373.6,85,0,0,0.0,0,0.0
wec,Le Mans 24 2026,caution_gambler,HYPERCAR,5,654215,HYPERCAR-12,2,2,356,86369.75548368339,33,2099.4874329444788,369.6,84,8,1,-134.21811268258898,4,-153.0836632595233
wec,Le Mans 24 2026,track_position,HYPERCAR,5,654215,HYPERCAR-12,4,4,356,86385.8177579546,29,1948.6621576849554,368.8,86,6,1,-150.28038695380383,0,-2.258387999999968
wec,Le Mans 24 2026,splash_and_dash,HYPERCAR,5,654215,HYPERCAR-12,10,10,355,86235.5373710008,29,1946.4037696849555,373.6,85,0,0,0.0,0,0.0
wec,Le Mans 24 2026,lap_down,HYPERCAR,5,654215,HYPERCAR-12,10,10,355,86235.5373710008,29,1946.4037696849555,373.6,85,0,0,0.0,0,0.0
wec,Le Mans 24 2026,agent,HYPERCAR,5,654215,HYPERCAR-12,18,18,354,86349.61157223757,101,3925.706801798339,333.6,85,-8,-1,-114.07420123677002,72,-1979.3030321133833
wec,Le Mans 24 2026,fuel_window,HYPERCAR,5,541577,HYPERCAR-05,12,12,377,86266.47963142123,36,2422.248076305654,443.20000000000005,40,0,0,0.0,0,0.0
wec,Le Mans 24 2026,caution_gambler,HYPERCAR,5,541577,HYPERCAR-05,12,12,377,86235.53180216995,38,2496.258723026251,410.40000000000003,40,0,0,30.947829251279472,2,-74.01064672059692
wec,Le Mans 24 2026,track_position,HYPERCAR,5,541577,HYPERCAR-05,5,5,378,86281.61808453995,34,2312.42605557107,529.6,39,7,1,-15.138453118721372,-2,109.82202073458438
wec,Le Mans 24 2026,splash_and_dash,HYPERCAR,5,541577,HYPERCAR-05,10,10,377,86224.78103874077,36,2387.9142330536874,438.40000000000003,40,2,0,41.69859268046275,0,34.333843251966755
wec,Le Mans 24 2026,lap_down,HYPERCAR,5,541577,HYPERCAR-05,12,12,377,86266.47963142123,36,2422.248076305654,443.20000000000005,40,0,0,0.0,0,0.0
wec,Le Mans 24 2026,agent,HYPERCAR,5,541577,HYPERCAR-05,18,18,377,86333.60140402432,69,3335.2309861938975,516.8000000000001,41,-6,0,-67.12177260308817,33,-912.9829098882433
wec,Le Mans 24 2026,fuel_window,HYPERCAR,5,436123,HYPERCAR-13,3,3,386,86383.4703773558,36,2466.1229594762344,488.8,27,0,0,0.0,0,0.0
wec,Le Mans 24 2026,caution_gambler,HYPERCAR,5,436123,HYPERCAR-13,1,1,387,86323.36596989963,36,2475.772435476234,482.40000000000003,25,2,1,60.10440745616506,0,-9.649475999999595
wec,Le Mans 24 2026,track_position,HYPERCAR,5,436123,HYPERCAR-13,4,4,386,86305.7250615503,35,2386.6786480089568,475.20000000000005,27,-1,0,77.74531580549956,-1,79.44431146727766
wec,Le Mans 24 2026,splash_and_dash,HYPERCAR,5,436123,HYPERCAR-13,3,3,386,86371.66712280505,37,2460.612475939109,486.40000000000003,27,0,0,11.803254550744896,1,5.51048353712531
wec,Le Mans 24 2026,lap_down,HYPERCAR,5,436123,HYPERCAR-13,3,3,386,86383.4703773558,36,2466.1229594762344,488.8,27,0,0,0.0,0,0.0
wec,Le Mans 24 2026,agent,HYPERCAR,5,436123,HYPERCAR-13,18,18,380,86244.45374851632,101,4161.278441847451,468.00000000000006,28,-15,-6,139.01662883948302,65,-1695.1554823712167
wec,Le Mans 24 2026,fuel_window,HYPERCAR,5,359372,HYPERCAR-16,2,2,378,86253.19305700375,35,2488.031607142578,396.8,40,0,0,0.0,0,0.0
wec,Le Mans 24 2026,caution_gambler,HYPERCAR,5,359372,HYPERCAR-16,1,1,378,86265.48406457058,36,2495.178144208132,432.0,40,1,0,-12.291007566833287,1,-7.14653706555373
wec,Le Mans 24 2026,track_position,HYPERCAR,5,359372,HYPERCAR-16,3,3,378,86349.74071889961,35,2485.978527142578,445.6,42,-1,0,-96.54766189586371,0,2.0530800000001364
wec,Le Mans 24 2026,splash_and_dash,HYPERCAR,5,359372,HYPERCAR-16,2,2,378,86246.07265115278,36,2476.450084031222,404.8,40,0,0,7.120405850975658,1,11.581523111356091
wec,Le Mans 24 2026,lap_down,HYPERCAR,5,359372,HYPERCAR-16,2,2,378,86253.19305700375,35,2488.031607142578,396.8,40,0,0,0.0,0,0.0
wec,Le Mans 24 2026,agent,HYPERCAR,5,359372,HYPERCAR-16,16,16,376,86271.82477024646,54,2758.749137352988,506.40000000000003,40,-14,-2,-18.63171324270661,19,-270.7175302104097
wec,Le Mans 24 2026,fuel_window,HYPERCAR,5,340792,HYPERCAR-04,7,7,380,86354.99475004085,34,2473.407719827718,438.40000000000003,38,0,0,0.0,0,0.0
wec,Le Mans 24 2026,caution_gambler,HYPERCAR,5,340792,HYPERCAR-04,4,4,381,86367.45699927153,36,2534.2914778251607,438.40000000000003,37,3,1,-12.462249230680754,2,-60.883757997442444
wec,Le Mans 24 2026,track_position,HYPERCAR,5,340792,HYPERCAR-04,7,7,380,86354.99475004085,34,2473.407719827718,438.40000000000003,38,0,0,0.0,0,0.0
wec,Le Mans 24 2026,splash_and_dash,HYPERCAR,5,340792,HYPERCAR-04,6,6,380,86343.61470875934,35,2460.7665612858473,443.20000000000005,38,1,0,11.380041281503509,1,12.641158541870936
wec,Le Mans 24 2026,lap_down,HYPERCAR,5,340792,HYPERCAR-04,7,7,380,86354.99475004085,34,2473.407719827718,438.40000000000003,38,0,0,0.0,0,0.0
wec,Le Mans 24 2026,agent,HYPERCAR,5,340792,HYPERCAR-04,18,18,376,86155.25499428013,68,3330.06662501866,433.6,39,-11,-4,199.73975576071825,34,-856.6589051909418
wec,Le Mans 24 2026,fuel_window,HYPERCAR,5,594289,HYPERCAR-08,6,6,385,86302.50893864736,36,2524.894195787269,515.2,32,0,0,0.0,0,0.0
wec,Le Mans 24 2026,caution_gambler,HYPERCAR,5,594289,HYPERCAR-08,4,4,385,86269.47267542254,38,2596.984094399919,476.00000000000006,31,2,0,33.03626322481432,2,-72.0898986126499
wec,Le Mans 24 2026,track_position,HYPERCAR,5,594289,HYPERCAR-08,3,3,385,86249.12823605821,35,2473.6606505993664,460.8,32,3,0,53.380702589143766,-1,51.233545187902564
wec,Le Mans 24 2026,splash_and_dash,HYPERCAR,5,594289,HYPERCAR-08,1,1,385,86245.3267738205,36,2465.35976011194,508.00000000000006,32,5,0,57.182164826852386,0,59.53443567532895
wec,Le Mans 24 2026,lap_down,HYPERCAR,5,594289,HYPERCAR-08,6,6,385,86302.50893864736,36,2524.894195787269,515.2,32,0,0,0.0,0,0.0
wec,Le Mans 24 2026,agent,HYPERCAR,5,594289,HYPERCAR-08,18,62,339,86365.57624233462,287,12998.06348471117,102.4,33,-12,-46,-63.0673036872613,251,-10473.169288923902
wec,Le Mans 24 2026,fuel_window,HYPERCAR,5,237316,HYPERCAR-15,5,5,389,86216.1092649042,37,2751.7145423855504,558.4000000000001,21,0,0,0.0,0,0.0
wec,Le Mans 24 2026,caution_gambler,HYPERCAR,5,237316,HYPERCAR-15,4,4,390,86341.79913096203,37,2758.3870523855508,544.0,21,1,1,-125.68986605782993,0,-6.6725100000003295
wec,Le Mans 24 2026,track_position,HYPERCAR,5,237316,HYPERCAR-15,6,6,389,86216.421056841,36,2686.311134199638,585.6,22,-1,0,-0.3117919368087314,-1,65.40340818591221
wec,Le Mans 24 2026,splash_and_dash,HYPERCAR,5,237316,HYPERCAR-15,5,5,389,86173.45977942273,38,2735.9437880958076,553.6,21,0,0,42.6494854814664,1,15.770754289742854
wec,Le Mans 24 2026,lap_down,HYPERCAR,5,237316,HYPERCAR-15,5,5,389,86216.1092649042,37,2751.7145423855504,558.4000000000001,21,0,0,0.0,0,0.0
wec,Le Mans 24 2026,agent,HYPERCAR,5,237316,HYPERCAR-15,18,18,382,86162.65685711133,101,4160.550448917053,503.20000000000005,20,-13,-7,53.452407792865415,64,-1408.8359065315021
wec,Le Mans 24 2026,fuel_window,HYPERCAR,5,936516,HYPERCAR-03,8,8,389,86346.65770042359,38,2656.7145570050147,556.8000000000001,19,0,0,0.0,0,0.0
wec,Le Mans 24 2026,caution_gambler,HYPERCAR,5,936516,HYPERCAR-03,8,8,389,86346.65770042359,38,2656.7145570050147,556.8000000000001,19,0,0,0.0,0,0.0
wec,Le Mans 24 2026,track_position,HYPERCAR,5,936516,HYPERCAR-03,6,6,389,86328.40522877622,38,2670.059577005015,633.6,18,2,0,18.25247164737084,0,-13.345020000000204
wec,Le Mans 24 2026,splash_and_dash,HYPERCAR,5,936516,HYPERCAR-03,8,8,389,86337.74136546123,39,2654.9832165083394,552.8000000000001,19,0,0,8.916334962355904,1,1.7313404966753296
wec,Le Mans 24 2026,lap_down,HYPERCAR,5,936516,HYPERCAR-03,8,8,389,86346.65770042359,38,2656.7145570050147,556.8000000000001,19,0,0,0.0,0,0.0
wec,Le Mans 24 2026,agent,HYPERCAR,5,936516,HYPERCAR-03,18,18,387,86304.28199343158,62,3286.05714610455,574.4000000000001,18,-10,-2,42.37570699201024,24,-629.3425890995354
wec,Le Mans 24 2026,fuel_window,HYPERCAR,5,764388,HYPERCAR-06,10,10,393,86368.52545412666,38,2696.670954066029,567.2,11,0,0,0.0,0,0.0
wec,Le Mans 24 2026,caution_gambler,HYPERCAR,5,764388,HYPERCAR-06,10,10,393,86368.52545412666,38,2696.670954066029,567.2,11,0,0,0.0,0,0.0
wec,Le Mans 24 2026,track_position,HYPERCAR,5,764388,HYPERCAR-06,10,10,393,86322.54886532472,37,2652.8347210650345,566.4000000000001,11,0,0,45.97658880194649,-1,43.836233000994525
wec,Le Mans 24 2026,splash_and_dash,HYPERCAR,5,764388,HYPERCAR-06,10,10,393,86345.48195979456,39,2678.858565925654,564.8000000000001,11,0,0,23.043494332101545,1,17.81238814037488
wec,Le Mans 24 2026,lap_down,HYPERCAR,5,764388,HYPERCAR-06,7,7,393,86298.71297804685,37,2650.2683710650344,550.4000000000001,11,3,0,69.81247607980913,-1,46.40258300099458
wec,Le Mans 24 2026,agent,HYPERCAR,5,764388,HYPERCAR-06,15,15,392,86330.69549361715,58,3024.8084678296264,568.0,10,-5,-1,37.829960509508965,20,-328.1375137635973
wec,Le Mans 24 2026,fuel_window,HYPERCAR,5,146757,HYPERCAR-03,7,7,389,86208.3256980779,36,2586.528688787837,470.40000000000003,20,0,0,0.0,0,0.0
wec,Le Mans 24 2026,caution_gambler,HYPERCAR,5,146757,HYPERCAR-03,6,6,389,86272.04347013356,37,2621.745356655638,502.40000000000003,20,1,0,-63.71777205566468,1,-35.21666786780088
wec,Le Mans 24 2026,track_position,HYPERCAR,5,146757,HYPERCAR-03,7,7,389,86208.3256980779,36,2586.528688787837,470.40000000000003,20,0,0,0.0,0,0.0
wec,Le Mans 24 2026,splash_and_dash,HYPERCAR,5,146757,HYPERCAR-03,6,6,389,86181.60129328995,36,2556.143166739511,477.6,20,1,0,26.724404787950334,0,30.385522048326038
wec,Le Mans 24 2026,lap_down,HYPERCAR,5,146757,HYPERCAR-03,7,7,389,86208.3256980779,36,2586.528688787837,470.40000000000003,20,0,0,0.0,0,0.0
wec,Le Mans 24 2026,agent,HYPERCAR,5,146757,HYPERCAR-03,16,16,387,86265.70669251285,63,3083.9542067033526,511.20000000000005,19,-9,-2,-57.38099443494866,27,-497.4255179155157
wec,Le Mans 24 2026,fuel_window,HYPERCAR,5,218235,HYPERCAR-14,12,12,395,86290.01531628467,39,2957.5009396934834,544.8000000000001,4,0,0,0.0,0,0.0
wec,Le Mans 24 2026,caution_gambler,HYPERCAR,5,218235,HYPERCAR-14,12,12,395,86290.01531628467,39,2957.5009396934834,544.8000000000001,4,0,0,0.0,0,0.0
wec,Le Mans 24 2026,track_position,HYPERCAR,5,218235,HYPERCAR-14,9,9,395,86270.04514630682,38,2912.8736164752268,555.2,5,3,0,19.970169977852493,-1,44.627323218256606
wec,Le Mans 24 2026,splash_and_dash,HYPERCAR,5,218235,HYPERCAR-14,12,12,395,86286.74554927999,40,2955.9083906065566,545.6,4,0,0,3.269767004676396,1,1.5925490869267378
wec,Le Mans 24 2026,lap_down,HYPERCAR,5,218235,HYPERCAR-14,9,9,395,86270.04514630682,38,2912.8736164752268,555.2,5,3,0,19.970169977852493,-1,44.627323218256606
wec,Le Mans 24 2026,agent,HYPERCAR,5,218235,HYPERCAR-14,18,62,341,86159.77025051642,324,14753.512705859226,42.400000000000006,6,-6,-54,130.24506576824933,285,-11796.011766165742
wec,Le Mans 24 2026,fuel_window,HYPERCAR,5,665085,HYPERCAR-13,5,5,386,86372.70025440455,36,2577.2821879250255,518.4000000000001,24,0,0,0.0,0,0.0
wec,Le Mans 24 2026,caution_gambler,HYPERCAR,5,665085,HYPERCAR-13,10,10,385,86285.3055346879,38,2639.3651116736846,539.2,26,-5,-1,87.39471971665625,2,-62.08292374865914
wec,Le Mans 24 2026,track_position,HYPERCAR,5,665085,HYPERCAR-13,4,4,386,86383.16744103027,36,2577.2821879250255,496.8,24,1,0,-10.467186625712202,0,0.0
wec,Le Mans 24 2026,splash_and_dash,HYPERCAR,5,665085,HYPERCAR-13,5,5,386,86354.02162670286,37,2564.5424429629816,516.0,24,0,0,18.678627701694495,1,12.739744962043915
wec,Le Mans 24 2026,lap_down,HYPERCAR,5,665085,HYPERCAR-13,5,5,386,86372.70025440455,36,2577.2821879250255,518.4000000000001,24,0,0,0.0,0,0.0
wec,Le Mans 24 2026,agent,HYPERCAR,5,665085,HYPERCAR-13,14,14,384,86316.94375035894,60,3024.098956306745,499.20000000000005,27,-9,-2,55.7565040456102,24,-446.8167683817196
wec,Le Mans 24 2026,fuel_window,HYPERCAR,5,729373,HYPERCAR-07,5,5,382,86372.25815223777,35,2598.6401783416227,484.00000000000006,38,0,0,0.0,0,0.0
wec,Le Mans 24 2026,caution_gambler,HYPERCAR,5,729373,HYPERCAR-07,1,1,382,86315.79481462989,35,2570.9235983416224,490.40000000000003,38,4,0,56.46333760788548,0,27.71658000000025
wec,Le Mans 24 2026,track_position,HYPERCAR,5,729373,HYPERCAR-07,4,4,380,86203.28104860513,35,2595.5605583416227,508.80000000000007,36,1,-2,168.97710363264196,0,3.079619999999977
wec,Le Mans 24 2026,splash_and_dash,HYPERCAR,5,729373,HYPERCAR-07,4,4,382,86345.21963130833,36,2573.3668072502596,483.20000000000005,38,1,0,27.03852092944726,1,25.27337109136306
wec,Le Mans 24 2026,lap_down,HYPERCAR,5,729373,HYPERCAR-07,12,12,382,86376.70567767575,35,2597.1003683416225,497.6,37,-7,0,-4.447525437979493,0,1.539810000000216
wec,Le Mans 24 2026,agent,HYPERCAR,5,729373,HYPERCAR-07,12,12,380,86219.46083276984,50,2806.6177405876156,498.40000000000003,37,-7,-2,152.79731946793618,15,-207.97756224599289
wec,Le Mans 24 2026,fuel_window,HYPERCAR,5,886406,HYPERCAR-18,3,3,386,86260.27591455195,35,2432.3706955983916,564.8000000000001,26,0,0,0.0,0,0.0
wec,Le Mans 24 2026,caution_gambler,HYPERCAR,5,886406,HYPERCAR-18,5,5,386,86330.51987541658,36,2491.205671281616,524.8000000000001,27,-2,0,-70.24396086462366,1,-58.83497568322446
wec,Le Mans 24 2026,track_position,HYPERCAR,5,886406,HYPERCAR-18,5,5,386,86274.6464585796,35,2430.3176155983915,635.2,28,-2,0,-14.370544027653523,0,2.0530800000001364
wec,Le Mans 24 2026,splash_and_dash,HYPERCAR,5,886406,HYPERCAR-18,2,2,386,86221.99960119725,35,2401.6332649833307,560.8000000000001,26,1,0,38.27631335469778,0,30.73743061506093
wec,Le Mans 24 2026,lap_down,HYPERCAR,5,886406,HYPERCAR-18,3,3,386,86260.27591455195,35,2432.3706955983916,564.8000000000001,26,0,0,0.0,0,0.0
wec,Le Mans 24 2026,agent,HYPERCAR,5,886406,HYPERCAR-18,17,17,384,86238.23208439005,62,3038.6524602338427,607.2,28,-14,-2,22.043830161899677,27,-606.281764635451
wec,Le Mans 24 2026,fuel_window,HYPERCAR,5,266896,HYPERCAR-15,3,3,374,86220.62802602144,35,2351.0406244562305,450.40000000000003,50,0,0,0.0,0,0.0
wec,Le Mans 24 2026,caution_gambler,HYPERCAR,5,266896,HYPERCAR-15,8,8,374,86303.6482892446,37,2453.4521489389026,494.40000000000003,49,-5,0,-83.02026322315214,2,-102.41152448267212
wec,Le Mans 24 2026,track_position,HYPERCAR,5,266896,HYPERCAR-15,4,4,375,86360.8802839512,35,2318.7046144562305,471.20000000000005,50,-1,1,-140.25225792976562,0,32.33600999999999
wec,Le Mans 24 2026,splash_and_dash,HYPERCAR,5,266896,HYPERCAR-15,3,3,374,86184.94933838642,35,2315.7930430129013,452.8,50,0,0,35.67868763502338,0,35.24758144332918
wec,Le Mans 24 2026,lap_down,HYPERCAR,5,266896,HYPERCAR-15,3,3,374,86224.6402586615,35,2350.8353164562304,461.6,50,0,0,-4.012232640059665,0,0.2053080000000591
wec,Le Mans 24 2026,agent,HYPERCAR,5,266896,HYPERCAR-15,15,15,373,86235.1029902048,63,2923.3699071739366,463.20000000000005,51,-12,-1,-14.474964183362317,28,-572.3292827177061
wec,Le Mans 24 2026,fuel_window,HYPERCAR,5,967217,HYPERCAR-18,6,6,384,86253.80204799918,36,2692.4385689584624,552.0,34,0,0,0.0,0,0.0
wec,Le Mans 24 2026,caution_gambler,HYPERCAR,5,967217,HYPERCAR-18,11,11,384,86337.00337784083,36,2694.902264958462,546.4000000000001,35,-5,0,-83.20132984164229,0,-2.4636959999998
wec,Le Mans 24 2026,track_position,HYPERCAR,5,967217,HYPERCAR-18,6,6,384,86197.18644996201,36,2689.6669109584623,559.2,34,0,0,56.61559803716955,0,2.771658000000116
wec,Le Mans 24 2026,splash_and_dash,HYPERCAR,5,967217,HYPERCAR-18,6,6,384,86232.26597104526,36,2661.7979415188,564.0,34,0,0,21.536076953925658,0,30.64062743966224
wec,Le Mans 24 2026,lap_down,HYPERCAR,5,967217,HYPERCAR-18,3,3,384,86207.67613162137,36,2689.0509869584625,555.2,34,3,0,46.125916377815884,0,3.3875819999998384
wec,Le Mans 24 2026,agent,HYPERCAR,5,967217,HYPERCAR-18,18,37,352,86316.6143585682,237,10488.228018104806,222.4,36,-12,-32,-62.81231056901743,201,-7795.789449146344
wec,Le Mans 24 2026,fuel_window,HYPERCAR,5,694703,HYPERCAR-05,8,8,395,86243.46941139018,39,2939.038464361054,556.0,7,0,0,0.0,0,0.0
wec,Le Mans 24 2026,caution_gambler,HYPERCAR,5,694703,HYPERCAR-05,8,8,395,86243.46941139018,39,2939.038464361054,556.0,7,0,0,0.0,0,0.0
wec,Le Mans 24 2026,track_position,HYPERCAR,5,694703,HYPERCAR-05,8,8,395,86243.46538993252,39,2939.038464361054,556.0,7,0,0,0.004021457658382133,0,0.0
wec,Le Mans 24 2026,splash_and_dash,HYPERCAR,5,694703,HYPERCAR-05,6,6,396,86381.00741350629,39,2905.4947679588454,556.0,7,2,1,-137.53800211611087,0,33.54369640220875
wec,Le Mans 24 2026,lap_down,HYPERCAR,5,694703,HYPERCAR-05,8,8,395,86243.46941139018,39,2939.038464361054,556.0,7,0,0,0.0,0,0.0
wec,Le Mans 24 2026,agent,HYPERCAR,5,694703,HYPERCAR-05,18,18,388,86213.095771737,112,4692.148281933684,439.20000000000005,7,-10,-7,30.373639653174905,73,-1753.1098175726302
wec,Le Mans 24 2026,fuel_window,HYPERCAR,5,492801,HYPERCAR-12,6,6,388,86292.51642695148,37,2667.1225097650845,533.6,24,0,0,0.0,0,0.0
wec,Le Mans 24 2026,caution_gambler,HYPERCAR,5,492801,HYPERCAR-12,7,7,388,86320.29733111557,37,2670.612745765084,498.40000000000003,23,-1,0,-27.780904164086678,0,-3.4902359999996406
wec,Le Mans 24 2026,track_position,HYPERCAR,5,492801,HYPERCAR-12,7,7,387,86182.88572055336,35,2575.0615857137686,501.6,23,-1,-1,109.63070639812213,-2,92.06092405131585
wec,Le Mans 24 2026,splash_and_dash,HYPERCAR,5,492801,HYPERCAR-12,4,4,388,86251.56956896605,37,2623.62337653676,537.6,24,2,0,40.94685798542923,0,43.499133228324354
wec,Le Mans 24 2026,lap_down,HYPERCAR,5,492801,HYPERCAR-12,6,6,388,86292.51642695148,37,2667.1225097650845,533.6,24,0,0,0.0,0,0.0
wec,Le Mans 24 2026,agent,HYPERCAR,5,492801,HYPERCAR-12,18,18,378,86350.03019174159,126,5167.764261049364,381.6,24,-12,-10,-57.51376479011378,89,-2500.6417512842795
wec,Le Mans 24 2026,fuel_window,HYPERCAR,5,228824,HYPERCAR-06,3,3,390,86264.54595962395,38,2659.806817699499,513.6,17,0,0,0.0,0,0.0
wec,Le Mans 24 2026,caution_gambler,HYPERCAR,5,228824,HYPERCAR-06,8,8,389,86257.59999905866,39,2691.2467631205363,560.0,18,-5,-1,6.945960565295536,1,-31.439945421037464
wec,Le Mans 24 2026,track_position,HYPERCAR,5,228824,HYPERCAR-06,3,3,390,86301.37055520248,37,2615.5129693536514,624.8000000000001,18,0,0,-36.82459557852417,-1,44.29384834584744
wec,Le Mans 24 2026,splash_and_dash,HYPERCAR,5,228824,HYPERCAR-06,3,3,390,86252.57466557891,39,2648.97440639411,516.0,17,0,0,11.97129404504085,1,10.832411305389087
wec,Le Mans 24 2026,lap_down,HYPERCAR,5,228824,HYPERCAR-06,1,1,390,86183.25002630732,36,2551.2275501177423,559.2,18,2,0,81.29593331663636,-2,108.57926758175654
wec,Le Mans 24 2026,agent,HYPERCAR,5,228824,HYPERCAR-06,18,37,353,86328.34844636747,267,11364.00382021753,184.8,18,-15,-37,-63.802486743516056,229,-8704.19700251803
wec,Le Mans 24 2026,fuel_window,HYPERCAR,5,472690,HYPERCAR-18,6,6,382,86183.2340179177,36,2563.0048038888403,492.8,32,0,0,0.0,0,0.0
wec,Le Mans 24 2026,caution_gambler,HYPERCAR,5,472690,HYPERCAR-18,6,6,382,86183.2340179177,36,2563.0048038888403,492.8,32,0,0,0.0,0,0.0
wec,Le Mans 24 2026,track_position,HYPERCAR,5,472690,HYPERCAR-18,6,6,382,86325.48140922852,35,2519.294406549594,468.00000000000006,32,0,0,-142.24739131082606,-1,43.710397339246356
wec,Le Mans 24 2026,splash_and_dash,HYPERCAR,5,472690,HYPERCAR-18,5,5,383,86370.6466794317,37,2552.0906815404833,487.20000000000005,32,1,1,-187.4126615139976,1,10.914122348357068
wec,Le Mans 24 2026,lap_down,HYPERCAR,5,472690,HYPERCAR-18,6,6,382,86183.2340179177,36,2563.0048038888403,492.8,32,0,0,0.0,0,0.0
wec,Le Mans 24 2026,agent,HYPERCAR,5,472690,HYPERCAR-18,18,18,381,86238.63228248844,58,3069.274028920655,485.6,34,-12,-1,-55.39826457074378,22,-506.2692250318146
wec,Le Mans 24 2026,fuel_window,HYPERCAR,5,792194,HYPERCAR-04,9,9,391,86279.46161671703,37,2726.2837416222824,534.4000000000001,18,0,0,0.0,0,0.0
wec,Le Mans 24 2026,caution_gambler,HYPERCAR,5,792194,HYPERCAR-04,9,9,391,86279.46161671703,37,2726.2837416222824,534.4000000000001,18,0,0,0.0,0,0.0
wec,Le Mans 24 2026,track_position,HYPERCAR,5,792194,HYPERCAR-04,10,10,391,86242.48040247399,37,2726.2837416222824,525.6,18,-1,0,36.98121424304554,0,0.0
wec,Le Mans 24 2026,splash_and_dash,HYPERCAR,5,792194,HYPERCAR-04,9,9,391,86234.82342028763,37,2685.3688748366753,532.8000000000001,18,0,0,44.638196429397794,0,40.914866785607046
wec,Le Mans 24 2026,lap_down,HYPERCAR,5,792194,HYPERCAR-04,9,9,391,86279.46161671703,37,2726.2837416222824,534.4000000000001,18,0,0,0.0,0,0.0
wec,Le Mans 24 2026,agent,HYPERCAR,5,792194,HYPERCAR-04,18,18,388,86183.60249804512,70,3466.4034189533645,532.0,18,-9,-3,95.85911867191317,33,-740.1196773310821
wec,Le Mans 24 2026,fuel_window,HYPERCAR,5,311473,HYPERCAR-16,7,7,397,86272.5521365172,39,2903.825863221729,604.8000000000001,2,0,0,0.0,0,0.0
wec,Le Mans 24 2026,caution_gambler,HYPERCAR,5,311473,HYPERCAR-16,7,7,397,86272.5521365172,39,2903.825863221729,604.8000000000001,2,0,0,0.0,0,0.0
wec,Le Mans 24 2026,track_position,HYPERCAR,5,311473,HYPERCAR-16,7,7,397,86278.49328488836,39,2906.392213221729,608.8000000000001,2,0,0,-5.9411483711592155,0,-2.5663500000000568
wec,Le Mans 24 2026,splash_and_dash,HYPERCAR,5,311473,HYPERCAR-16,7,7,397,86258.46669099027,40,2887.7715238865203,609.6,2,0,0,14.085445526929107,1,16.054339335208624
wec,Le Mans 24 2026,lap_down,HYPERCAR,5,311473,HYPERCAR-16,7,7,397,86272.5521365172,39,2903.825863221729,604.8000000000001,2,0,0,0.0,0,0.0
wec,Le Mans 24 2026,agent,HYPERCAR,5,311473,HYPERCAR-16,18,18,394,86247.09927590813,74,3615.2319537891995,519.2,2,-11,-3,25.452860609075287,35,-711.4060905674705
wec,Le Mans 24 2026,fuel_window,HYPERCAR,5,576934,HYPERCAR-08,5,5,373,86386.02680352388,34,2442.595274102718,438.40000000000003,51,0,0,0.0,0,0.0
wec,Le Mans 24 2026,caution_gambler,HYPERCAR,5,576934,HYPERCAR-08,11,11,373,86354.51076764219,36,2493.036292585061,451.20000000000005,50,-6,0,31.516035881693824,2,-50.44101848234277
wec,Le Mans 24 2026,track_position,HYPERCAR,5,576934,HYPERCAR-08,3,3,373,86293.53251983713,34,2421.756512102718,419.20000000000005,50,2,0,92.49428368675581,0,20.838762000000315
wec,Le Mans 24 2026,splash_and_dash,HYPERCAR,5,576934,HYPERCAR-08,5,5,373,86358.59906462705,35,2419.6908648496747,436.00000000000006,51,0,0,27.427738896833034,1,22.904409253043468
wec,Le Mans 24 2026,lap_down,HYPERCAR,5,576934,HYPERCAR-08,5,5,373,86386.02680352388,34,2442.595274102718,438.40000000000003,51,0,0,0.0,0,0.0
wec,Le Mans 24 2026,agent,HYPERCAR,5,576934,HYPERCAR-08,18,37,348,86216.35991321747,238,10166.090229853404,153.60000000000002,61,-13,-25,169.66689030641282,204,-7723.494955750686
wec,Le Mans 24 2026,fuel_window,HYPERCAR,5,547095,HYPERCAR-15,8,8,379,86308.34641229035,34,2447.9608367047485,406.40000000000003,40,0,0,0.0,0,0.0
wec,Le Mans 24 2026,caution_gambler,HYPERCAR,5,547095,HYPERCAR-15,13,13,378,86345.45004849095,35,2420.2370516541787,476.8,40,-5,-1,-37.103636200597975,1,27.72378505056986
wec,Le Mans 24 2026,track_position,HYPERCAR,5,547095,HYPERCAR-15,10,10,379,86379.64565932035,34,2447.9608367047485,468.00000000000006,40,-2,0,-71.29924702999415,0,0.0
wec,Le Mans 24 2026,splash_and_dash,HYPERCAR,5,547095,HYPERCAR-15,7,7,379,86294.82447191475,35,2435.5777790688066,408.8,40,1,0,13.521940375605482,1,12.383057635941896
wec,Le Mans 24 2026,lap_down,HYPERCAR,5,547095,HYPERCAR-15,8,8,379,86308.34641229035,34,2447.9608367047485,406.40000000000003,40,0,0,0.0,0,0.0
wec,Le Mans 24 2026,agent,HYPERCAR,5,547095,HYPERCAR-15,17,17,378,86271.39203337985,56,2794.1758855446596,438.40000000000003,40,-9,-1,36.95437891050824,22,-346.2150488399111
wec,Le Mans 24 2026,fuel_window,HYPERCAR,5,432349,HYPERCAR-18,2,2,377,86317.0601062603,35,2402.800463702644,555.2,43,0,0,0.0,0,0.0
wec,Le Mans 24 2026,caution_gambler,HYPERCAR,5,432349,HYPERCAR-18,2,2,377,86288.14521937855,37,2428.1878878156567,567.2,42,0,0,28.91488688174286,2,-25.387424113012912
wec,Le Mans 24 2026,track_position,HYPERCAR,5,432349,HYPERCAR-18,8,8,377,86364.07558784274,35,2381.1404697026437,592.8000000000001,42,-6,0,-47.015481582449866,0,21.659994000000097
wec,Le Mans 24 2026,splash_and_dash,HYPERCAR,5,432349,HYPERCAR-18,2,2,377,86293.08092321381,36,2393.114051669727,544.8000000000001,43,0,0,23.97918304648192,1,9.686412032916905
wec,Le Mans 24 2026,lap_down,HYPERCAR,5,432349,HYPERCAR-18,2,2,377,86317.0601062603,35,2402.800463702644,555.2,43,0,0,0.0,0,0.0
wec,Le Mans 24 2026,agent,HYPERCAR,5,432349,HYPERCAR-18,17,17,376,86278.85240790762,73,3352.350135565958,531.2,44,-15,-1,38.20769835267856,38,-949.5496718633144
wec,Le Mans 24 2026,fuel_window,HYPERCAR,5,315807,HYPERCAR-10,6,6,384,86323.282448417,36,2604.2151402528143,537.6,29,0,0,0.0,0,0.0
wec,Le Mans 24 2026,caution_gambler,HYPERCAR,5,315807,HYPERCAR-10,11,11,383,86251.63049991109,37,2639.753426084637,603.2,30,-5,-1,71.6519485059107,1,-35.53828583182258
wec,Le Mans 24 2026,track_position,HYPERCAR,5,315807,HYPERCAR-10,8,8,383,86245.19682208367,36,2601.032866252814,544.0,29,-2,-1,78.08562633332622,0,3.182274000000234
wec,Le Mans 24 2026,splash_and_dash,HYPERCAR,5,315807,HYPERCAR-10,6,6,384,86318.7443733954,37,2596.015947970857,544.8000000000001,29,0,0,4.53807502159907,1,8.199192281957494
wec,Le Mans 24 2026,lap_down,HYPERCAR,5,315807,HYPERCAR-10,6,6,384,86323.282448417,36,2604.2151402528143,537.6,29,0,0,0.0,0,0.0
wec,Le Mans 24 2026,agent,HYPERCAR,5,315807,HYPERCAR-10,13,13,382,86214.37380604721,59,3054.338572940542,546.4000000000001,29,-7,-2,108.90864236978814,23,-450.1234326877275
wec,Le Mans 24 2026,fuel_window,HYPERCAR,5,797125,HYPERCAR-01,10,10,385,86467.52577799956,36,2601.5396486645027,496.8,29,0,0,0.0,0,0.0
wec,Le Mans 24 2026,caution_gambler,HYPERCAR,5,797125,HYPERCAR-01,11,11,384,86315.67143989523,37,2608.5386814376025,535.2,29,-1,-1,151.85433810432733,1,-6.999032773099771
wec,Le Mans 24 2026,track_position,HYPERCAR,5,797125,HYPERCAR-01,10,10,385,86473.83048317954,35,2568.7742606534057,542.4000000000001,29,0,0,-6.304705179980374,-1,32.765388011097
wec,Le Mans 24 2026,splash_and_dash,HYPERCAR,5,797125,HYPERCAR-01,7,7,385,86424.52406916264,36,2566.9592370487835,497.6,29,3,0,43.00170883692044,0,34.580411615719186
wec,Le Mans 24 2026,lap_down,HYPERCAR,5,797125,HYPERCAR-01,10,10,385,86467.52577799956,36,2601.5396486645027,496.8,29,0,0,0.0,0,0.0
wec,Le Mans 24 2026,agent,HYPERCAR,5,797125,HYPERCAR-01,17,17,383,86299.06923406586,66,3250.3892299309123,538.4000000000001,28,-7,-2,168.45654393370205,30,-648.8495812664096
wec,Le Mans 24 2026,fuel_window,HYPERCAR,5,497366,HYPERCAR-08,1,1,379,86270.40646477378,34,2461.7753919645866,527.2,38,0,0,0.0,0,0.0
wec,Le Mans 24 2026,caution_gambler,HYPERCAR,5,497366,HYPERCAR-08,3,3,379,86278.66913556801,37,2543.8332428926233,536.0,38,-2,0,-8.262670794225414,3,-82.05785092803671
wec,Le Mans 24 2026,track_position,HYPERCAR,5,497366,HYPERCAR-08,7,7,379,86341.21442946284,34,2459.517003964587,512.8000000000001,39,-6,0,-70.80796468905464,0,2.2583879999997407
wec,Le Mans 24 2026,splash_and_dash,HYPERCAR,5,497366,HYPERCAR-08,1,1,379,86251.56716073875,35,2452.428858943172,521.6,38,0,0,18.83930403503473,1,9.346533021414416
wec,Le Mans 24 2026,lap_down,HYPERCAR,5,497366,HYPERCAR-08,1,1,379,86270.40646477378,34,2461.7753919645866,527.2,38,0,0,0.0,0,0.0
wec,Le Mans 24 2026,agent,HYPERCAR,5,497366,HYPERCAR-08,17,17,378,86353.292623784,56,2872.570561369277,532.0,38,-16,-1,-82.88615901021694,22,-410.79516940469057
wec,Le Mans 24 2026,fuel_window,HYPERCAR,5,175084,HYPERCAR-08,7,7,384,86210.77235747504,36,2664.501267517298,441.6,32,0,0,0.0,0,0.0
wec,Le Mans 24 2026,caution_gambler,HYPERCAR,5,175084,HYPERCAR-08,8,8,384,86331.84240985231,39,2740.7444632401284,462.40000000000003,33,-1,0,-121.07005237726844,3,-76.24319572283048
wec,Le Mans 24 2026,track_position,HYPERCAR,5,175084,HYPERCAR-08,7,7,384,86230.77784916862,36,2667.067617517298,459.20000000000005,32,0,0,-20.005491693576914,0,-2.5663500000000568
wec,Le Mans 24 2026,splash_and_dash,HYPERCAR,5,175084,HYPERCAR-08,6,6,384,86160.96984673914,37,2641.315823151198,436.00000000000006,32,1,0,49.80251073589898,1,23.1854443661
wec,Le Mans 24 2026,lap_down,HYPERCAR,5,175084,HYPERCAR-08,7,7,384,86210.77235747504,36,2664.501267517298,441.6,32,0,0,0.0,0,0.0
wec,Le Mans 24 2026,agent,HYPERCAR,5,175084,HYPERCAR-08,18,62,339,86299.14967627973,291,12920.94663161266,86.4,33,-11,-45,-88.37731880469073,255,-10256.445364095362
wec,Le Mans 24 2026,fuel_window,HYPERCAR,5,887010,HYPERCAR-03,9,9,380,86211.76657021482,34,2383.5250872868733,480.00000000000006,39,0,0,0.0,0,0.0
wec,Le Mans 24 2026,caution_gambler,HYPERCAR,5,887010,HYPERCAR-03,5,5,381,86376.3960799946,35,2404.701419858668,558.4000000000001,38,4,1,-164.6295097797847,1,-21.176332571794774
wec,Le Mans 24 2026,track_position,HYPERCAR,5,887010,HYPERCAR-03,7,7,381,86378.00314721222,34,2404.1585412868735,497.6,40,2,1,-166.23657699739852,0,-20.633454000000256
wec,Le Mans 24 2026,splash_and_dash,HYPERCAR,5,887010,HYPERCAR-03,9,9,380,86179.53263931435,34,2353.230039126002,481.6,39,0,0,32.23393090047466,0,30.295048160871374
wec,Le Mans 24 2026,lap_down,HYPERCAR,5,887010,HYPERCAR-03,9,9,380,86211.76657021482,34,2383.5250872868733,480.00000000000006,39,0,0,0.0,0,0.0
wec,Le Mans 24 2026,agent,HYPERCAR,5,887010,HYPERCAR-03,18,18,374,86339.1008089039,101,3951.186059591702,403.20000000000005,40,-9,-6,-127.33423868907266,67,-1567.6609723048286
wec,Le Mans 24 2026,fuel_window,HYPERCAR,5,472274,HYPERCAR-10,8,8,389,86246.65783004547,36,2620.317425038543,549.6,21,0,0,0.0,0,0.0
wec,Le Mans 24 2026,caution_gambler,HYPERCAR,5,472274,HYPERCAR-10,13,13,389,86297.10944127262,37,2687.626083667673,554.4000000000001,21,-5,0,-50.45161122715217,1,-67.3086586291297
wec,Le Mans 24 2026,track_position,HYPERCAR,5,472274,HYPERCAR-10,8,8,389,86243.6241800455,36,2622.8837750385433,544.0,21,0,0,3.0336499999684747,0,-2.5663500000000568
wec,Le Mans 24 2026,splash_and_dash,HYPERCAR,5,472274,HYPERCAR-10,8,8,389,86244.15730306262,37,2611.309669069317,560.0,21,0,0,2.5005269828543533,1,9.00775596922631
wec,Le Mans 24 2026,lap_down,HYPERCAR,5,472274,HYPERCAR-10,8,8,389,86246.65783004547,36,2620.317425038543,549.6,21,0,0,0.0,0,0.0
wec,Le Mans 24 2026,agent,HYPERCAR,5,472274,HYPERCAR-10,18,18,387,86166.8305631392,62,3375.3347075899255,519.2,21,-10,-2,79.82726690627169,26,-755.0172825513823
wec,Le Mans 24 2026,fuel_window,HYPERCAR,5,80012,HYPERCAR-06,3,3,390,86203.36000305154,37,2552.5417143677137,528.8000000000001,21,0,0,0.0,0,0.0
wec,Le Mans 24 2026,caution_gambler,HYPERCAR,5,80012,HYPERCAR-06,3,3,390,86267.63579539098,38,2578.693350929164,556.0,20,0,0,-64.27579233943834,1,-26.151636561450232
wec,Le Mans 24 2026,track_position,HYPERCAR,5,80012,HYPERCAR-06,3,3,390,86203.36000305154,37,2552.5417143677137,528.8000000000001,21,0,0,0.0,0,0.0
wec,Le Mans 24 2026,splash_and_dash,HYPERCAR,5,80012,HYPERCAR-06,3,3,390,86176.20534365674,38,2539.019674438588,537.6,21,0,0,27.154659394800547,1,13.52203992912564
wec,Le Mans 24 2026,lap_down,HYPERCAR,5,80012,HYPERCAR-06,3,3,390,86203.36000305154,37,2552.5417143677137,528.8000000000001,21,0,0,0.0,0,0.0
wec,Le Mans 24 2026,agent,HYPERCAR,5,80012,HYPERCAR-06,18,18,385,86187.36562728632,85,3599.8564521463427,548.0,21,-15,-5,15.994375765221776,48,-1047.314737778629
wec,Le Mans 24 2026,fuel_window,HYPERCAR,5,851148,HYPERCAR-09,11,11,369,86351.94234236713,33,2261.901054659157,477.6,56,0,0,0.0,0,0.0
wec,Le Mans 24 2026,caution_gambler,HYPERCAR,5,851148,HYPERCAR-09,2,2,369,86159.74266399686,35,2355.87125547714,416.00000000000006,55,9,0,192.19967837026343,2,-93.97020081798291
wec,Le Mans 24 2026,track_position,HYPERCAR,5,851148,HYPERCAR-09,2,2,369,86181.666381503,33,2261.0798226591573,468.8,56,9,0,170.27596086412086,0,0.8212319999997817
wec,Le Mans 24 2026,splash_and_dash,HYPERCAR,5,851148,HYPERCAR-09,11,11,369,86351.46687919211,33,2234.954379659157,484.8,56,0,0,0.47546317501110025,0,26.94667500000014
wec,Le Mans 24 2026,lap_down,HYPERCAR,5,851148,HYPERCAR-09,11,11,369,86351.94234236713,33,2261.901054659157,477.6,56,0,0,0.0,0,0.0
wec,Le Mans 24 2026,agent,HYPERCAR,5,851148,HYPERCAR-09,18,18,368,86306.12238676354,75,3249.0612435357352,482.40000000000003,63,-7,-1,45.81995560358337,42,-987.1601888765781
wec,Le Mans 24 2026,fuel_window,HYPERCAR,5,589879,HYPERCAR-04,9,9,391,86294.92414539294,37,2695.9259839512943,532.8000000000001,14,0,0,0.0,0,0.0
wec,Le Mans 24 2026,caution_gambler,HYPERCAR,5,589879,HYPERCAR-04,9,9,391,86294.92414539294,37,2695.9259839512943,532.8000000000001,14,0,0,0.0,0,0.0
wec,Le Mans 24 2026,track_position,HYPERCAR,5,589879,HYPERCAR-04,6,6,391,86228.86787337136,37,2697.9790639512944,538.4000000000001,12,3,0,66.05627202158212,0,-2.0530800000001364
wec,Le Mans 24 2026,splash_and_dash,HYPERCAR,5,589879,HYPERCAR-04,7,7,391,86268.0140267522,38,2681.800859776201,523.2,14,2,0,26.910118640749715,1,14.125124175093333
wec,Le Mans 24 2026,lap_down,HYPERCAR,5,589879,HYPERCAR-04,9,9,391,86294.92414539294,37,2695.9259839512943,532.8000000000001,14,0,0,0.0,0,0.0
wec,Le Mans 24 2026,agent,HYPERCAR,5,589879,HYPERCAR-04,18,18,385,86184.8347163197,105,4399.62683014008,482.40000000000003,14,-9,-6,110.08942907323944,68,-1703.7008461887854
wec,Le Mans 24 2026,fuel_window,HYPERCAR,5,920730,HYPERCAR-12,10,10,394,86298.27357121704,37,2656.061760699491,661.6,8,0,0,0.0,0,0.0
wec,Le Mans 24 2026,caution_gambler,HYPERCAR,5,920730,HYPERCAR-12,10,10,394,86298.27357121704,37,2656.061760699491,661.6,8,0,0,0.0,0,0.0
wec,Le Mans 24 2026,track_position,HYPERCAR,5,920730,HYPERCAR-12,6,6,394,86224.63734159658,37,2658.628110699491,591.2,8,4,0,73.63622962046065,0,-2.5663500000000568
wec,Le Mans 24 2026,splash_and_dash,HYPERCAR,5,920730,HYPERCAR-12,10,10,394,86285.12578322385,38,2644.0528554459297,664.0,8,0,0,13.147787993191741,1,12.008905253561352
wec,Le Mans 24 2026,lap_down,HYPERCAR,5,920730,HYPERCAR-12,10,10,394,86298.27357121704,37,2656.061760699491,661.6,8,0,0,0.0,0,0.0
wec,Le Mans 24 2026,agent,HYPERCAR,5,920730,HYPERCAR-12,14,14,393,86333.79005974674,59,3007.921695298506,608.8000000000001,9,-4,-1,-35.51648852969811,22,-351.8599345990151
wec,Le Mans 24 2026,fuel_window,HYPERCAR,5,641267,HYPERCAR-17,10,10,383,86349.88828409364,36,2747.838865305835,517.6,36,0,0,0.0,0,0.0
wec,Le Mans 24 2026,caution_gambler,HYPERCAR,5,641267,HYPERCAR-17,4,4,383,86305.37947074305,36,2718.069205305835,516.8000000000001,36,6,0,44.50881335059239,0,29.76965999999993
wec,Le Mans 24 2026,track_position,HYPERCAR,5,641267,HYPERCAR-17,4,4,383,86251.45768981728,34,2666.9455284430437,531.2,35,6,0,98.43059427636035,-2,80.89333686279133
wec,Le Mans 24 2026,splash_and_dash,HYPERCAR,5,641267,HYPERCAR-17,7,7,383,86325.47629223179,37,2725.5502030877647,517.6,36,3,0,24.411991861852584,1,22.288662218070385
wec,Le Mans 24 2026,lap_down,HYPERCAR,5,641267,HYPERCAR-17,10,10,383,86356.79171963435,35,2707.6940475294996,527.2,36,0,0,-6.903435540705686,-1,40.14481777633546
wec,Le Mans 24 2026,agent,HYPERCAR,5,641267,HYPERCAR-17,10,10,383,86381.87401319436,57,3072.0349157073624,515.2,35,0,0,-31.985729100721073,21,-324.1960504015274
wec,Le Mans 24 2026,fuel_window,HYPERCAR,5,470306,HYPERCAR-09,1,1,388,86184.49654844962,37,2614.0177127863617,520.0,21,0,0,0.0,0,0.0
wec,Le Mans 24 2026,caution_gambler,HYPERCAR,5,470306,HYPERCAR-09,1,1,389,86326.24489483518,37,2587.3276727863617,519.2,21,0,1,-141.74834638556058,0,26.690039999999954
wec,Le Mans 24 2026,track_position,HYPERCAR,5,470306,HYPERCAR-09,2,2,388,86112.82604645035,37,2619.1504127863614,576.8000000000001,21,-1,0,71.67050199926598,0,-5.132699999999659
wec,Le Mans 24 2026,splash_and_dash,HYPERCAR,5,470306,HYPERCAR-09,1,1,389,86323.60821627686,38,2559.877501633866,511.20000000000005,21,0,1,-139.1116678272374,1,54.140211152495795
wec,Le Mans 24 2026,lap_down,HYPERCAR,5,470306,HYPERCAR-09,1,1,388,86184.49654844962,37,2614.0177127863617,520.0,21,0,0,0.0,0,0.0
wec,Le Mans 24 2026,agent,HYPERCAR,5,470306,HYPERCAR-09,18,37,353,86292.42733993582,257,11351.076079315197,160.8,25,-17,-35,-107.93079148620018,220,-8737.058366528836
wec,Le Mans 24 2026,fuel_window,HYPERCAR,5,86394,HYPERCAR-15,5,5,396,86350.78764866914,39,2822.164230834812,580.0,7,0,0,0.0,0,0.0
wec,Le Mans 24 2026,caution_gambler,HYPERCAR,5,86394,HYPERCAR-15,5,5,396,86350.78764866914,39,2822.164230834812,580.0,7,0,0,0.0,0,0.0
wec,Le Mans 24 2026,track_position,HYPERCAR,5,86394,HYPERCAR-15,5,5,396,86350.78764866914,39,2822.164230834812,580.0,7,0,0,0.0,0,0.0
wec,Le Mans 24 2026,splash_and_dash,HYPERCAR,5,86394,HYPERCAR-15,4,4,396,86257.19784168822,39,2790.0218947771477,582.4000000000001,7,1,0,93.58980698091909,0,32.142336057664124
wec,Le Mans 24 2026,lap_down,HYPERCAR,5,86394,HYPERCAR-15,5,5,396,86350.78764866914,39,2822.164230834812,580.0,7,0,0,0.0,0,0.0
wec,Le Mans 24 2026,agent,HYPERCAR,5,86394,HYPERCAR-15,18,18,392,86351.57289629726,78,3692.0550443496636,486.40000000000003,8,-13,-4,-0.7852476281259442,39,-869.8908135148517
wec,Le Mans 24 2026,fuel_window,HYPERCAR,5,769297,HYPERCAR-04,8,8,395,86232.06792152746,38,2738.961184094943,604.0,8,0,0,0.0,0,0.0
wec,Le Mans 24 2026,caution_gambler,HYPERCAR,5,769297,HYPERCAR-04,8,8,395,86232.06792152746,38,2738.961184094943,604.0,8,0,0,0.0,0,0.0
wec,Le Mans 24 2026,track_position,HYPERCAR,5,769297,HYPERCAR-04,7,7,395,86227.5709633522,38,2738.961184094943,614.4000000000001,8,1,0,4.496958175252075,0,0.0
wec,Le Mans 24 2026,splash_and_dash,HYPERCAR,5,769297,HYPERCAR-04,6,6,395,86187.38632193072,38,2703.510690689915,597.6,8,2,0,44.68159959673358,0,35.45049340502783
wec,Le Mans 24 2026,lap_down,HYPERCAR,5,769297,HYPERCAR-04,8,8,395,86233.41054823736,38,2738.961184094943,605.6,8,0,0,-1.342626709898468,0,0.0
wec,Le Mans 24 2026,agent,HYPERCAR,5,769297,HYPERCAR-04,18,37,353,86217.56833671914,276,12162.597237058751,154.4,8,-10,-42,14.499584808319923,238,-9423.636052963808
wec,Le Mans 24 2026,fuel_window,HYPERCAR,5,708427,HYPERCAR-06,6,6,368,86346.86479579475,33,2193.6384688813405,433.6,61,0,0,0.0,0,0.0
wec,Le Mans 24 2026,caution_gambler,HYPERCAR,5,708427,HYPERCAR-06,7,7,368,86341.52888695996,37,2297.5619923324048,485.6,60,-1,0,5.335908834793372,4,-103.92352345106428
wec,Le Mans 24 2026,track_position,HYPERCAR,5,708427,HYPERCAR-06,9,9,367,86183.61012421951,32,2131.690596500743,528.0,61,-3,-1,163.25467157523963,-1,61.947872380597346
wec,Le Mans 24 2026,splash_and_dash,HYPERCAR,5,708427,HYPERCAR-06,6,6,368,86333.52795986342,34,2178.6866274156637,438.40000000000003,61,0,0,13.336835931331734,1,14.951841465676807
wec,Le Mans 24 2026,lap_down,HYPERCAR,5,708427,HYPERCAR-06,6,6,368,86346.86479579475,33,2193.6384688813405,433.6,61,0,0,0.0,0,0.0
wec,Le Mans 24 2026,agent,HYPERCAR,5,708427,HYPERCAR-06,18,18,366,86175.5177867086,79,3554.2643242522104,515.2,60,-12,-2,171.34700908615196,46,-1360.6258553708699
wec,Le Mans 24 2026,fuel_window,HYPERCAR,5,871998,HYPERCAR-11,6,6,388,86318.30358026845,37,2618.5934942558965,584.0,24,0,0,0.0,0,0.0
wec,Le Mans 24 2026,caution_gambler,HYPERCAR,5,871998,HYPERCAR-11,4,4,389,86371.18151201874,38,2618.333737526653,543.2,24,2,1,-52.87793175029219,1,0.25975672924369064
wec,Le Mans 24 2026,track_position,HYPERCAR,5,871998,HYPERCAR-11,5,5,388,86268.13145182752,36,2553.3213099694494,511.20000000000005,26,1,0,50.172128440928645,-1,65.2721842864471
wec,Le Mans 24 2026,splash_and_dash,HYPERCAR,5,871998,HYPERCAR-11,6,6,388,86291.14599209244,38,2596.7592357236567,580.8000000000001,24,0,0,27.157588176007266,1,21.8342585322398
wec,Le Mans 24 2026,lap_down,HYPERCAR,5,871998,HYPERCAR-11,6,6,388,86318.30358026845,37,2618.5934942558965,584.0,24,0,0,0.0,0,0.0
wec,Le Mans 24 2026,agent,HYPERCAR,5,871998,HYPERCAR-11,18,18,384,86282.04397193958,73,3271.032108584307,544.0,23,-12,-4,36.25960832886631,36,-652.4386143284105
wec,Le Mans 24 2026,fuel_window,HYPERCAR,5,9739,HYPERCAR-17,6,6,395,86221.36008610815,39,2812.3980147032726,529.6,7,0,0,0.0,0,0.0
wec,Le Mans 24 2026,caution_gambler,HYPERCAR,5,9739,HYPERCAR-17,6,6,395,86221.36008610815,39,2812.3980147032726,529.6,7,0,0,0.0,0,0.0
wec,Le Mans 24 2026,track_position,HYPERCAR,5,9739,HYPERCAR-17,4,4,396,86212.89090328335,38,2753.2447786500625,507.20000000000005,6,2,1,8.469182824803283,-1,59.153236053210094
wec,Le Mans 24 2026,splash_and_dash,HYPERCAR,5,9739,HYPERCAR-17,5,5,395,86181.47366173926,39,2779.6965848000527,525.6,7,1,0,39.886424368887674,0,32.70142990321983
wec,Le Mans 24 2026,lap_down,HYPERCAR,5,9739,HYPERCAR-17,6,6,395,86221.36008610815,39,2812.3980147032726,529.6,7,0,0,0.0,0,0.0
wec,Le Mans 24 2026,agent,HYPERCAR,5,9739,HYPERCAR-17,18,18,394,86357.69665683276,59,3222.9774169087564,515.2,8,-12,-1,-136.3365707246121,20,-410.5794022054838
wec,Le Mans 24 2026,fuel_window,HYPERCAR,5,781782,HYPERCAR-13,4,4,376,86282.14619846357,34,2431.27569245943,489.6,49,0,0,0.0,0,0.0
wec,Le Mans 24 2026,caution_gambler,HYPERCAR,5,781782,HYPERCAR-13,6,6,376,86278.94616952374,36,2523.849907443916,460.00000000000006,48,-2,0,3.2000289398274617,2,-92.57421498448593
wec,Le Mans 24 2026,track_position,HYPERCAR,5,781782,HYPERCAR-13,3,3,376,86265.60993140338,33,2401.866208369011,512.0,49,1,0,16.536267060189857,-1,29.409484090419028
wec,Le Mans 24 2026,splash_and_dash,HYPERCAR,5,781782,HYPERCAR-13,4,4,376,86266.90338366269,35,2419.571760398161,489.6,49,0,0,15.242814800876658,1,11.703932061268915
wec,Le Mans 24 2026,lap_down,HYPERCAR,5,781782,HYPERCAR-13,4,4,376,86282.14619846357,34,2431.27569245943,489.6,49,0,0,0.0,0,0.0
wec,Le Mans 24 2026,agent,HYPERCAR,5,781782,HYPERCAR-13,18,18,364,86191.50914900462,144,5679.109556048445,368.0,49,-14,-12,90.63704945895006,110,-3247.8338635890145
wec,Le Mans 24 2026,fuel_window,HYPERCAR,5,902150,HYPERCAR-06,2,2,389,86179.51792997002,37,2669.9680651341882,543.2,19,0,0,0.0,0,0.0
wec,Le Mans 24 2026,caution_gambler,HYPERCAR,5,902150,HYPERCAR-06,3,3,389,86195.7154148666,38,2691.240939424128,511.20000000000005,19,-1,0,-16.197484896576498,1,-21.272874289939864
wec,Le Mans 24 2026,track_position,HYPERCAR,5,902150,HYPERCAR-06,3,3,389,86176.3967988818,37,2669.9680651341882,516.0,19,-1,0,3.1211310882208636,0,0.0
wec,Le Mans 24 2026,splash_and_dash,HYPERCAR,5,902150,HYPERCAR-06,2,2,390,86371.60676688132,38,2651.7041021300897,548.8000000000001,19,0,1,-192.0888369112945,1,18.263963004098514
wec,Le Mans 24 2026,lap_down,HYPERCAR,5,902150,HYPERCAR-06,3,3,389,86176.3967988818,37,2669.9680651341882,516.0,19,-1,0,3.1211310882208636,0,0.0
wec,Le Mans 24 2026,agent,HYPERCAR,5,902150,HYPERCAR-06,13,13,389,86340.78262067778,59,3186.6173005840787,457.6,19,-11,0,-161.26469070775784,22,-516.6492354498905
wec,Le Mans 24 2026,fuel_window,HYPERCAR,5,55292,HYPERCAR-09,7,7,382,86366.04174034928,35,2481.922233202787,522.4000000000001,32,0,0,0.0,0,0.0
wec,Le Mans 24 2026,caution_gambler,HYPERCAR,5,55292,HYPERCAR-09,15,15,381,86257.64637323715,37,2556.4659180140047,551.2,35,-8,-1,108.39536711212713,2,-74.54368481121764
wec,Le Mans 24 2026,track_position,HYPERCAR,5,55292,HYPERCAR-09,7,7,382,86366.3625340993,35,2484.488583202787,522.4000000000001,32,0,0,-0.3207937500264961,0,-2.5663500000000568
wec,Le Mans 24 2026,splash_and_dash,HYPERCAR,5,55292,HYPERCAR-09,9,9,381,86193.42919399544,35,2449.266228091246,520.0,33,-2,-1,172.61254635383375,0,32.65600511154116
wec,Le Mans 24 2026,lap_down,HYPERCAR,5,55292,HYPERCAR-09,7,7,382,86366.04174034928,35,2481.922233202787,522.4000000000001,32,0,0,0.0,0,0.0
wec,Le Mans 24 2026,agent,HYPERCAR,5,55292,HYPERCAR-09,7,7,381,86180.85398114793,58,2956.103842143606,487.20000000000005,33,0,-1,185.18775920134794,23,-474.18160894081893
wec,Le Mans 24 2026,fuel_window,HYPERCAR,5,791318,HYPERCAR-15,7,7,393,86197.14164632588,39,2722.3556509415057,608.8000000000001,10,0,0,0.0,0,0.0
wec,Le Mans 24 2026,caution_gambler,HYPERCAR,5,791318,HYPERCAR-15,7,7,393,86197.14164632588,39,2722.3556509415057,608.8000000000001,10,0,0,0.0,0,0.0
wec,Le Mans 24 2026,track_position,HYPERCAR,5,791318,HYPERCAR-15,1,1,394,86207.01226743872,37,2647.177826222139,489.6,11,6,1,-9.870621112844674,-2,75.17782471936653
wec,Le Mans 24 2026,splash_and_dash,HYPERCAR,5,791318,HYPERCAR-15,7,7,393,86180.40210745417,39,2686.199902841869,613.6,10,0,0,16.739538871712284,0,36.15574809963664
wec,Le Mans 24 2026,lap_down,HYPERCAR,5,791318,HYPERCAR-15,7,7,393,86182.09143332204,38,2673.3447698852283,628.0,10,0,0,15.050213003836689,-1,49.01088105627741
wec,Le Mans 24 2026,agent,HYPERCAR,5,791318,HYPERCAR-15,18,37,360,86268.97370314527,239,10540.509433280035,224.8,13,-11,-33,-71.83205681938853,200,-7818.153782338529
wec,Le Mans 24 2026,fuel_window,HYPERCAR,5,389641,HYPERCAR-16,5,5,378,86125.54641780554,36,2548.4276119225888,467.20000000000005,39,0,0,0.0,0,0.0
wec,Le Mans 24 2026,caution_gambler,HYPERCAR,5,389641,HYPERCAR-16,2,2,379,86335.35321667236,37,2501.643895187554,516.0,38,3,1,-209.806798866819,1,46.783716735034886
wec,Le Mans 24 2026,track_position,HYPERCAR,5,389641,HYPERCAR-16,3,3,379,86236.79308968078,36,2549.4541519225886,515.2,38,2,1,-111.24667187524028,0,-1.0265399999998408
wec,Le Mans 24 2026,splash_and_dash,HYPERCAR,5,389641,HYPERCAR-16,3,3,379,86370.83634459566,36,2493.8444964787936,467.20000000000005,39,2,1,-245.289926790123,0,54.58311544379512
wec,Le Mans 24 2026,lap_down,HYPERCAR,5,389641,HYPERCAR-16,5,5,378,86125.54641780554,36,2548.4276119225888,467.20000000000005,39,0,0,0.0,0,0.0
wec,Le Mans 24 2026,agent,HYPERCAR,5,389641,HYPERCAR-16,9,9,378,86229.62783799427,62,3215.459931692964,484.00000000000006,41,-4,0,-104.08142018872604,26,-667.0323197703751
wec,Le Mans 24 2026,fuel_window,HYPERCAR,5,408186,HYPERCAR-01,6,6,387,86248.0210955306,37,2718.536472375892,515.2,23,0,0,0.0,0,0.0
wec,Le Mans 24 2026,caution_gambler,HYPERCAR,5,408186,HYPERCAR-01,6,6,387,86248.0210955306,37,2718.536472375892,515.2,23,0,0,0.0,0,0.0
wec,Le Mans 24 2026,track_position,HYPERCAR,5,408186,HYPERCAR-01,14,14,386,86250.11261991366,36,2700.048148732792,542.4000000000001,27,-8,-1,-2.0915243830677355,-1,18.488323643100102
wec,Le Mans 24 2026,splash_and_dash,HYPERCAR,5,408186,HYPERCAR-01,6,6,387,86213.32171574989,37,2685.422087060872,516.8000000000001,23,0,0,34.699379780708114,0,33.11438531502017
wec,Le Mans 24 2026,lap_down,HYPERCAR,5,408186,HYPERCAR-01,6,6,387,86248.0210955306,37,2718.536472375892,515.2,23,0,0,0.0,0,0.0
wec,Le Mans 24 2026,agent,HYPERCAR,5,408186,HYPERCAR-01,18,37,360,86201.19720515952,204,8839.592281862486,285.6,29,-12,-27,46.8238903710735,167,-6121.055809486594
wec,Le Mans 24 2026,fuel_window,HYPERCAR,5,635757,HYPERCAR-13,1,1,378,86255.38826409064,36,2420.5322993035184,577.6,41,0,0,0.0,0,0.0
wec,Le Mans 24 2026,caution_gambler,HYPERCAR,5,635757,HYPERCAR-13,2,2,378,86270.47105698436,37,2446.0891408657194,576.8000000000001,40,-1,0,-15.08279289372149,1,-25.556841562201043
wec,Le Mans 24 2026,track_position,HYPERCAR,5,635757,HYPERCAR-13,2,2,378,86274.61390844939,36,2446.1957993035185,528.8000000000001,40,-1,0,-19.225644358753925,0,-25.663500000000113
wec,Le Mans 24 2026,splash_and_dash,HYPERCAR,5,635757,HYPERCAR-13,1,1,378,86212.60470646291,36,2379.7069214814924,576.8000000000001,41,0,0,42.78355762772844,0,40.825377822025985
wec,Le Mans 24 2026,lap_down,HYPERCAR,5,635757,HYPERCAR-13,1,1,378,86255.38826409064,36,2420.5322993035184,577.6,41,0,0,0.0,0,0.0
wec,Le Mans 24 2026,agent,HYPERCAR,5,635757,HYPERCAR-13,18,37,345,86380.53855122738,257,10935.558008040452,127.2,48,-17,-33,-125.1502871367411,221,-8515.025708736934
wec,Le Mans 24 2026,fuel_window,HYPERCAR,5,744197,HYPERCAR-05,8,8,384,86326.54049944648,36,2522.5826343260173,513.6,32,0,0,0.0,0,0.0
wec,Le Mans 24 2026,caution_gambler,HYPERCAR,5,744197,HYPERCAR-05,14,14,384,86364.9799471359,36,2506.0553403260174,511.20000000000005,32,-6,0,-38.439447689423105,0,16.527293999999983
wec,Le Mans 24 2026,track_position,HYPERCAR,5,744197,HYPERCAR-05,13,13,384,86340.55716899401,35,2468.392955273843,535.2,33,-5,0,-14.016669547534548,-1,54.18967905217414
wec,Le Mans 24 2026,splash_and_dash,HYPERCAR,5,744197,HYPERCAR-05,7,7,384,86316.33207970612,36,2485.918396734413,511.20000000000005,32,1,0,10.208419740360114,0,36.66423759160443
wec,Le Mans 24 2026,lap_down,HYPERCAR,5,744197,HYPERCAR-05,8,8,384,86326.54049944648,36,2522.5826343260173,513.6,32,0,0,0.0,0,0.0
wec,Le Mans 24 2026,agent,HYPERCAR,5,744197,HYPERCAR-05,9,9,385,86374.46454295132,52,2872.221386454658,551.2,30,-1,1,-47.92404350484139,16,-349.6387521286406
wec,Le Mans 24 2026,fuel_window,HYPERCAR,5,681527,HYPERCAR-17,8,8,395,86212.7167424201,38,2711.198824983832,524.0,6,0,0,0.0,0,0.0
wec,Le Mans 24 2026,caution_gambler,HYPERCAR,5,681527,HYPERCAR-17,8,8,395,86212.7167424201,38,2711.198824983832,524.0,6,0,0,0.0,0,0.0
wec,Le Mans 24 2026,track_position,HYPERCAR,5,681527,HYPERCAR-17,7,7,395,86177.59151424772,37,2671.871518391793,537.6,6,1,0,35.125228172386414,-1,39.327306592038894
wec,Le Mans 24 2026,splash_and_dash,HYPERCAR,5,681527,HYPERCAR-17,7,7,395,86174.23722659065,39,2697.5520986926394,521.6,6,1,0,38.47951582945825,1,13.646726291192408
wec,Le Mans 24 2026,lap_down,HYPERCAR,5,681527,HYPERCAR-17,8,8,395,86212.7167424201,38,2711.198824983832,524.0,6,0,0,0.0,0,0.0
wec,Le Mans 24 2026,agent,HYPERCAR,5,681527,HYPERCAR-17,18,18,390,86283.60906449029,91,3934.9364868229063,564.8000000000001,5,-10,-5,-70.89232207018358,53,-1223.7376618390745
wec,Le Mans 24 2026,fuel_window,HYPERCAR,5,993028,HYPERCAR-09,9,9,392,86359.10544569114,38,2726.4744928005744,489.6,15,0,0,0.0,0,0.0
wec,Le Mans 24 2026,caution_gambler,HYPERCAR,5,993028,HYPERCAR-09,9,9,392,86359.10544569114,38,2726.4744928005744,489.6,15,0,0,0.0,0,0.0
wec,Le Mans 24 2026,track_position,HYPERCAR,5,993028,HYPERCAR-09,14,14,391,86308.73479679729,38,2726.4744928005744,500.8,15,-5,-1,50.37064889384783,0,0.0
wec,Le Mans 24 2026,splash_and_dash,HYPERCAR,5,993028,HYPERCAR-09,6,6,392,86328.74189490701,39,2704.055181757352,483.20000000000005,15,3,0,30.363550784124527,1,22.41931104322248
wec,Le Mans 24 2026,lap_down,HYPERCAR,5,993028,HYPERCAR-09,9,9,392,86359.10544569114,38,2726.4744928005744,489.6,15,0,0,0.0,0,0.0
wec,Le Mans 24 2026,agent,HYPERCAR,5,993028,HYPERCAR-09,16,16,390,86183.37771616419,63,3388.108142448802,534.4000000000001,14,-7,-2,175.72772952694504,25,-661.6336496482277
wec,Le Mans 24 2026,fuel_window,HYPERCAR,5,282891,HYPERCAR-17,5,5,377,86213.30108705198,35,2417.5217053770475,495.20000000000005,42,0,0,0.0,0,0.0
wec,Le Mans 24 2026,caution_gambler,HYPERCAR,5,282891,HYPERCAR-17,7,7,377,86266.75502194477,36,2451.549887543175,482.40000000000003,43,-2,0,-53.45393489279377,1,-34.02818216612741
wec,Le Mans 24 2026,track_position,HYPERCAR,5,282891,HYPERCAR-17,6,6,377,86228.94531941389,34,2358.637176706467,495.20000000000005,43,-1,0,-15.644232361912145,-1,58.884528670580494
wec,Le Mans 24 2026,splash_and_dash,HYPERCAR,5,282891,HYPERCAR-17,5,5,377,86170.70009862781,36,2399.2625711103233,492.8,42,0,0,42.600988424164825,1,18.25913426672423
wec,Le Mans 24 2026,lap_down,HYPERCAR,5,282891,HYPERCAR-17,6,6,377,86221.37092206816,35,2420.0880553770476,500.8,42,-1,0,-8.069835016183788,0,-2.5663500000000568
wec,Le Mans 24 2026,agent,HYPERCAR,5,282891,HYPERCAR-17,18,18,376,86369.95561471223,55,2633.6279741761514,525.6,44,-13,-1,-156.65452766025555,20,-216.10626879910387
wec,Le Mans 24 2026,fuel_window,HYPERCAR,5,426921,HYPERCAR-16,6,6,393,86380.9966623447,37,2610.8269634567514,528.8000000000001,12,0,0,0.0,0,0.0
wec,Le Mans 24 2026,caution_gambler,HYPERCAR,5,426921,HYPERCAR-16,6,6,393,86380.9966623447,37,2610.8269634567514,528.8000000000001,12,0,0,0.0,0,0.0
wec,Le Mans 24 2026,track_position,HYPERCAR,5,426921,HYPERCAR-16,6,6,393,86354.71383320563,36,2556.9839629068038,564.0,12,0,0,26.282829139061505,-1,53.84300054994765
wec,Le Mans 24 2026,splash_and_dash,HYPERCAR,5,426921,HYPERCAR-16,5,5,393,86368.3481119436,38,2603.317295795311,527.2,12,1,0,12.648550401092507,1,7.5096676614402895
wec,Le Mans 24 2026,lap_down,HYPERCAR,5,426921,HYPERCAR-16,6,6,393,86385.26411684336,36,2556.9839629068038,587.2,12,0,0,-4.2674544986657565,-1,53.84300054994765
wec,Le Mans 24 2026,agent,HYPERCAR,5,426921,HYPERCAR-16,15,15,391,86307.9856027664,59,3125.6112069901847,588.0,12,-9,-2,73.01105957828986,22,-514.7842435334333
wec,Le Mans 24 2026,fuel_window,HYPERCAR,5,179355,HYPERCAR-17,1,1,392,86380.43783813012,37,2524.887795310908,591.2,17,0,0,0.0,0,0.0
wec,Le Mans 24 2026,caution_gambler,HYPERCAR,5,179355,HYPERCAR-17,3,3,392,86355.86071693926,38,2556.0263624261624,606.4000000000001,17,-2,0,24.577121190857724,1,-31.138567115254318
wec,Le Mans 24 2026,track_position,HYPERCAR,5,179355,HYPERCAR-17,1,1,392,86380.43783813012,37,2524.887795310908,591.2,17,0,0,0.0,0,0.0
wec,Le Mans 24 2026,splash_and_dash,HYPERCAR,5,179355,HYPERCAR-17,1,1,392,86361.32606758477,38,2511.7149075051666,588.8000000000001,17,0,0,19.111770545350737,1,13.172887805741539
wec,Le Mans 24 2026,lap_down,HYPERCAR,5,179355,HYPERCAR-17,1,1,392,86380.43783813012,37,2524.887795310908,591.2,17,0,0,0.0,0,0.0
wec,Le Mans 24 2026,agent,HYPERCAR,5,179355,HYPERCAR-17,18,37,348,86269.77099109291,279,12101.299498049328,128.8,17,-17,-44,110.66684703720966,242,-9576.41170273842
wec,Le Mans 24 2026,fuel_window,HYPERCAR,5,997746,HYPERCAR-02,9,9,387,86243.09588206695,37,2671.035510503602,588.0,23,0,0,0.0,0,0.0
wec,Le Mans 24 2026,caution_gambler,HYPERCAR,5,997746,HYPERCAR-02,9,9,387,86243.09588206695,37,2671.035510503602,588.0,23,0,0,0.0,0,0.0
wec,Le Mans 24 2026,track_position,HYPERCAR,5,997746,HYPERCAR-02,7,7,388,86413.56602690597,37,2650.504710503602,498.40000000000003,25,2,1,-170.47014483902603,0,20.5308
wec,Le Mans 24 2026,splash_and_dash,HYPERCAR,5,997746,HYPERCAR-02,7,7,388,86475.92462053607,37,2633.7424643377108,588.0,24,2,1,-232.82873846912116,0,37.293046165891155
wec,Le Mans 24 2026,lap_down,HYPERCAR,5,997746,HYPERCAR-02,6,6,388,86413.77733168623,37,2650.504710503602,508.00000000000006,25,3,1,-170.68144961928192,0,20.5308
wec,Le Mans 24 2026,agent,HYPERCAR,5,997746,HYPERCAR-02,17,17,386,86202.50441598835,58,3024.362215060645,565.6,22,-8,-1,40.59146607859293,21,-353.3267045570433
wec,Le Mans 24 2026,fuel_window,HYPERCAR,5,325950,HYPERCAR-07,8,8,383,86240.40919297069,36,2649.2167560583553,496.8,33,0,0,0.0,0,0.0
wec,Le Mans 24 2026,caution_gambler,HYPERCAR,5,325950,HYPERCAR-07,7,7,384,86357.56528954639,38,2706.0805147005526,493.6,33,1,1,-117.15609657569439,2,-56.863758642197354
wec,Le Mans 24 2026,track_position,HYPERCAR,5,325950,HYPERCAR-07,6,6,384,86386.95620918763,36,2648.600832058355,481.6,33,2,1,-146.54701621693675,0,0.6159240000001773
wec,Le Mans 24 2026,splash_and_dash,HYPERCAR,5,325950,HYPERCAR-07,7,7,383,86194.71165358982,36,2604.1347697733436,497.6,33,1,0,45.697539380867966,0,45.08198628501168
wec,Le Mans 24 2026,lap_down,HYPERCAR,5,325950,HYPERCAR-07,8,8,383,86240.40919297069,36,2649.2167560583553,496.8,33,0,0,0.0,0,0.0
wec,Le Mans 24 2026,agent,HYPERCAR,5,325950,HYPERCAR-07,18,18,381,86303.03802064541,61,3063.1897212196186,451.20000000000005,32,-10,-2,-62.62882767472183,25,-413.97296516126335
wec,Le Mans 24 2026,fuel_window,HYPERCAR,5,859569,HYPERCAR-07,5,5,373,86320.62127072264,33,2451.94653928363,516.0,49,0,0,0.0,0,0.0
wec,Le Mans 24 2026,caution_gambler,HYPERCAR,5,859569,HYPERCAR-07,6,6,373,86311.10189218266,36,2535.9293058845155,535.2,49,-1,0,9.51937853997515,3,-83.9827666008855
wec,Le Mans 24 2026,track_position,HYPERCAR,5,859569,HYPERCAR-07,6,6,373,86307.36442709994,33,2450.30407528363,532.0,51,-1,0,13.256843622701126,0,1.6424640000000181
wec,Le Mans 24 2026,splash_and_dash,HYPERCAR,5,859569,HYPERCAR-07,4,4,373,86295.82002132361,34,2442.2380608982025,504.8,49,1,0,24.801249399024528,1,9.708478385427497
wec,Le Mans 24 2026,lap_down,HYPERCAR,5,859569,HYPERCAR-07,18,18,372,86347.70304181382,33,2447.73772528363,489.6,51,-13,-1,-27.08177109117969,0,4.208814000000075
wec,Le Mans 24 2026,agent,HYPERCAR,5,859569,HYPERCAR-07,14,14,372,86216.94426782487,67,3229.3318668620836,504.8,52,-9,-1,103.67700289776258,34,-777.3853275784536
wec,Le Mans 24 2026,fuel_window,HYPERCAR,5,665906,HYPERCAR-06,6,6,393,86195.8971621604,38,2789.4689186377946,574.4000000000001,12,0,0,0.0,0,0.0
wec,Le Mans 24 2026,caution_gambler,HYPERCAR,5,665906,HYPERCAR-06,6,6,393,86195.8971621604,38,2789.4689186377946,574.4000000000001,12,0,0,0.0,0,0.0
wec,Le Mans 24 2026,track_position,HYPERCAR,5,665906,HYPERCAR-06,6,6,393,86198.55380579847,38,2792.0352686377946,576.0,12,0,0,-2.6566436380671803,0,-2.5663500000000568
wec,Le Mans 24 2026,splash_and_dash,HYPERCAR,5,665906,HYPERCAR-06,6,6,394,86377.30897271157,39,2763.970246916182,575.2,12,0,1,-181.4118105511734,1,25.49867172161248
wec,Le Mans 24 2026,lap_down,HYPERCAR,5,665906,HYPERCAR-06,6,6,393,86195.8971621604,38,2789.4689186377946,574.4000000000001,12,0,0,0.0,0,0.0
wec,Le Mans 24 2026,agent,HYPERCAR,5,665906,HYPERCAR-06,13,13,391,86177.00727729913,58,3040.7419528420273,572.8000000000001,11,-7,-2,18.88988486127346,20,-251.27303420423277
wec,Le Mans 24 2026,fuel_window,HYPERCAR,5,605449,HYPERCAR-11,4,4,395,86191.00648207893,38,2530.2599096069575,636.0,9,0,0,0.0,0,0.0
wec,Le Mans 24 2026,caution_gambler,HYPERCAR,5,605449,HYPERCAR-11,4,4,395,86191.00648207893,38,2530.2599096069575,636.0,9,0,0,0.0,0,0.0
wec,Le Mans 24 2026,track_position,HYPERCAR,5,605449,HYPERCAR-11,4,4,396,86372.04092972266,37,2483.992440603428,655.2,9,0,1,-181.03444764373126,-1,46.26746900352964
wec,Le Mans 24 2026,splash_and_dash,HYPERCAR,5,605449,HYPERCAR-11,4,4,395,86153.54663895085,39,2531.199760409598,632.0,9,0,0,37.45984312807559,1,-0.9398508026406489
wec,Le Mans 24 2026,lap_down,HYPERCAR,5,605449,HYPERCAR-11,4,4,395,86191.00648207893,38,2530.2599096069575,636.0,9,0,0,0.0,0,0.0
wec,Le Mans 24 2026,agent,HYPERCAR,5,605449,HYPERCAR-11,17,17,393,86354.0973415985,63,2999.8789840040076,646.4000000000001,9,-13,-2,-163.09085951957968,25,-469.6190743970501
wec,Le Mans 24 2026,fuel_window,HYPERCAR,5,701269,HYPERCAR-13,9,9,387,86360.69403493384,37,2525.7777588762315,456.8,28,0,0,0.0,0,0.0
wec,Le Mans 24 2026,caution_gambler,HYPERCAR,5,701269,HYPERCAR-13,9,9,387,86360.69403493384,37,2525.7777588762315,456.8,28,0,0,0.0,0,0.0
wec,Le Mans 24 2026,track_position,HYPERCAR,5,701269,HYPERCAR-13,7,7,387,86266.99570780776,36,2465.8858629895667,477.6,27,2,0,93.69832712608331,-1,59.89189588666477
wec,Le Mans 24 2026,splash_and_dash,HYPERCAR,5,701269,HYPERCAR-13,9,9,387,86374.53204377454,37,2486.3227428852624,453.6,29,0,0,-13.838008840699331,0,39.45501599096906
wec,Le Mans 24 2026,lap_down,HYPERCAR,5,701269,HYPERCAR-13,9,9,387,86360.69403493384,37,2525.7777588762315,456.8,28,0,0,0.0,0,0.0
wec,Le Mans 24 2026,agent,HYPERCAR,5,701269,HYPERCAR-13,14,14,386,86322.04044186797,76,3483.5922664857253,439.20000000000005,31,-5,-1,38.65359306587197,39,-957.8145076094938
wec,Le Mans 24 2026,fuel_window,HYPERCAR,5,92610,HYPERCAR-09,5,5,387,86437.66829348302,37,2502.3357312572034,571.2,31,0,0,0.0,0,0.0
wec,Le Mans 24 2026,caution_gambler,HYPERCAR,5,92610,HYPERCAR-09,1,1,387,86298.7336091515,38,2490.3973776018856,579.2,29,4,0,138.9346843315143,1,11.93835365531777
wec,Le Mans 24 2026,track_position,HYPERCAR,5,92610,HYPERCAR-09,1,1,387,86310.20321279319,36,2439.265794144675,543.2,30,4,0,127.46508068982803,-1,63.06993711252835
wec,Le Mans 24 2026,splash_and_dash,HYPERCAR,5,92610,HYPERCAR-09,4,4,387,86350.64019766403,37,2453.7626733531897,584.8000000000001,31,1,0,87.02809581898327,0,48.573057904013694
wec,Le Mans 24 2026,lap_down,HYPERCAR,5,92610,HYPERCAR-09,5,5,387,86437.66829348302,37,2502.3357312572034,571.2,31,0,0,0.0,0,0.0
wec,Le Mans 24 2026,agent,HYPERCAR,5,92610,HYPERCAR-09,12,12,386,86398.43308287194,59,2930.9519025901322,573.6,30,-7,-1,39.23521061107749,22,-428.61617133292884
wec,Le Mans 24 2026,fuel_window,HYPERCAR,5,11608,HYPERCAR-16,5,5,393,86383.01384596682,37,2582.8488689239384,550.4000000000001,14,0,0,0.0,0,0.0
wec,Le Mans 24 2026,caution_gambler,HYPERCAR,5,11608,HYPERCAR-16,5,5,393,86383.01384596682,37,2582.8488689239384,550.4000000000001,14,0,0,0.0,0,0.0
wec,Le Mans 24 2026,track_position,HYPERCAR,5,11608,HYPERCAR-16,5,5,393,86382.91733098304,37,2582.8488689239384,550.4000000000001,14,0,0,0.09651498378661927,0,0.0
wec,Le Mans 24 2026,splash_and_dash,HYPERCAR,5,11608,HYPERCAR-16,5,5,393,86385.66282904008,38,2584.5906230107985,555.2,14,0,0,-2.6489830732607516,1,-1.7417540868600554
wec,Le Mans 24 2026,lap_down,HYPERCAR,5,11608,HYPERCAR-16,5,5,393,86383.01384596682,37,2582.8488689239384,550.4000000000001,14,0,0,0.0,0,0.0
wec,Le Mans 24 2026,agent,HYPERCAR,5,11608,HYPERCAR-16,18,18,388,86211.85986885814,80,3795.3910566850714,534.4000000000001,14,-13,-5,171.15397710868274,43,-1212.542187761133
wec,Le Mans 24 2026,fuel_window,HYPERCAR,5,932750,HYPERCAR-01,3,3,386,86247.30650791094,35,2431.326366537594,502.40000000000003,27,0,0,0.0,0,0.0
wec,Le Mans 24 2026,caution_gambler,HYPERCAR,5,932750,HYPERCAR-01,8,8,385,86222.19098596928,37,2504.6960565438744,574.4000000000001,26,-5,-1,25.11552194165415,2,-73.3696900062805
wec,Le Mans 24 2026,track_position,HYPERCAR,5,932750,HYPERCAR-01,3,3,386,86364.67529208094,34,2380.6342344655,540.8000000000001,27,0,0,-117.36878417000116,-1,50.692132072093955
wec,Le Mans 24 2026,splash_and_dash,HYPERCAR,5,932750,HYPERCAR-01,3,3,386,86214.4757894621,35,2395.7267542804548,508.00000000000006,27,0,0,32.830718448836706,0,35.59961225713914
wec,Le Mans 24 2026,lap_down,HYPERCAR,5,932750,HYPERCAR-01,3,3,386,86247.30650791094,35,2431.326366537594,502.40000000000003,27,0,0,0.0,0,0.0
wec,Le Mans 24 2026,agent,HYPERCAR,5,932750,HYPERCAR-01,18,18,383,86272.75077299152,56,2789.7950752697143,567.2,28,-15,-3,-25.444265080586774,21,-358.4687087321204
wec,Le Mans 24 2026,fuel_window,HYPERCAR,5,778482,HYPERCAR-12,3,3,386,86245.53966890876,37,2563.9508661744135,540.8000000000001,25,0,0,0.0,0,0.0
wec,Le Mans 24 2026,caution_gambler,HYPERCAR,5,778482,HYPERCAR-12,7,7,386,86237.826529182,38,2566.2182590652114,588.0,25,-4,0,7.713139726765803,1,-2.2673928907979644
wec,Le Mans 24 2026,track_position,HYPERCAR,5,778482,HYPERCAR-12,7,7,386,86222.28521585147,36,2529.549854994175,564.8000000000001,25,-4,0,23.254453057292267,-1,34.401011180238584
wec,Le Mans 24 2026,splash_and_dash,HYPERCAR,5,778482,HYPERCAR-12,3,3,386,86214.15607718372,37,2530.9522689150417,545.6,25,0,0,31.383591725039878,0,32.99859725937176
wec,Le Mans 24 2026,lap_down,HYPERCAR,5,778482,HYPERCAR-12,6,6,386,86200.14258914167,36,2529.549854994175,542.4000000000001,25,-3,0,45.39707976709178,-1,34.401011180238584
wec,Le Mans 24 2026,agent,HYPERCAR,5,778482,HYPERCAR-12,17,17,384,86194.9421307857,69,3165.070021032923,538.4000000000001,24,-14,-2,50.59753812306735,32,-601.1191548585093
wec,Le Mans 24 2026,fuel_window,HYPERCAR,5,451257,HYPERCAR-17,9,9,382,86358.7559570599,36,2642.356748621282,543.2,37,0,0,0.0,0,0.0
wec,Le Mans 24 2026,caution_gambler,HYPERCAR,5,451257,HYPERCAR-17,4,4,382,86306.98547964367,36,2610.841970621282,534.4000000000001,37,5,0,51.77047741622664,0,31.51477799999975
wec,Le Mans 24 2026,track_position,HYPERCAR,5,451257,HYPERCAR-17,11,11,381,86270.17346027,35,2607.9701609208782,592.0,37,-2,-1,88.58249678989523,-1,34.38658770040365
wec,Le Mans 24 2026,splash_and_dash,HYPERCAR,5,451257,HYPERCAR-17,7,7,382,86337.59065098315,37,2626.9973471073677,540.0,37,2,0,21.165306076742127,1,15.359401513914236
wec,Le Mans 24 2026,lap_down,HYPERCAR,5,451257,HYPERCAR-17,9,9,382,86358.7559570599,36,2642.356748621282,543.2,37,0,0,0.0,0,0.0
wec,Le Mans 24 2026,agent,HYPERCAR,5,451257,HYPERCAR-17,15,15,380,86159.71566072833,66,3385.8328889843033,524.0,36,-6,-2,199.04029633157188,30,-743.4761403630214
wec,Le Mans 24 2026,fuel_window,HYPERCAR,5,853476,HYPERCAR-13,3,3,378,86230.84642009767,35,2542.5000318950897,532.0,38,0,0,0.0,0,0.0
wec,Le Mans 24 2026,caution_gambler,HYPERCAR,5,853476,HYPERCAR-13,4,4,378,86256.9655778363,37,2585.970547449699,533.6,39,-1,0,-26.119157738619833,2,-43.47051555460939
wec,Le Mans 24 2026,track_position,HYPERCAR,5,853476,HYPERCAR-13,8,8,378,86334.55645314201,35,2545.0663818950898,524.8000000000001,38,-5,0,-103.71003304433543,0,-2.5663500000000568
wec,Le Mans 24 2026,splash_and_dash,HYPERCAR,5,853476,HYPERCAR-13,2,2,378,86189.06324075916,35,2497.3324056524452,536.8000000000001,38,1,0,41.78317933851213,0,45.167626242644474
wec,Le Mans 24 2026,lap_down,HYPERCAR,5,853476,HYPERCAR-13,9,9,378,86369.33844870079,35,2544.03984189509,569.6,39,-6,0,-138.49202860311198,0,-1.539810000000216
wec,Le Mans 24 2026,agent,HYPERCAR,5,853476,HYPERCAR-13,14,14,377,86299.27828054666,58,2918.440289287967,548.8000000000001,39,-11,-1,-68.43186044898175,23,-375.94025739287736
wec,Le Mans 24 2026,fuel_window,HYPERCAR,5,240352,HYPERCAR-16,7,7,398,86269.69307197639,39,2946.142878831305,680.0,0,0,0,0.0,0,0.0
wec,Le Mans 24 2026,caution_gambler,HYPERCAR,5,240352,HYPERCAR-16,7,7,398,86269.69307197639,39,2946.142878831305,680.0,0,0,0,0.0,0,0.0
wec,Le Mans 24 2026,track_position,HYPERCAR,5,240352,HYPERCAR-16,7,7,398,86269.69307197639,39,2946.142878831305,680.0,0,0,0,0.0,0,0.0
wec,Le Mans 24 2026,splash_and_dash,HYPERCAR,5,240352,HYPERCAR-16,7,7,398,86254.96728906452,40,2933.8020903850993,680.8000000000001,0,0,0,14.725782911875285,1,12.340788446205806
wec,Le Mans 24 2026,lap_down,HYPERCAR,5,240352,HYPERCAR-16,7,7,398,86269.69307197639,39,2946.142878831305,680.0,0,0,0,0.0,0,0.0
wec,Le Mans 24 2026,agent,HYPERCAR,5,240352,HYPERCAR-16,18,18,387,86326.84809099317,133,5495.122133957258,485.6,0,-11,-11,-57.15501901677635,94,-2548.9792551259525
wec,Le Mans 24 2026,fuel_window,HYPERCAR,5,301993,HYPERCAR-02,5,5,376,86339.15972979994,35,2494.5274737356385,513.6,44,0,0,0.0,0,0.0
wec,Le Mans 24 2026,caution_gambler,HYPERCAR,5,301993,HYPERCAR-02,3,3,376,86297.47106474255,37,2544.81580754518,516.0,44,2,0,41.68866505738697,2,-50.288333809541655
wec,Le Mans 24 2026,track_position,HYPERCAR,5,301993,HYPERCAR-02,6,6,375,86244.93482465281,34,2415.3243261931566,522.4000000000001,45,-1,-1,94.2249051471299,-1,79.20314754248193
wec,Le Mans 24 2026,splash_and_dash,HYPERCAR,5,301993,HYPERCAR-02,3,3,376,86307.81219343029,35,2463.179937365982,513.6,44,2,0,31.34753636964888,0,31.34753636965661
wec,Le Mans 24 2026,lap_down,HYPERCAR,5,301993,HYPERCAR-02,5,5,376,86312.99108603557,34,2414.2977861931563,522.4000000000001,47,0,0,26.168643764365697,-1,80.22968754248222
wec,Le Mans 24 2026,agent,HYPERCAR,5,301993,HYPERCAR-02,18,18,374,86313.90393412647,83,3583.4877589260586,521.6,46,-13,-2,25.25579567346722,48,-1088.96028519042
wec,Le Mans 24 2026,fuel_window,HYPERCAR,5,558377,HYPERCAR-06,3,3,388,86216.07056904395,36,2455.4314955797663,519.2,22,0,0,0.0,0,0.0
wec,Le Mans 24 2026,caution_gambler,HYPERCAR,5,558377,HYPERCAR-06,4,4,388,86281.1399388368,37,2460.490134912345,560.8000000000001,22,-1,0,-65.06936979285092,1,-5.058639332578878
wec,Le Mans 24 2026,track_position,HYPERCAR,5,558377,HYPERCAR-06,5,5,388,86270.52864493705,36,2452.8651455797662,551.2,22,-2,0,-54.458075893096975,0,2.5663500000000568
wec,Le Mans 24 2026,splash_and_dash,HYPERCAR,5,558377,HYPERCAR-06,1,1,388,86173.9076151335,37,2445.6550494089242,509.6,22,2,0,42.16295391044696,1,9.776446170842064
wec,Le Mans 24 2026,lap_down,HYPERCAR,5,558377,HYPERCAR-06,3,3,388,86216.07056904395,36,2455.4314955797663,519.2,22,0,0,0.0,0,0.0
wec,Le Mans 24 2026,agent,HYPERCAR,5,558377,HYPERCAR-06,18,55,343,86319.95936933336,304,13166.885685650645,92.00000000000001,23,-15,-45,-103.88880028940912,268,-10711.45419007088
wec,Le Mans 24 2026,fuel_window,HYPERCAR,5,752688,HYPERCAR-08,12,12,391,86372.46841042594,37,2785.7343553193127,628.8000000000001,16,0,0,0.0,0,0.0
wec,Le Mans 24 2026,caution_gambler,HYPERCAR,5,752688,HYPERCAR-08,12,12,391,86372.46841042594,37,2785.7343553193127,628.8000000000001,16,0,0,0.0,0,0.0
wec,Le Mans 24 2026,track_position,HYPERCAR,5,752688,HYPERCAR-08,7,7,391,86201.39748292217,37,2770.2281319296103,602.4000000000001,15,5,0,171.07092750376614,0,15.506223389702427
wec,Le Mans 24 2026,splash_and_dash,HYPERCAR,5,752688,HYPERCAR-08,10,10,391,86348.37886567568,38,2770.4298050347466,623.2,16,2,0,24.0895447502553,1,15.304550284566176
wec,Le Mans 24 2026,lap_down,HYPERCAR,5,752688,HYPERCAR-08,12,12,391,86372.46841042594,37,2785.7343553193127,628.8000000000001,16,0,0,0.0,0,0.0
wec,Le Mans 24 2026,agent,HYPERCAR,5,752688,HYPERCAR-08,18,18,386,86353.29593929402,91,3826.861424051748,556.0,18,-6,-5,19.172471131911152,54,-1041.1270687324354
wec,Le Mans 24 2026,fuel_window,HYPERCAR,5,522452,HYPERCAR-16,2,2,395,86326.59209091232,38,2516.1899823411813,572.8000000000001,11,0,0,0.0,0,0.0
wec,Le Mans 24 2026,caution_gambler,HYPERCAR,5,522452,HYPERCAR-16,1,1,395,86248.4011452976,38,2496.1724523411813,612.0,11,1,0,78.19094561472593,0,20.01753000000008
wec,Le Mans 24 2026,track_position,HYPERCAR,5,522452,HYPERCAR-16,5,5,394,86231.51766191483,38,2513.007708341181,664.0,10,-3,-1,95.07442899749731,0,3.182274000000234
wec,Le Mans 24 2026,splash_and_dash,HYPERCAR,5,522452,HYPERCAR-16,2,2,395,86315.6570338262,38,2496.896162802517,566.4000000000001,11,0,0,10.935057086127927,0,19.29381953866414
wec,Le Mans 24 2026,lap_down,HYPERCAR,5,522452,HYPERCAR-16,5,5,394,86231.9291888002,38,2516.1899823411813,657.6,10,-3,-1,94.6629021121189,0,0.0
wec,Le Mans 24 2026,agent,HYPERCAR,5,522452,HYPERCAR-16,13,13,393,86163.58782381637,54,2758.6790943807123,608.0,10,-11,-2,163.00426709595195,16,-242.48911203953094
wec,Le Mans 24 2026,fuel_window,HYPERCAR,5,953217,HYPERCAR-16,3,3,396,86305.933301244,38,2676.1950027584476,535.2,9,0,0,0.0,0,0.0
wec,Le Mans 24 2026,caution_gambler,HYPERCAR,5,953217,HYPERCAR-16,3,3,396,86319.6532569385,39,2717.121881867862,544.8000000000001,9,0,0,-13.719955694497912,1,-40.926879109414585
wec,Le Mans 24 2026,track_position,HYPERCAR,5,953217,HYPERCAR-16,3,3,396,86277.31850643974,38,2676.1950027584476,556.8000000000001,9,0,0,28.61479480426351,0,0.0
wec,Le Mans 24 2026,splash_and_dash,HYPERCAR,5,953217,HYPERCAR-16,3,3,396,86284.71244620992,39,2664.11303046399,529.6,9,0,0,21.220855034087435,1,12.0819722944575
wec,Le Mans 24 2026,lap_down,HYPERCAR,5,953217,HYPERCAR-16,3,3,396,86312.87592795395,38,2676.1950027584476,542.4000000000001,9,0,0,-6.942626709947945,0,0.0
wec,Le Mans 24 2026,agent,HYPERCAR,5,953217,HYPERCAR-16,16,16,392,86286.91795640394,75,3465.120813833924,540.8000000000001,8,-13,-4,19.015344840066973,37,-788.9258110754763
wec,Le Mans 24 2026,fuel_window,HYPERCAR,5,312004,HYPERCAR-03,10,10,380,86219.1229784055,34,2541.64349670474,478.40000000000003,35,0,0,0.0,0,0.0
wec,Le Mans 24 2026,caution_gambler,HYPERCAR,5,312004,HYPERCAR-03,6,6,381,86219.73824632133,35,2572.893081154684,463.20000000000005,36,4,1,-0.6152679158258252,1,-31.249584449943995
wec,Le Mans 24 2026,track_position,HYPERCAR,5,312004,HYPERCAR-03,14,14,380,86364.67075374047,34,2537.0240667047397,476.00000000000006,37,-4,0,-145.54777533496963,0,4.619430000000193
wec,Le Mans 24 2026,splash_and_dash,HYPERCAR,5,312004,HYPERCAR-03,10,10,380,86176.73140868242,34,2508.8369214472964,472.00000000000006,35,0,0,42.3915697230841,0,32.806575257443455
wec,Le Mans 24 2026,lap_down,HYPERCAR,5,312004,HYPERCAR-03,10,10,380,86219.1229784055,34,2541.64349670474,478.40000000000003,35,0,0,0.0,0,0.0
wec,Le Mans 24 2026,agent,HYPERCAR,5,312004,HYPERCAR-03,18,18,377,86122.76243560923,82,3819.9569473128154,419.20000000000005,35,-8,-3,96.3605427962757,48,-1278.3134506080755
wec,Le Mans 24 2026,fuel_window,HYPERCAR,5,827861,HYPERCAR-03,6,6,383,86355.6565085869,35,2547.322084506119,437.6,30,0,0,0.0,0,0.0
wec,Le Mans 24 2026,caution_gambler,HYPERCAR,5,827861,HYPERCAR-03,6,6,383,86364.3355848719,36,2566.812896676448,448.8,30,0,0,-8.67907628499961,1,-19.49081217032881
wec,Le Mans 24 2026,track_position,HYPERCAR,5,827861,HYPERCAR-03,4,4,383,86334.94032646736,35,2524.019626506119,431.20000000000005,30,2,0,20.716182119533187,0,23.302458000000115
wec,Le Mans 24 2026,splash_and_dash,HYPERCAR,5,827861,HYPERCAR-03,6,6,383,86337.036042208,36,2534.640500866872,435.20000000000005,30,0,0,18.6204663788958,1,12.681583639247037
wec,Le Mans 24 2026,lap_down,HYPERCAR,5,827861,HYPERCAR-03,6,6,383,86355.6565085869,35,2547.322084506119,437.6,30,0,0,0.0,0,0.0
wec,Le Mans 24 2026,agent,HYPERCAR,5,827861,HYPERCAR-03,14,14,382,86310.63882249963,71,3593.4338783188664,528.0,30,-8,-1,45.01768608725979,36,-1046.1117938127472
wec,Le Mans 24 2026,fuel_window,HYPERCAR,5,785263,HYPERCAR-03,9,9,390,86319.26307869806,36,2685.397721721798,576.8000000000001,18,0,0,0.0,0,0.0
wec,Le Mans 24 2026,caution_gambler,HYPERCAR,5,785263,HYPERCAR-03,8,8,390,86361.68693983043,37,2724.154009921003,630.4000000000001,19,1,0,-42.423861132367165,1,-38.756288199204846
wec,Le Mans 24 2026,track_position,HYPERCAR,5,785263,HYPERCAR-03,11,11,389,86243.50977174826,36,2711.061221721798,648.0,20,-2,-1,75.75330694980221,0,-25.663500000000113
wec,Le Mans 24 2026,splash_and_dash,HYPERCAR,5,785263,HYPERCAR-03,8,8,390,86304.28254841568,37,2676.0021859050785,574.4000000000001,18,1,0,14.980530282380641,1,9.39553581671953
wec,Le Mans 24 2026,lap_down,HYPERCAR,5,785263,HYPERCAR-03,10,10,389,86221.41961997119,36,2710.0346817217983,628.8000000000001,20,-1,-1,97.84345872687118,0,-24.636960000000272
wec,Le Mans 24 2026,agent,HYPERCAR,5,785263,HYPERCAR-03,13,13,389,86315.90647486463,56,2972.1755279087793,607.2,20,-4,-1,3.3566038334247423,20,-286.77780618698125
wec,Le Mans 24 2026,fuel_window,HYPERCAR,5,488627,HYPERCAR-06,8,8,390,86185.32075012033,36,2537.9642038162665,533.6,17,0,0,0.0,0,0.0
wec,Le Mans 24 2026,caution_gambler,HYPERCAR,5,488627,HYPERCAR-06,2,2,391,86228.07448368023,38,2592.934444700585,522.4000000000001,16,6,1,-42.753733559904504,2,-54.97024088431863
wec,Le Mans 24 2026,track_position,HYPERCAR,5,488627,HYPERCAR-06,7,7,391,86374.66944555719,36,2540.5305538162665,532.0,17,1,1,-189.34869543685636,0,-2.5663500000000568
wec,Le Mans 24 2026,splash_and_dash,HYPERCAR,5,488627,HYPERCAR-06,6,6,391,86376.36575308142,37,2529.5562771895225,531.2,17,2,1,-191.04500296109472,1,8.407926626744029
wec,Le Mans 24 2026,lap_down,HYPERCAR,5,488627,HYPERCAR-06,8,8,390,86185.32075012033,36,2537.9642038162665,533.6,17,0,0,0.0,0,0.0
wec,Le Mans 24 2026,agent,HYPERCAR,5,488627,HYPERCAR-06,17,17,389,86328.12793391167,61,3164.2018919527513,510.40000000000003,17,-9,-1,-142.80718379134487,25,-626.2376881364848
wec,Le Mans 24 2026,fuel_window,HYPERCAR,5,911202,HYPERCAR-09,5,5,377,86180.64625565891,35,2368.7130308844044,484.00000000000006,43,0,0,0.0,0,0.0
wec,Le Mans 24 2026,caution_gambler,HYPERCAR,5,911202,HYPERCAR-09,5,5,378,86348.36186466122,36,2337.6193299266697,561.6,47,0,1,-167.71560900230543,1,31.093700957734654
wec,Le Mans 24 2026,track_position,HYPERCAR,5,911202,HYPERCAR-09,5,5,377,86179.88391901382,35,2371.2793808844044,480.8,43,0,0,0.7623366450861795,0,-2.5663500000000568
wec,Le Mans 24 2026,splash_and_dash,HYPERCAR,5,911202,HYPERCAR-09,4,4,378,86358.28955828297,36,2341.013766919203,482.40000000000003,43,1,1,-177.64330262405565,1,27.699263965201226
wec,Le Mans 24 2026,lap_down,HYPERCAR,5,911202,HYPERCAR-09,5,5,377,86180.64625565891,35,2368.7130308844044,484.00000000000006,43,0,0,0.0,0,0.0
wec,Le Mans 24 2026,agent,HYPERCAR,5,911202,HYPERCAR-09,18,18,374,86266.11759975614,75,3402.780139946083,480.00000000000006,43,-13,-3,-85.47134409722639,40,-1034.0671090616788
wec,Le Mans 24 2026,fuel_window,HYPERCAR,5,120727,HYPERCAR-17,9,9,382,86415.51286283787,36,2495.174856678744,470.40000000000003,32,0,0,0.0,0,0.0
wec,Le Mans 24 2026,caution_gambler,HYPERCAR,5,120727,HYPERCAR-17,4,4,382,86251.67343538487,36,2518.272006678744,456.8,31,5,0,163.8394274530001,0,-23.097150000000056
wec,Le Mans 24 2026,track_position,HYPERCAR,5,120727,HYPERCAR-17,2,2,383,86267.4224353944,35,2465.7528929591726,486.40000000000003,32,7,1,148.09042744347244,-1,29.421963719571522
wec,Le Mans 24 2026,splash_and_dash,HYPERCAR,5,120727,HYPERCAR-17,9,9,382,86415.51286283787,36,2495.174856678744,470.40000000000003,32,0,0,0.0,0,0.0
wec,Le Mans 24 2026,lap_down,HYPERCAR,5,120727,HYPERCAR-17,9,9,382,86415.51286283787,36,2495.174856678744,470.40000000000003,32,0,0,0.0,0,0.0
wec,Le Mans 24 2026,agent,HYPERCAR,5,120727,HYPERCAR-17,16,16,381,86158.7077566335,55,2856.6828897242963,476.8,34,-7,-1,256.8051062043669,19,-361.5080330455521
wec,Le Mans 24 2026,fuel_window,HYPERCAR,5,439035,HYPERCAR-07,2,2,387,86182.55798430106,37,2743.414730664077,518.4000000000001,22,0,0,0.0,0,0.0
wec,Le Mans 24 2026,caution_gambler,HYPERCAR,5,439035,HYPERCAR-07,2,2,387,86200.90994234057,38,2766.726616888016,520.8000000000001,22,0,0,-18.351958039507736,1,-23.311886223938927
wec,Le Mans 24 2026,track_position,HYPERCAR,5,439035,HYPERCAR-07,6,6,387,86286.88900783696,36,2722.4490433123724,525.6,23,-4,0,-104.33102353589493,-1,20.965687351704673
wec,Le Mans 24 2026,splash_and_dash,HYPERCAR,5,439035,HYPERCAR-07,2,2,388,86381.39108418374,38,2738.9533140736703,517.6,22,0,1,-198.83309988267138,1,4.46141659040677
wec,Le Mans 24 2026,lap_down,HYPERCAR,5,439035,HYPERCAR-07,2,2,387,86182.55798430106,37,2743.414730664077,518.4000000000001,22,0,0,0.0,0,0.0
wec,Le Mans 24 2026,agent,HYPERCAR,5,439035,HYPERCAR-07,18,18,385,86359.31324014417,61,3329.9988000094536,471.20000000000005,22,-16,-2,-176.75525584310526,24,-586.5840693453765
wec,Le Mans 24 2026,fuel_window,HYPERCAR,5,116597,HYPERCAR-15,5,5,388,86176.86161944628,38,2668.0579360502734,557.6,20,0,0,0.0,0,0.0
wec,Le Mans 24 2026,caution_gambler,HYPERCAR,5,116597,HYPERCAR-15,7,7,388,86313.00362078799,39,2714.992706542467,567.2,21,-2,0,-136.14200134170824,1,-46.93477049219382
wec,Le Mans 24 2026,track_position,HYPERCAR,5,116597,HYPERCAR-15,5,5,388,86203.88868685653,37,2569.6250929533594,596.0,21,0,0,-27.02706741025031,-1,98.43284309691398
wec,Le Mans 24 2026,splash_and_dash,HYPERCAR,5,116597,HYPERCAR-15,5,5,389,86373.6671111993,39,2653.8074249250712,559.2,20,0,1,-196.8054917530244,1,14.250511125202138
wec,Le Mans 24 2026,lap_down,HYPERCAR,5,116597,HYPERCAR-15,5,5,388,86285.51709750484,38,2691.2577400502737,569.6,21,0,0,-108.65547805855749,0,-23.199804000000313
wec,Le Mans 24 2026,agent,HYPERCAR,5,116597,HYPERCAR-15,18,18,382,86311.7412901565,105,4217.242281643277,475.20000000000005,22,-13,-6,-134.87967071021558,67,-1549.1843455930039
wec,Le Mans 24 2026,fuel_window,HYPERCAR,5,128523,HYPERCAR-01,3,3,363,86202.8223058498,32,2352.803615983508,419.20000000000005,69,0,0,0.0,0,0.0
wec,Le Mans 24 2026,caution_gambler,HYPERCAR,5,128523,HYPERCAR-01,2,2,363,86194.42304542848,35,2479.3635848405556,422.40000000000003,72,1,0,8.399260421312647,3,-126.5599688570478
wec,Le Mans 24 2026,track_position,HYPERCAR,5,128523,HYPERCAR-01,5,5,363,86216.43773223484,32,2373.745031983508,439.20000000000005,67,-2,0,-13.615426385047613,0,-20.941416000000117
wec,Le Mans 24 2026,splash_and_dash,HYPERCAR,5,128523,HYPERCAR-01,2,2,363,86172.6267447244,33,2342.0460157556086,424.8,69,1,0,30.195561125394306,1,10.757600227899275
wec,Le Mans 24 2026,lap_down,HYPERCAR,5,128523,HYPERCAR-01,14,14,362,86216.65339338545,32,2371.9999139835077,468.8,72,-11,-1,-13.83108753565466,0,-19.196297999999842
wec,Le Mans 24 2026,agent,HYPERCAR,5,128523,HYPERCAR-01,18,30,355,86305.67086388964,151,5859.108141075241,306.40000000000003,72,-15,-8,-102.84855803984101,119,-3506.3045250917335
wec,Le Mans 24 2026,fuel_window,HYPERCAR,5,979592,HYPERCAR-09,12,12,392,86187.80001236856,38,2737.1376029008607,552.8000000000001,13,0,0,0.0,0,0.0
wec,Le Mans 24 2026,caution_gambler,HYPERCAR,5,979592,HYPERCAR-09,12,12,392,86187.80001236856,38,2737.1376029008607,552.8000000000001,13,0,0,0.0,0,0.0
wec,Le Mans 24 2026,track_position,HYPERCAR,5,979592,HYPERCAR-09,9,9,393,86365.79312592342,38,2739.7039529008603,542.4000000000001,13,3,1,-177.99311355485406,0,-2.566349999999602
wec,Le Mans 24 2026,splash_and_dash,HYPERCAR,5,979592,HYPERCAR-09,9,9,393,86367.68742482287,39,2714.2525661670234,548.8000000000001,13,3,1,-179.8874124543072,1,22.885036733837296
wec,Le Mans 24 2026,lap_down,HYPERCAR,5,979592,HYPERCAR-09,12,12,392,86262.78587179915,38,2738.1641429008605,585.6,12,0,0,-74.98585943058424,0,-1.0265399999998408
wec,Le Mans 24 2026,agent,HYPERCAR,5,979592,HYPERCAR-09,18,18,389,86353.70073723757,77,3534.1871712801812,507.20000000000005,13,-6,-3,-165.90072486900317,39,-797.0495683793206
wec,Le Mans 24 2026,fuel_window,HYPERCAR,5,124739,HYPERCAR-11,2,2,393,86237.43904983383,38,2594.3834694555803,539.2,12,0,0,0.0,0,0.0
wec,Le Mans 24 2026,caution_gambler,HYPERCAR,5,124739,HYPERCAR-11,3,3,393,86364.79883741758,38,2593.4595834555803,598.4000000000001,11,-1,0,-127.35978758374404,0,0.9238860000000386
wec,Le Mans 24 2026,track_position,HYPERCAR,5,124739,HYPERCAR-11,2,2,393,86237.43904983383,38,2594.3834694555803,539.2,12,0,0,0.0,0,0.0
wec,Le Mans 24 2026,splash_and_dash,HYPERCAR,5,124739,HYPERCAR-11,2,2,393,86245.83513288056,39,2605.96454696798,539.2,12,0,0,-8.396083046725835,1,-11.581077512399588
wec,Le Mans 24 2026,lap_down,HYPERCAR,5,124739,HYPERCAR-11,2,2,393,86237.43904983383,38,2594.3834694555803,539.2,12,0,0,0.0,0,0.0
wec,Le Mans 24 2026,agent,HYPERCAR,5,124739,HYPERCAR-11,10,10,391,86222.62789257371,55,2793.755503518679,564.0,12,-8,-2,14.811157260119217,17,-199.37203406309845
wec,Le Mans 24 2026,fuel_window,HYPERCAR,5,747768,HYPERCAR-14,1,1,395,86208.20390671348,39,2734.667807152644,526.4000000000001,8,0,0,0.0,0,0.0
wec,Le Mans 24 2026,caution_gambler,HYPERCAR,5,747768,HYPERCAR-14,1,1,395,86208.20390671348,39,2734.667807152644,526.4000000000001,8,0,0,0.0,0,0.0
wec,Le Mans 24 2026,track_position,HYPERCAR,5,747768,HYPERCAR-14,3,3,395,86272.30566370557,37,2653.3651907630506,608.0,9,-2,0,-64.10175699209503,-2,81.30261638959337
wec,Le Mans 24 2026,splash_and_dash,HYPERCAR,5,747768,HYPERCAR-14,1,1,395,86174.9458934394,40,2722.3594453417213,531.2,8,0,0,33.258013274069526,1,12.308361810922634
wec,Le Mans 24 2026,lap_down,HYPERCAR,5,747768,HYPERCAR-14,1,1,395,86208.20390671348,39,2734.667807152644,526.4000000000001,8,0,0,0.0,0,0.0
wec,Le Mans 24 2026,agent,HYPERCAR,5,747768,HYPERCAR-14,13,13,393,86284.49830688535,58,3109.1946309254363,528.0,9,-12,-2,-76.29440017187153,19,-374.52682377279234
wec,Le Mans 24 2026,fuel_window,HYPERCAR,5,428269,HYPERCAR-09,14,14,380,86294.41017566144,35,2563.4066853691306,575.2,34,0,0,0.0,0,0.0
wec,Le Mans 24 2026,caution_gambler,HYPERCAR,5,428269,HYPERCAR-09,11,11,381,86351.48535039718,36,2617.1956306278266,568.0,33,3,1,-57.07517473574262,1,-53.788945258696
wec,Le Mans 24 2026,track_position,HYPERCAR,5,428269,HYPERCAR-09,10,10,381,86203.3883861342,35,2569.0526553691307,547.2,32,4,1,91.02178952723625,0,-5.645970000000034
wec,Le Mans 24 2026,splash_and_dash,HYPERCAR,5,428269,HYPERCAR-09,14,14,380,86309.01813212919,36,2569.9996363025657,586.4000000000001,34,0,0,-14.607956467749318,1,-6.592950933435077
wec,Le Mans 24 2026,lap_down,HYPERCAR,5,428269,HYPERCAR-09,14,14,380,86294.41017566144,35,2563.4066853691306,575.2,34,0,0,0.0,0,0.0
wec,Le Mans 24 2026,agent,HYPERCAR,5,428269,HYPERCAR-09,16,16,380,86327.13548359142,52,2794.08818914674,583.2,33,-2,0,-32.72530792998441,17,-230.68150377760958
wec,Le Mans 24 2026,fuel_window,HYPERCAR,5,222577,HYPERCAR-03,8,8,389,86199.49119215422,37,2761.59818848984,448.00000000000006,18,0,0,0.0,0,0.0
wec,Le Mans 24 2026,caution_gambler,HYPERCAR,5,222577,HYPERCAR-03,8,8,389,86199.49119215422,37,2761.59818848984,448.00000000000006,18,0,0,0.0,0,0.0
wec,Le Mans 24 2026,track_position,HYPERCAR,5,222577,HYPERCAR-03,10,10,389,86262.59714505832,37,2756.97875848984,493.6,20,-2,0,-63.10595290409401,0,4.619430000000193
wec,Le Mans 24 2026,splash_and_dash,HYPERCAR,5,222577,HYPERCAR-03,8,8,389,86162.17518479134,38,2768.404086033696,448.00000000000006,18,0,0,37.316007362882374,1,-6.805897543855735
wec,Le Mans 24 2026,lap_down,HYPERCAR,5,222577,HYPERCAR-03,8,8,389,86199.49119215422,37,2761.59818848984,448.00000000000006,18,0,0,0.0,0,0.0
wec,Le Mans 24 2026,agent,HYPERCAR,5,222577,HYPERCAR-03,16,16,388,86250.7459950289,56,3053.496250359741,486.40000000000003,19,-8,-1,-51.254802874682355,19,-291.8980618699011
wec,Le Mans 24 2026,fuel_window,HYPERCAR,5,786581,HYPERCAR-08,7,7,391,86383.05630801784,37,2586.4601379595015,509.6,21,0,0,0.0,0,0.0
wec,Le Mans 24 2026,caution_gambler,HYPERCAR,5,786581,HYPERCAR-08,7,7,391,86383.05630801784,37,2586.4601379595015,509.6,21,0,0,0.0,0,0.0
wec,Le Mans 24 2026,track_position,HYPERCAR,5,786581,HYPERCAR-08,7,7,391,86380.35548869497,37,2566.0319919595013,526.4000000000001,21,0,0,2.700819322868483,0,20.428146000000197
wec,Le Mans 24 2026,splash_and_dash,HYPERCAR,5,786581,HYPERCAR-08,6,6,391,86350.39555058576,38,2566.2261951873925,499.20000000000005,21,1,0,32.66075743208057,1,20.233942772109003
wec,Le Mans 24 2026,lap_down,HYPERCAR,5,786581,HYPERCAR-08,7,7,391,86382.32614303402,37,2589.0264879595015,506.40000000000003,21,0,0,0.7301649838191224,0,-2.5663500000000568
wec,Le Mans 24 2026,agent,HYPERCAR,5,786581,HYPERCAR-08,18,18,374,86297.19185620217,166,6934.180563195556,340.8,22,-11,-17,85.86445181566523,129,-4347.720425236054
wec,Le Mans 24 2026,fuel_window,HYPERCAR,5,702880,HYPERCAR-05,8,8,372,86258.31029000964,34,2396.335941753506,491.20000000000005,50,0,0,0.0,0,0.0
wec,Le Mans 24 2026,caution_gambler,HYPERCAR,5,702880,HYPERCAR-05,2,2,373,86190.76782829998,35,2415.3918017935316,428.8,50,6,1,67.5424617096578,1,-19.055860040025436
wec,Le Mans 24 2026,track_position,HYPERCAR,5,702880,HYPERCAR-05,2,2,372,86224.84831879473,33,2350.053420773989,480.00000000000006,52,6,0,33.46197121491423,-1,46.28252097951736
wec,Le Mans 24 2026,splash_and_dash,HYPERCAR,5,702880,HYPERCAR-05,7,7,372,86244.48939676388,35,2386.053931247397,491.20000000000005,50,1,0,13.820893245763727,1,10.282010506109145
wec,Le Mans 24 2026,lap_down,HYPERCAR,5,702880,HYPERCAR-05,8,8,372,86258.31029000964,34,2396.335941753506,491.20000000000005,50,0,0,0.0,0,0.0
wec,Le Mans 24 2026,agent,HYPERCAR,5,702880,HYPERCAR-05,18,18,361,86152.34353698473,127,4997.8968008218235,328.8,51,-10,-11,105.96675302491349,93,-2601.5608590683173
wec,Le Mans 24 2026,fuel_window,HYPERCAR,5,499195,HYPERCAR-03,8,8,382,86297.03396100663,35,2457.862214302582,472.8,37,0,0,0.0,0,0.0
wec,Le Mans 24 2026,caution_gambler,HYPERCAR,5,499195,HYPERCAR-03,9,9,382,86340.73358139668,35,2431.7880983025816,469.6,37,-1,0,-43.69962039004895,0,26.07411600000023
wec,Le Mans 24 2026,track_position,HYPERCAR,5,499195,HYPERCAR-03,1,1,383,86440.07644699133,33,2291.9304837734253,511.20000000000005,35,7,1,-143.04248598469712,-2,165.93173052915654
wec,Le Mans 24 2026,splash_and_dash,HYPERCAR,5,499195,HYPERCAR-03,7,7,383,86470.2275681723,35,2382.707940513469,472.00000000000006,37,1,1,-173.19360716566734,0,75.15427378911272
wec,Le Mans 24 2026,lap_down,HYPERCAR,5,499195,HYPERCAR-03,8,8,382,86297.03396100663,35,2457.862214302582,472.8,37,0,0,0.0,0,0.0
wec,Le Mans 24 2026,agent,HYPERCAR,5,499195,HYPERCAR-03,14,14,382,86498.85404667295,55,2839.5837983195725,459.20000000000005,37,-6,0,-201.82008566631703,20,-381.7215840169906
wec,Le Mans 24 2026,fuel_window,HYPERCAR,5,915432,HYPERCAR-16,6,6,394,86295.1261894557,38,2690.0707910687056,595.2,12,0,0,0.0,0,0.0
wec,Le Mans 24 2026,caution_gambler,HYPERCAR,5,915432,HYPERCAR-16,6,6,394,86295.1261894557,38,2690.0707910687056,595.2,12,0,0,0.0,0,0.0
wec,Le Mans 24 2026,track_position,HYPERCAR,5,915432,HYPERCAR-16,6,6,394,86277.62819613323,38,2692.6371410687057,575.2,12,0,0,17.497993322467664,0,-2.5663500000000568
wec,Le Mans 24 2026,splash_and_dash,HYPERCAR,5,915432,HYPERCAR-16,6,6,394,86276.7511744581,39,2675.6807705367796,594.4000000000001,12,0,0,18.375014997596736,1,14.390020531925984
wec,Le Mans 24 2026,lap_down,HYPERCAR,5,915432,HYPERCAR-16,6,6,394,86295.1261894557,38,2690.0707910687056,595.2,12,0,0,0.0,0,0.0
wec,Le Mans 24 2026,agent,HYPERCAR,5,915432,HYPERCAR-16,18,18,389,86268.15193849709,85,3852.670316957349,539.2,11,-12,-5,26.974250958606717,47,-1162.5995258886433
wec,Le Mans 24 2026,fuel_window,HYPERCAR,5,590352,HYPERCAR-02,5,5,398,86317.5014945455,39,2883.2951556929206,539.2,2,0,0,0.0,0,0.0
wec,Le Mans 24 2026,caution_gambler,HYPERCAR,5,590352,HYPERCAR-02,5,5,398,86317.5014945455,39,2883.2951556929206,539.2,2,0,0,0.0,0,0.0
wec,Le Mans 24 2026,track_position,HYPERCAR,5,590352,HYPERCAR-02,5,5,398,86317.5014945455,39,2883.2951556929206,539.2,2,0,0,0.0,0,0.0
wec,Le Mans 24 2026,splash_and_dash,HYPERCAR,5,590352,HYPERCAR-02,5,5,398,86301.12080799001,40,2869.391687055148,539.2,2,0,0,16.38068655549432,1,13.903468637772676
wec,Le Mans 24 2026,lap_down,HYPERCAR,5,590352,HYPERCAR-02,5,5,398,86317.5014945455,39,2883.2951556929206,539.2,2,0,0,0.0,0,0.0
wec,Le Mans 24 2026,agent,HYPERCAR,5,590352,HYPERCAR-02,18,37,355,86159.24549183916,273,12072.285008350753,186.4,3,-13,-43,158.2560027063446,234,-9188.989852657833
wec,Le Mans 24 2026,fuel_window,HYPERCAR,5,484606,HYPERCAR-05,2,2,381,86187.49923992623,35,2503.836049761054,473.6,33,0,0,0.0,0,0.0
wec,Le Mans 24 2026,caution_gambler,HYPERCAR,5,484606,HYPERCAR-05,3,3,381,86191.27485359862,36,2552.1848121027765,471.20000000000005,33,-1,0,-3.775613672391046,1,-48.348762341722704
wec,Le Mans 24 2026,track_position,HYPERCAR,5,484606,HYPERCAR-05,3,3,381,86205.29134164855,34,2464.659503393336,512.0,34,-1,0,-17.79210172232706,-1,39.17654636771795
wec,Le Mans 24 2026,splash_and_dash,HYPERCAR,5,484606,HYPERCAR-05,2,2,381,86187.49923992623,35,2503.836049761054,473.6,33,0,0,0.0,0,0.0
wec,Le Mans 24 2026,lap_down,HYPERCAR,5,484606,HYPERCAR-05,2,2,381,86187.49923992623,35,2503.836049761054,473.6,33,0,0,0.0,0,0.0
wec,Le Mans 24 2026,agent,HYPERCAR,5,484606,HYPERCAR-05,18,61,338,86317.93637171401,291,12970.650181569248,84.80000000000001,41,-16,-43,-130.43713178778125,256,-10466.814131808194
wec,Le Mans 24 2026,fuel_window,HYPERCAR,5,634937,HYPERCAR-14,3,3,382,86256.94487892582,36,2564.842169437226,544.0,34,0,0,0.0,0,0.0
wec,Le Mans 24 2026,caution_gambler,HYPERCAR,5,634937,HYPERCAR-14,8,8,382,86289.95656494287,35,2510.0671436353755,568.8000000000001,34,-5,0,-33.01168601705285,-1,54.77502580185046
wec,Le Mans 24 2026,track_position,HYPERCAR,5,634937,HYPERCAR-14,3,3,382,86264.06466330621,35,2507.7061016353755,544.8000000000001,33,0,0,-7.119784380396595,-1,57.13606780185046
wec,Le Mans 24 2026,splash_and_dash,HYPERCAR,5,634937,HYPERCAR-14,3,3,382,86255.22355588601,36,2532.273527372012,539.2,33,0,0,1.7213230398047017,0,32.568642065214135
wec,Le Mans 24 2026,lap_down,HYPERCAR,5,634937,HYPERCAR-14,3,3,382,86256.94487892582,36,2564.842169437226,544.0,34,0,0,0.0,0,0.0
wec,Le Mans 24 2026,agent,HYPERCAR,5,634937,HYPERCAR-14,8,8,381,86262.15546046705,56,2987.20801337267,556.8000000000001,34,-5,-1,-5.210581541236024,20,-422.365843935444
wec,Le Mans 24 2026,fuel_window,HYPERCAR,5,377335,HYPERCAR-11,4,4,386,86112.92150602296,37,2614.556494076345,520.0,29,0,0,0.0,0,0.0
wec,Le Mans 24 2026,caution_gambler,HYPERCAR,5,377335,HYPERCAR-11,4,4,386,86338.26924452194,37,2597.721238076345,504.00000000000006,28,0,0,-225.34773849898193,0,16.8352560000003
wec,Le Mans 24 2026,track_position,HYPERCAR,5,377335,HYPERCAR-11,6,6,386,86353.8371202729,36,2541.8733532517367,668.8000000000001,28,-2,0,-240.91561424994143,-1,72.68314082460847
wec,Le Mans 24 2026,splash_and_dash,HYPERCAR,5,377335,HYPERCAR-11,3,3,387,86340.2641977758,37,2560.1176772641306,520.0,29,1,1,-227.34269175284135,0,54.438816812214554
wec,Le Mans 24 2026,lap_down,HYPERCAR,5,377335,HYPERCAR-11,4,4,386,86112.92150602296,37,2614.556494076345,520.0,29,0,0,0.0,0,0.0
wec,Le Mans 24 2026,agent,HYPERCAR,5,377335,HYPERCAR-11,11,11,384,86331.27105726101,54,2908.2119661454,560.8000000000001,28,-7,-2,-218.34955123804684,17,-293.65547206905467
wec,Le Mans 24 2026,fuel_window,HYPERCAR,5,283010,HYPERCAR-10,4,4,398,86340.49261515477,38,2769.622984881208,532.8000000000001,4,0,0,0.0,0,0.0
wec,Le Mans 24 2026,caution_gambler,HYPERCAR,5,283010,HYPERCAR-10,4,4,398,86340.49261515477,38,2769.622984881208,532.8000000000001,4,0,0,0.0,0,0.0
wec,Le Mans 24 2026,track_position,HYPERCAR,5,283010,HYPERCAR-10,4,4,398,86340.49261515477,38,2769.622984881208,532.8000000000001,4,0,0,0.0,0,0.0
wec,Le Mans 24 2026,splash_and_dash,HYPERCAR,5,283010,HYPERCAR-10,4,4,398,86325.44865848315,39,2754.564022675246,536.0,4,0,0,15.043956671623164,1,15.058962205961961
wec,Le Mans 24 2026,lap_down,HYPERCAR,5,283010,HYPERCAR-10,4,4,398,86340.49261515477,38,2769.622984881208,532.8000000000001,4,0,0,0.0,0,0.0
wec,Le Mans 24 2026,agent,HYPERCAR,5,283010,HYPERCAR-10,18,18,393,86327.62092211974,82,3778.5487148985976,570.4000000000001,3,-14,-5,12.871693035034696,44,-1008.9257300173895
wec,Le Mans 24 2026,fuel_window,HYPERCAR,5,653508,HYPERCAR-03,3,3,390,86337.89803519192,37,2567.0011184447158,499.20000000000005,17,0,0,0.0,0,0.0
wec,Le Mans 24 2026,caution_gambler,HYPERCAR,5,653508,HYPERCAR-03,2,2,391,86338.83103126682,37,2530.9695644447156,476.00000000000006,17,1,1,-0.9329960749018937,0,36.03155400000014
wec,Le Mans 24 2026,track_position,HYPERCAR,5,653508,HYPERCAR-03,3,3,390,86323.69803519183,37,2567.0011184447158,476.00000000000006,17,0,0,14.200000000084401,0,0.0
wec,Le Mans 24 2026,splash_and_dash,HYPERCAR,5,653508,HYPERCAR-03,3,3,390,86328.87991594106,38,2557.5218819334937,503.20000000000005,17,0,0,9.018119250860764,1,9.479236511222098
wec,Le Mans 24 2026,lap_down,HYPERCAR,5,653508,HYPERCAR-03,3,3,390,86337.89803519192,37,2567.0011184447158,499.20000000000005,17,0,0,0.0,0,0.0
wec,Le Mans 24 2026,agent,HYPERCAR,5,653508,HYPERCAR-03,18,18,386,86284.00252128833,75,3512.952571794741,541.6,18,-15,-4,53.89551390358247,38,-945.9514533500251
wec,Le Mans 24 2026,fuel_window,HYPERCAR,5,658150,HYPERCAR-08,6,6,391,86354.27775019468,38,2639.657274056546,536.8000000000001,20,0,0,0.0,0,0.0
wec,Le Mans 24 2026,caution_gambler,HYPERCAR,5,658150,HYPERCAR-08,5,5,391,86299.58584428005,38,2602.496526056546,538.4000000000001,20,1,0,54.69190591463121,0,37.16074800000024
wec,Le Mans 24 2026,track_position,HYPERCAR,5,658150,HYPERCAR-08,6,6,391,86354.27775019468,38,2639.657274056546,536.8000000000001,20,0,0,0.0,0,0.0
wec,Le Mans 24 2026,splash_and_dash,HYPERCAR,5,658150,HYPERCAR-08,6,6,391,86315.3372143337,38,2600.174111485726,537.6,20,0,0,38.94053586098016,0,39.48316257082024
wec,Le Mans 24 2026,lap_down,HYPERCAR,5,658150,HYPERCAR-08,6,6,391,86354.27775019468,38,2639.657274056546,536.8000000000001,20,0,0,0.0,0,0.0
wec,Le Mans 24 2026,agent,HYPERCAR,5,658150,HYPERCAR-08,18,41,347,86164.50244265965,285,12507.572658295245,128.0,22,-12,-44,189.7753075350338,247,-9867.915384238699
wec,Le Mans 24 2026,fuel_window,HYPERCAR,5,594421,HYPERCAR-09,3,3,387,86210.56638661996,36,2546.419539427344,521.6,31,0,0,0.0,0,0.0
wec,Le Mans 24 2026,caution_gambler,HYPERCAR,5,594421,HYPERCAR-09,3,3,387,86210.56638661996,36,2546.419539427344,521.6,31,0,0,0.0,0,0.0
wec,Le Mans 24 2026,track_position,HYPERCAR,5,594421,HYPERCAR-09,2,2,387,86184.75860078035,35,2524.958058924448,449.6,29,1,0,25.807785839613643,-1,21.461480502895938
wec,Le Mans 24 2026,splash_and_dash,HYPERCAR,5,594421,HYPERCAR-09,1,1,387,86181.40581791608,36,2513.685785383418,527.2,31,2,0,29.160568703882745,0,32.73375404392573
wec,Le Mans 24 2026,lap_down,HYPERCAR,5,594421,HYPERCAR-09,3,3,387,86210.56638661996,36,2546.419539427344,521.6,31,0,0,0.0,0,0.0
wec,Le Mans 24 2026,agent,HYPERCAR,5,594421,HYPERCAR-09,15,15,385,86219.12332642055,70,3340.6856117209836,455.20000000000005,32,-12,-2,-8.556939800590044,34,-794.2660722936398
wec,Le Mans 24 2026,fuel_window,HYPERCAR,5,288013,HYPERCAR-13,4,4,390,86281.31933301034,36,2637.782393078333,492.00000000000006,21,0,0,0.0,0,0.0
wec,Le Mans 24 2026,caution_gambler,HYPERCAR,5,288013,HYPERCAR-13,4,4,390,86281.31933301034,36,2637.782393078333,492.00000000000006,21,0,0,0.0,0,0.0
wec,Le Mans 24 2026,track_position,HYPERCAR,5,288013,HYPERCAR-13,7,7,390,86344.778541443,36,2637.782393078333,504.8,21,-3,0,-63.45920843265776,0,0.0
wec,Le Mans 24 2026,splash_and_dash,HYPERCAR,5,288013,HYPERCAR-13,4,4,390,86247.02810668443,36,2599.343183041304,498.40000000000003,21,0,0,34.29122632590588,0,38.439210037028715
wec,Le Mans 24 2026,lap_down,HYPERCAR,5,288013,HYPERCAR-13,7,7,390,86340.39840325498,36,2637.782393078333,512.8000000000001,21,-3,0,-59.0790702446393,0,0.0
wec,Le Mans 24 2026,agent,HYPERCAR,5,288013,HYPERCAR-13,18,18,387,86327.03903432198,73,3430.602899298461,548.8000000000001,23,-14,-3,-45.719701311638346,37,-792.8205062201282
wec,Le Mans 24 2026,fuel_window,HYPERCAR,5,214729,HYPERCAR-13,2,2,393,86264.5340197873,37,2554.720112592143,468.8,13,0,0,0.0,0,0.0
wec,Le Mans 24 2026,caution_gambler,HYPERCAR,5,214729,HYPERCAR-13,2,2,393,86209.49554015989,38,2582.562563622698,512.0,14,0,0,55.038479627415654,1,-27.842451030554912
wec,Le Mans 24 2026,track_position,HYPERCAR,5,214729,HYPERCAR-13,2,2,393,86227.53807141613,37,2557.286462592143,463.20000000000005,13,0,0,36.995948371171835,0,-2.5663500000000568
wec,Le Mans 24 2026,splash_and_dash,HYPERCAR,5,214729,HYPERCAR-13,2,2,393,86251.66400503014,38,2542.9889805746225,471.20000000000005,13,0,0,12.870014757165336,1,11.731132017520395
wec,Le Mans 24 2026,lap_down,HYPERCAR,5,214729,HYPERCAR-13,2,2,393,86264.5340197873,37,2554.720112592143,468.8,13,0,0,0.0,0,0.0
wec,Le Mans 24 2026,agent,HYPERCAR,5,214729,HYPERCAR-13,18,18,385,86303.52860057136,107,4328.298022475316,500.8,16,-16,-8,-38.99458078405587,70,-1773.5779098831736
wec,Le Mans 24 2026,fuel_window,HYPERCAR,5,243284,HYPERCAR-11,6,6,390,86285.22712250367,35,2664.7315080785247,488.8,21,0,0,0.0,0,0.0
wec,Le Mans 24 2026,caution_gambler,HYPERCAR,5,243284,HYPERCAR-11,6,6,390,86285.22712250367,35,2664.7315080785247,488.8,21,0,0,0.0,0,0.0
wec,Le Mans 24 2026,track_position,HYPERCAR,5,243284,HYPERCAR-11,4,4,390,86265.14830392129,35,2662.165158078525,472.00000000000006,21,2,0,20.078818582376698,0,2.566349999999602
wec,Le Mans 24 2026,splash_and_dash,HYPERCAR,5,243284,HYPERCAR-11,6,6,390,86279.68726092215,36,2660.422752688727,490.40000000000003,21,0,0,5.539861581521109,1,4.308755389797625
wec,Le Mans 24 2026,lap_down,HYPERCAR,5,243284,HYPERCAR-11,6,6,390,86285.22712250367,35,2664.7315080785247,488.8,21,0,0,0.0,0,0.0
wec,Le Mans 24 2026,agent,HYPERCAR,5,243284,HYPERCAR-11,18,47,345,86303.52799952695,299,12855.031290222129,74.4,21,-12,-45,-18.300877023284556,264,-10190.299782143604
wec,Le Mans 24 2026,fuel_window,HYPERCAR,5,835794,HYPERCAR-18,4,4,396,86322.32342853889,39,2921.6817690663147,542.4000000000001,5,0,0,0.0,0,0.0
wec,Le Mans 24 2026,caution_gambler,HYPERCAR,5,835794,HYPERCAR-18,4,4,396,86322.32342853889,39,2921.6817690663147,542.4000000000001,5,0,0,0.0,0,0.0
wec,Le Mans 24 2026,track_position,HYPERCAR,5,835794,HYPERCAR-18,4,4,396,86322.32342853889,39,2921.6817690663147,542.4000000000001,5,0,0,0.0,0,0.0
wec,Le Mans 24 2026,splash_and_dash,HYPERCAR,5,835794,HYPERCAR-18,4,4,396,86317.36974293739,40,2925.605301382539,536.0,5,0,0,4.953685601503821,1,-3.923532316224282
wec,Le Mans 24 2026,lap_down,HYPERCAR,5,835794,HYPERCAR-18,4,4,396,86322.32342853889,39,2921.6817690663147,542.4000000000001,5,0,0,0.0,0,0.0
wec,Le Mans 24 2026,agent,HYPERCAR,5,835794,HYPERCAR-18,18,18,388,86178.87333847157,113,4731.417354211473,441.6,5,-14,-8,143.4500900673156,74,-1809.7355851451584
wec,Le Mans 24 2026,fuel_window,HYPERCAR,5,581874,HYPERCAR-01,3,3,390,86359.2831342258,37,2616.1070250807625,476.8,20,0,0,0.0,0,0.0
wec,Le Mans 24 2026,caution_gambler,HYPERCAR,5,581874,HYPERCAR-01,3,3,390,86359.2831342258,37,2616.1070250807625,476.8,20,0,0,0.0,0,0.0
wec,Le Mans 24 2026,track_position,HYPERCAR,5,581874,HYPERCAR-01,3,3,389,86178.98525909438,36,2580.9662688385656,506.40000000000003,21,0,-1,180.2978751314222,-1,35.14075624219686
wec,Le Mans 24 2026,splash_and_dash,HYPERCAR,5,581874,HYPERCAR-01,3,3,390,86339.00427936374,38,2603.367052958372,472.8,20,0,0,20.278854862059234,1,12.739972122390554
wec,Le Mans 24 2026,lap_down,HYPERCAR,5,581874,HYPERCAR-01,3,3,390,86359.2831342258,37,2616.1070250807625,476.8,20,0,0,0.0,0,0.0
wec,Le Mans 24 2026,agent,HYPERCAR,5,581874,HYPERCAR-01,17,17,387,86162.20265281924,57,2982.3782621945693,605.6,22,-14,-3,197.0804814065632,20,-366.2712371138068
wec,Le Mans 24 2026,fuel_window,HYPERCAR,5,829107,HYPERCAR-01,15,15,387,86243.94669162462,35,2631.945311683191,568.0,25,0,0,0.0,0,0.0
wec,Le Mans 24 2026,caution_gambler,HYPERCAR,5,829107,HYPERCAR-01,15,15,387,86243.94669162462,35,2631.945311683191,568.0,25,0,0,0.0,0,0.0
wec,Le Mans 24 2026,track_position,HYPERCAR,5,829107,HYPERCAR-01,18,18,386,86262.6521499479,35,2626.812611683191,624.8000000000001,25,-3,-1,-18.705458323282073,0,5.1327000000001135
wec,Le Mans 24 2026,splash_and_dash,HYPERCAR,5,829107,HYPERCAR-01,12,12,387,86206.21068295513,35,2598.9942974794053,566.4000000000001,25,3,0,37.736008669482544,0,32.95101420378569
wec,Le Mans 24 2026,lap_down,HYPERCAR,5,829107,HYPERCAR-01,15,15,387,86243.54703890688,35,2631.945311683191,567.2,25,0,0,0.3996527177368989,0,0.0
wec,Le Mans 24 2026,agent,HYPERCAR,5,829107,HYPERCAR-01,18,37,365,86304.20575721594,185,7787.9372113301215,358.40000000000003,26,-3,-22,-60.259065591322724,150,-5155.9918996469305
wec,Le Mans 24 2026,fuel_window,HYPERCAR,5,242269,HYPERCAR-09,13,13,392,86361.73882986818,38,2925.4470289444585,540.8000000000001,12,0,0,0.0,0,0.0
wec,Le Mans 24 2026,caution_gambler,HYPERCAR,5,242269,HYPERCAR-09,13,13,392,86361.73882986818,38,2925.4470289444585,540.8000000000001,12,0,0,0.0,0,0.0
wec,Le Mans 24 2026,track_position,HYPERCAR,5,242269,HYPERCAR-09,12,12,392,86359.70677835536,37,2879.166151885002,638.4000000000001,14,1,0,2.0320515128114494,-1,46.28087705945654
wec,Le Mans 24 2026,splash_and_dash,HYPERCAR,5,242269,HYPERCAR-09,8,8,392,86315.20539043589,38,2884.0053622454643,542.4000000000001,12,5,0,46.53343943228538,0,41.44166669899414
wec,Le Mans 24 2026,lap_down,HYPERCAR,5,242269,HYPERCAR-09,13,13,392,86361.73882986818,38,2925.4470289444585,540.8000000000001,12,0,0,0.0,0,0.0
wec,Le Mans 24 2026,agent,HYPERCAR,5,242269,HYPERCAR-09,11,11,392,86347.50807230898,51,2927.2746857328416,565.6,12,2,0,14.230757559198537,13,-1.8276567883831376
wec,Le Mans 24 2026,fuel_window,HYPERCAR,5,132726,HYPERCAR-03,6,6,385,86367.53069361387,36,2665.4187971410925,532.8000000000001,31,0,0,0.0,0,0.0
wec,Le Mans 24 2026,caution_gambler,HYPERCAR,5,132726,HYPERCAR-03,6,6,385,86367.53069361387,36,2665.4187971410925,532.8000000000001,31,0,0,0.0,0,0.0
wec,Le Mans 24 2026,track_position,HYPERCAR,5,132726,HYPERCAR-03,6,6,385,86250.84161603538,36,2689.1318711410922,463.20000000000005,28,0,0,116.68907757848501,0,-23.71307399999978
wec,Le Mans 24 2026,splash_and_dash,HYPERCAR,5,132726,HYPERCAR-03,6,6,385,86343.55912706646,37,2650.2322250593634,527.2,31,0,0,23.971566547406837,1,15.186572081729082
wec,Le Mans 24 2026,lap_down,HYPERCAR,5,132726,HYPERCAR-03,6,6,385,86367.53069361387,36,2665.4187971410925,532.8000000000001,31,0,0,0.0,0,0.0
wec,Le Mans 24 2026,agent,HYPERCAR,5,132726,HYPERCAR-03,18,18,381,86200.75462334756,80,3487.740674518652,498.40000000000003,30,-12,-4,166.77607026630722,44,-822.3218773775598
wec,Le Mans 24 2026,fuel_window,HYPERCAR,5,997496,HYPERCAR-11,8,8,388,86360.3479449981,36,2568.5609295506333,532.8000000000001,21,0,0,0.0,0,0.0
wec,Le Mans 24 2026,caution_gambler,HYPERCAR,5,997496,HYPERCAR-11,3,3,389,86364.29352062629,37,2623.275681944491,525.6,19,5,1,-3.9455756281968206,1,-54.71475239385791
wec,Le Mans 24 2026,track_position,HYPERCAR,5,997496,HYPERCAR-11,3,3,388,86211.55237507763,36,2573.1803595506335,595.2,19,5,0,148.79556992046128,0,-4.619430000000193
wec,Le Mans 24 2026,splash_and_dash,HYPERCAR,5,997496,HYPERCAR-11,8,8,388,86362.06808820537,37,2574.17384377148,532.8000000000001,21,0,0,-1.7201432072761236,1,-5.6129142208465055
wec,Le Mans 24 2026,lap_down,HYPERCAR,5,997496,HYPERCAR-11,8,8,388,86360.3479449981,36,2568.5609295506333,532.8000000000001,21,0,0,0.0,0,0.0
wec,Le Mans 24 2026,agent,HYPERCAR,5,997496,HYPERCAR-11,18,18,383,86339.01141639386,88,3781.0676151197144,552.0,21,-10,-5,21.336528604238993,52,-1212.5066855690811
wec,Le Mans 24 2026,fuel_window,HYPERCAR,5,838049,HYPERCAR-05,17,17,387,86403.06780766032,37,2663.1430185489976,556.0,21,0,0,0.0,0,0.0
wec,Le Mans 24 2026,caution_gambler,HYPERCAR,5,838049,HYPERCAR-05,1,1,389,86310.19463814827,39,2766.7210875157934,495.20000000000005,17,16,2,92.87316951205139,2,-103.57806896679585
wec,Le Mans 24 2026,track_position,HYPERCAR,5,838049,HYPERCAR-05,14,14,387,86224.43927506074,36,2626.624469045585,528.8000000000001,21,3,0,178.62853259958501,-1,36.51854950341249
wec,Le Mans 24 2026,splash_and_dash,HYPERCAR,5,838049,HYPERCAR-05,17,17,387,86399.61041113167,37,2635.483846319817,556.0,21,0,0,3.457396528654499,0,27.659172229180513
wec,Le Mans 24 2026,lap_down,HYPERCAR,5,838049,HYPERCAR-05,18,18,387,86446.63704831168,37,2664.0669045489976,556.0,21,-1,0,-43.56924065135536,0,-0.9238860000000386
wec,Le Mans 24 2026,agent,HYPERCAR,5,838049,HYPERCAR-05,18,37,351,86340.77701737404,251,10999.695960841087,171.20000000000002,22,-1,-36,62.290790286278934,214,-8336.55294229209
wec,Le Mans 24 2026,fuel_window,HYPERCAR,5,167785,HYPERCAR-01,2,2,389,86230.31307466759,36,2583.758246694246,469.6,21,0,0,0.0,0,0.0
wec,Le Mans 24 2026,caution_gambler,HYPERCAR,5,167785,HYPERCAR-01,3,3,389,86264.57055673726,37,2592.938712160565,495.20000000000005,20,-1,0,-34.25748206967546,1,-9.18046546631922
wec,Le Mans 24 2026,track_position,HYPERCAR,5,167785,HYPERCAR-01,8,8,389,86332.99567545608,36,2585.7086726942457,492.00000000000006,22,-6,0,-102.68260078849562,0,-1.9504259999998794
wec,Le Mans 24 2026,splash_and_dash,HYPERCAR,5,167785,HYPERCAR-01,1,1,389,86189.24718613084,36,2541.1009412210005,472.8,21,1,0,41.06588853674475,0,42.65730547324529
wec,Le Mans 24 2026,lap_down,HYPERCAR,5,167785,HYPERCAR-01,2,2,389,86230.31307466759,36,2583.758246694246,469.6,21,0,0,0.0,0,0.0
wec,Le Mans 24 2026,agent,HYPERCAR,5,167785,HYPERCAR-01,10,10,388,86345.68474976442,58,3055.2951005864256,496.00000000000006,22,-8,-1,-115.37167509683059,22,-471.5368538921798
wec,Le Mans 24 2026,fuel_window,HYPERCAR,5,779500,HYPERCAR-03,4,4,389,86260.44799599229,36,2603.1803015425185,591.2,20,0,0,0.0,0,0.0
wec,Le Mans 24 2026,caution_gambler,HYPERCAR,5,779500,HYPERCAR-03,4,4,389,86260.44799599229,36,2603.1803015425185,591.2,20,0,0,0.0,0,0.0
wec,Le Mans 24 2026,track_position,HYPERCAR,5,779500,HYPERCAR-03,4,4,389,86271.65604874617,36,2603.1803015425185,610.4000000000001,20,0,0,-11.208052753878292,0,0.0
wec,Le Mans 24 2026,splash_and_dash,HYPERCAR,5,779500,HYPERCAR-03,3,3,389,86221.54649796721,36,2564.9308198063122,592.8000000000001,20,1,0,38.90149802507949,0,38.249481736206235
wec,Le Mans 24 2026,lap_down,HYPERCAR,5,779500,HYPERCAR-03,4,4,389,86260.44799599229,36,2603.1803015425185,591.2,20,0,0,0.0,0,0.0
wec,Le Mans 24 2026,agent,HYPERCAR,5,779500,HYPERCAR-03,14,14,389,86377.68757925977,50,2800.4293280592087,587.2,20,-10,0,-117.23958326748107,14,-197.24902651669026
wec,Le Mans 24 2026,fuel_window,HYPERCAR,5,834679,HYPERCAR-15,14,14,376,86188.90942360548,34,2314.6935768017743,503.20000000000005,41,0,0,0.0,0,0.0
wec,Le Mans 24 2026,caution_gambler,HYPERCAR,5,834679,HYPERCAR-15,10,10,377,86267.00683299951,37,2394.170968809907,508.00000000000006,41,4,1,-78.09740939403127,3,-79.47739200813294
wec,Le Mans 24 2026,track_position,HYPERCAR,5,834679,HYPERCAR-15,4,4,378,86303.65372381662,33,2283.112974626715,496.00000000000006,41,10,2,-114.74430021113949,-1,31.580602175059084
wec,Le Mans 24 2026,splash_and_dash,HYPERCAR,5,834679,HYPERCAR-15,13,13,377,86382.34789587416,35,2306.3512601763873,500.00000000000006,41,1,1,-193.43847226868093,1,8.342316625386957
wec,Le Mans 24 2026,lap_down,HYPERCAR,5,834679,HYPERCAR-15,14,14,376,86188.90942360548,34,2314.6935768017743,503.20000000000005,41,0,0,0.0,0,0.0
wec,Le Mans 24 2026,agent,HYPERCAR,5,834679,HYPERCAR-15,14,14,377,86382.34513046645,55,2763.2637342146068,503.20000000000005,41,0,1,-193.4357068609679,21,-448.5701574128325
wec,Le Mans 24 2026,fuel_window,HYPERCAR,5,877850,HYPERCAR-06,4,4,387,86232.55814497985,37,2556.9962723904523,530.4000000000001,23,0,0,0.0,0,0.0
wec,Le Mans 24 2026,caution_gambler,HYPERCAR,5,877850,HYPERCAR-06,3,3,387,86237.47261431647,38,2596.7539987318414,516.8000000000001,23,1,0,-4.914469336625189,1,-39.757726341389116
wec,Le Mans 24 2026,track_position,HYPERCAR,5,877850,HYPERCAR-06,5,5,387,86251.31997271562,36,2536.2123833867304,531.2,22,-1,0,-18.761827735768748,-1,20.783889003721924
wec,Le Mans 24 2026,splash_and_dash,HYPERCAR,5,877850,HYPERCAR-06,2,2,387,86201.39111251045,37,2526.6142343867305,532.8000000000001,23,2,0,31.16703246939869,0,30.382038003721846
wec,Le Mans 24 2026,lap_down,HYPERCAR,5,877850,HYPERCAR-06,4,4,387,86232.55814497985,37,2556.9962723904523,530.4000000000001,23,0,0,0.0,0,0.0
wec,Le Mans 24 2026,agent,HYPERCAR,5,877850,HYPERCAR-06,18,18,382,86289.0229084572,90,4041.713056011997,480.8,22,-14,-5,-56.46476347735734,53,-1484.716783621545
wec,Le Mans 24 2026,fuel_window,HYPERCAR,5,617125,HYPERCAR-09,2,2,392,86349.42525085206,38,2600.0285511537613,536.0,15,0,0,0.0,0,0.0
wec,Le Mans 24 2026,caution_gambler,HYPERCAR,5,617125,HYPERCAR-09,1,1,392,86346.78841446285,39,2618.892964952178,531.2,15,1,0,2.636836389210657,1,-18.864413798416535
wec,Le Mans 24 2026,track_position,HYPERCAR,5,617125,HYPERCAR-09,1,1,392,86377.5933303424,38,2600.233859153761,550.4000000000001,15,1,0,-28.168079490336822,0,-0.20530799999960436
wec,Le Mans 24 2026,splash_and_dash,HYPERCAR,5,617125,HYPERCAR-09,1,1,392,86328.66546197014,39,2580.145980189581,537.6,15,1,0,20.759788881914574,1,19.882570964180104
wec,Le Mans 24 2026,lap_down,HYPERCAR,5,617125,HYPERCAR-09,2,2,392,86349.42525085206,38,2600.0285511537613,536.0,15,0,0,0.0,0,0.0
wec,Le Mans 24 2026,agent,HYPERCAR,5,617125,HYPERCAR-09,16,16,389,86268.36702696203,80,3694.2297683716456,510.40000000000003,17,-14,-3,81.05822389002424,42,-1094.2012172178843
wec,Le Mans 24 2026,fuel_window,HYPERCAR,5,139128,HYPERCAR-05,10,10,381,86349.40136019587,35,2560.711746839833,556.8000000000001,31,0,0,0.0,0,0.0
wec,Le Mans 24 2026,caution_gambler,HYPERCAR,5,139128,HYPERCAR-05,10,10,381,86348.91664724058,38,2644.969261583389,537.6,31,0,0,0.4847129552945262,3,-84.25751474355638
wec,Le Mans 24 2026,track_position,HYPERCAR,5,139128,HYPERCAR-05,5,5,381,86244.88776894347,35,2560.095822839833,487.20000000000005,31,5,0,104.51359125239833,0,0.6159239999997226
wec,Le Mans 24 2026,splash_and_dash,HYPERCAR,5,139128,HYPERCAR-05,9,9,381,86329.50019143906,36,2545.5955725486806,555.2,31,1,0,19.901168756812694,1,15.11617429115222
wec,Le Mans 24 2026,lap_down,HYPERCAR,5,139128,HYPERCAR-05,10,10,381,86349.40136019587,35,2560.711746839833,556.8000000000001,31,0,0,0.0,0,0.0
wec,Le Mans 24 2026,agent,HYPERCAR,5,139128,HYPERCAR-05,18,39,340,86245.73513073806,281,12002.902129637905,99.2,31,-8,-41,103.66622945781273,246,-9442.190382798071
wec,Le Mans 24 2026,fuel_window,HYPERCAR,5,488806,HYPERCAR-17,5,5,394,86355.96930511092,38,2762.2161680251183,531.2,12,0,0,0.0,0,0.0
wec,Le Mans 24 2026,caution_gambler,HYPERCAR,5,488806,HYPERCAR-17,5,5,394,86355.96930511092,38,2762.2161680251183,531.2,12,0,0,0.0,0,0.0
wec,Le Mans 24 2026,track_position,HYPERCAR,5,488806,HYPERCAR-17,4,4,394,86260.57596362755,38,2762.2161680251183,529.6,11,1,0,95.39334148337366,0,0.0
wec,Le Mans 24 2026,splash_and_dash,HYPERCAR,5,488806,HYPERCAR-17,5,5,394,86346.26129489762,38,2730.3696691991136,532.0,12,0,0,9.708010213304078,0,31.84649882600479
wec,Le Mans 24 2026,lap_down,HYPERCAR,5,488806,HYPERCAR-17,4,4,394,86260.57596362755,38,2762.2161680251183,529.6,11,1,0,95.39334148337366,0,0.0
wec,Le Mans 24 2026,agent,HYPERCAR,5,488806,HYPERCAR-17,18,18,390,86186.82373125575,74,3563.1375646712,490.40000000000003,10,-13,-4,169.145573855174,36,-800.9213966460816
wec,Le Mans 24 2026,fuel_window,HYPERCAR,5,778018,HYPERCAR-15,7,7,392,86264.78778015244,39,2824.239145591638,488.00000000000006,13,0,0,0.0,0,0.0
wec,Le Mans 24 2026,caution_gambler,HYPERCAR,5,778018,HYPERCAR-15,7,7,392,86251.29004127331,39,2823.315259591638,488.00000000000006,13,0,0,13.497738879130338,0,0.9238860000000386
wec,Le Mans 24 2026,track_position,HYPERCAR,5,778018,HYPERCAR-15,9,9,392,86292.88870216868,38,2799.9151960750896,528.0,13,-2,0,-28.100922016237746,-1,24.32394951654851
wec,Le Mans 24 2026,splash_and_dash,HYPERCAR,5,778018,HYPERCAR-15,7,7,392,86250.46200494168,39,2794.4379984278603,488.8,13,0,0,14.325775210760185,0,29.80114716377784
wec,Le Mans 24 2026,lap_down,HYPERCAR,5,778018,HYPERCAR-15,7,7,392,86241.09103122538,38,2776.7153920750898,516.8000000000001,13,0,0,23.69674892706098,-1,47.52375351654837
wec,Le Mans 24 2026,agent,HYPERCAR,5,778018,HYPERCAR-15,18,62,344,86314.67872092647,312,13917.128521015806,62.400000000000006,14,-11,-48,-49.89094077402842,273,-11092.889375424167
wec,Le Mans 24 2026,fuel_window,HYPERCAR,5,510084,HYPERCAR-11,4,4,383,86238.4981931035,36,2609.6719383687214,511.20000000000005,31,0,0,0.0,0,0.0
wec,Le Mans 24 2026,caution_gambler,HYPERCAR,5,510084,HYPERCAR-11,2,2,384,86204.76352955811,38,2651.94032886719,532.8000000000001,31,2,1,33.734663545386866,2,-42.26839049846876
wec,Le Mans 24 2026,track_position,HYPERCAR,5,510084,HYPERCAR-11,5,5,384,86372.24707616078,36,2630.5107003687217,496.8,32,-1,1,-133.74888305728382,0,-20.838762000000315
wec,Le Mans 24 2026,splash_and_dash,HYPERCAR,5,510084,HYPERCAR-11,3,3,383,86210.14990494547,36,2579.2625329503426,516.8000000000001,31,1,0,28.34828815802757,0,30.40940541837881
wec,Le Mans 24 2026,lap_down,HYPERCAR,5,510084,HYPERCAR-11,4,4,383,86238.4981931035,36,2609.6719383687214,511.20000000000005,31,0,0,0.0,0,0.0
wec,Le Mans 24 2026,agent,HYPERCAR,5,510084,HYPERCAR-11,16,16,382,86379.3609341784,78,3646.1096928181237,499.20000000000005,32,-12,-1,-140.86274107490317,42,-1036.4377544494023
wec,Le Mans 24 2026,fuel_window,HYPERCAR,5,184758,HYPERCAR-13,5,5,389,86178.21382728628,37,2610.22572412514,532.0,19,0,0,0.0,0,0.0
wec,Le Mans 24 2026,caution_gambler,HYPERCAR,5,184758,HYPERCAR-13,2,2,390,86347.94263109348,38,2652.2643489724715,532.8000000000001,19,3,1,-169.72880380720017,1,-42.03862484733145
wec,Le Mans 24 2026,track_position,HYPERCAR,5,184758,HYPERCAR-13,11,11,388,86209.4337256,36,2593.3271946006475,540.8000000000001,22,-6,-1,-31.219898313720478,-1,16.89852952449246
wec,Le Mans 24 2026,splash_and_dash,HYPERCAR,5,184758,HYPERCAR-13,5,5,390,86375.89812360718,38,2606.3480215231098,530.4000000000001,19,0,1,-197.68429632090556,1,3.87770260203024
wec,Le Mans 24 2026,lap_down,HYPERCAR,5,184758,HYPERCAR-13,5,5,389,86178.21382728628,37,2610.22572412514,532.0,19,0,0,0.0,0,0.0
wec,Le Mans 24 2026,agent,HYPERCAR,5,184758,HYPERCAR-13,18,18,387,86353.4862993849,74,3455.8253269821066,554.4000000000001,22,-13,-2,-175.27247209861525,37,-845.5996028569666
wec,Le Mans 24 2026,fuel_window,HYPERCAR,5,985210,HYPERCAR-05,6,6,382,86307.32514382224,36,2649.282536032482,530.4000000000001,32,0,0,0.0,0,0.0
wec,Le Mans 24 2026,caution_gambler,HYPERCAR,5,985210,HYPERCAR-05,8,8,382,86316.85365864687,37,2688.1947050790595,524.0,32,-2,0,-9.528514824633021,1,-38.912169046577674
wec,Le Mans 24 2026,track_position,HYPERCAR,5,985210,HYPERCAR-05,15,15,381,86214.8867946345,35,2606.4131359599933,510.40000000000003,33,-9,-1,92.43834918773791,-1,42.86940007248859
wec,Le Mans 24 2026,splash_and_dash,HYPERCAR,5,985210,HYPERCAR-05,6,6,382,86288.83885901247,37,2633.623065882668,529.6,32,0,0,18.48628480976913,1,15.659470149813842
wec,Le Mans 24 2026,lap_down,HYPERCAR,5,985210,HYPERCAR-05,7,7,382,86316.99497883841,36,2651.848886032482,537.6,32,-1,0,-9.669835016175057,0,-2.5663500000000568
wec,Le Mans 24 2026,agent,HYPERCAR,5,985210,HYPERCAR-05,11,11,381,86155.2350044829,64,3279.8407000113666,465.6,33,-5,-1,152.09013933932874,28,-630.5581639788847
wec,Le Mans 24 2026,fuel_window,HYPERCAR,5,780494,HYPERCAR-08,10,10,387,86266.64328057478,37,2566.467401211152,564.0,24,0,0,0.0,0,0.0
wec,Le Mans 24 2026,caution_gambler,HYPERCAR,5,780494,HYPERCAR-08,10,10,387,86257.87946940184,37,2551.377263211152,585.6,24,0,0,8.763811172932037,0,15.090138000000024
wec,Le Mans 24 2026,track_position,HYPERCAR,5,780494,HYPERCAR-08,4,4,388,86217.94457769344,35,2468.4402443590943,612.8000000000001,24,6,1,48.69870288133097,-2,98.02715685205749
wec,Le Mans 24 2026,splash_and_dash,HYPERCAR,5,780494,HYPERCAR-08,9,9,387,86246.69210959105,38,2552.1012246931023,561.6,24,1,0,19.951170983724296,1,14.366176518049542
wec,Le Mans 24 2026,lap_down,HYPERCAR,5,780494,HYPERCAR-08,10,10,387,86266.64328057478,37,2566.467401211152,564.0,24,0,0,0.0,0,0.0
wec,Le Mans 24 2026,agent,HYPERCAR,5,780494,HYPERCAR-08,18,18,385,86291.58553358844,73,3418.0018254822817,546.4000000000001,24,-8,-2,-24.942253013665322,36,-851.5344242711299
wec,Le Mans 24 2026,fuel_window,HYPERCAR,5,939446,HYPERCAR-04,10,10,386,86300.09263204304,36,2641.234024403084,503.20000000000005,26,0,0,0.0,0,0.0
wec,Le Mans 24 2026,caution_gambler,HYPERCAR,5,939446,HYPERCAR-04,4,4,388,86227.77565582204,37,2662.0246963077666,494.40000000000003,23,6,2,72.31697622100182,1,-20.790671904682767
wec,Le Mans 24 2026,track_position,HYPERCAR,5,939446,HYPERCAR-04,7,7,386,86197.0405087085,36,2642.2605644030837,570.4000000000001,25,3,0,103.05212333454983,0,-1.0265399999998408
wec,Le Mans 24 2026,splash_and_dash,HYPERCAR,5,939446,HYPERCAR-04,7,7,386,86198.77520925296,36,2607.780157463506,503.20000000000005,26,3,0,101.31742279008904,0,33.45386693957789
wec,Le Mans 24 2026,lap_down,HYPERCAR,5,939446,HYPERCAR-04,8,8,386,86242.87779230668,36,2642.2605644030837,484.00000000000006,25,2,0,57.2148397363635,0,-1.0265399999998408
wec,Le Mans 24 2026,agent,HYPERCAR,5,939446,HYPERCAR-04,16,16,385,86316.21460059052,69,3256.7388966448043,490.40000000000003,24,-6,-1,-16.1219685474789,33,-615.5048722417205
wec,Le Mans 24 2026,fuel_window,HYPERCAR,5,775693,HYPERCAR-01,6,6,397,86364.39580417472,39,2704.163814748446,521.6,4,0,0,0.0,0,0.0
wec,Le Mans 24 2026,caution_gambler,HYPERCAR,5,775693,HYPERCAR-01,6,6,397,86364.39580417472,39,2704.163814748446,521.6,4,0,0,0.0,0,0.0
wec,Le Mans 24 2026,track_position,HYPERCAR,5,775693,HYPERCAR-01,8,8,396,86207.67049298808,39,2704.163814748446,601.6,4,-2,-1,156.72531118664483,0,0.0
wec,Le Mans 24 2026,splash_and_dash,HYPERCAR,5,775693,HYPERCAR-01,6,6,397,86336.35105331521,40,2691.6579466285875,509.6,4,0,0,28.044750859509804,1,12.505868119858405
wec,Le Mans 24 2026,lap_down,HYPERCAR,5,775693,HYPERCAR-01,6,6,397,86364.39580417472,39,2704.163814748446,521.6,4,0,0,0.0,0,0.0
wec,Le Mans 24 2026,agent,HYPERCAR,5,775693,HYPERCAR-01,18,18,390,86211.46045870992,95,4069.717378561847,514.4,4,-12,-7,152.93534546480805,56,-1365.553563813401
wec,Le Mans 24 2026,fuel_window,HYPERCAR,5,170983,HYPERCAR-12,4,4,392,86217.96146222229,37,2670.114483194283,480.00000000000006,15,0,0,0.0,0,0.0
wec,Le Mans 24 2026,caution_gambler,HYPERCAR,5,170983,HYPERCAR-12,4,4,392,86217.96146222229,37,2670.114483194283,480.00000000000006,15,0,0,0.0,0,0.0
wec,Le Mans 24 2026,track_position,HYPERCAR,5,170983,HYPERCAR-12,5,5,392,86265.5474565751,37,2670.114483194283,497.6,15,-1,0,-47.5859943528194,0,0.0
wec,Le Mans 24 2026,splash_and_dash,HYPERCAR,5,170983,HYPERCAR-12,4,4,392,86180.74661701664,37,2639.6385207282456,476.8,15,0,0,37.21484520564263,0,30.475962466037345
wec,Le Mans 24 2026,lap_down,HYPERCAR,5,170983,HYPERCAR-12,5,5,392,86268.1004726683,37,2670.114483194283,498.40000000000003,15,-1,0,-50.13901044601516,0,0.0
wec,Le Mans 24 2026,agent,HYPERCAR,5,170983,HYPERCAR-12,15,15,390,86291.28526209814,69,3483.006961403609,455.20000000000005,14,-11,-2,-73.32379987585591,32,-812.8924782093259
wec,Le Mans 24 2026,fuel_window,HYPERCAR,5,358171,HYPERCAR-01,4,4,372,86271.87019128285,34,2334.904664207514,432.8,53,0,0,0.0,0,0.0
wec,Le Mans 24 2026,caution_gambler,HYPERCAR,5,358171,HYPERCAR-01,5,5,372,86260.1225631505,35,2334.327579494889,507.20000000000005,49,-1,0,11.74762813236157,1,0.5770847126250374
wec,Le Mans 24 2026,track_position,HYPERCAR,5,358171,HYPERCAR-01,7,7,372,86261.23044404943,33,2259.260409031239,449.6,52,-3,0,10.639747233421076,-1,75.64425517627524
wec,Le Mans 24 2026,splash_and_dash,HYPERCAR,5,358171,HYPERCAR-01,3,3,372,86234.79324484554,34,2299.058823961936,434.40000000000003,53,1,0,37.0769464373152,0,35.845840245578074
wec,Le Mans 24 2026,lap_down,HYPERCAR,5,358171,HYPERCAR-01,4,4,372,86271.87019128285,34,2334.904664207514,432.8,53,0,0,0.0,0,0.0
wec,Le Mans 24 2026,agent,HYPERCAR,5,358171,HYPERCAR-01,18,18,371,86367.11969540647,78,3697.79989155941,433.6,52,-14,-1,-95.24950412361068,44,-1362.8952273518958
wec,Le Mans 24 2026,fuel_window,HYPERCAR,5,371150,HYPERCAR-06,12,12,385,86253.72011841457,36,2628.88194621128,540.8000000000001,28,0,0,0.0,0,0.0
wec,Le Mans 24 2026,caution_gambler,HYPERCAR,5,371150,HYPERCAR-06,10,10,385,86181.1619949673,37,2664.7478837420335,549.6,27,2,0,72.55812344726291,1,-35.8659375307534
wec,Le Mans 24 2026,track_position,HYPERCAR,5,371150,HYPERCAR-06,11,11,386,86377.91515651152,35,2582.223833415735,567.2,28,1,1,-124.19503809695016,-1,46.658112795545094
wec,Le Mans 24 2026,splash_and_dash,HYPERCAR,5,371150,HYPERCAR-06,12,12,385,86206.14293076714,36,2595.6897530295087,529.6,28,0,0,47.577187647431856,0,33.19219318177147
wec,Le Mans 24 2026,lap_down,HYPERCAR,5,371150,HYPERCAR-06,12,12,385,86253.72011841457,36,2628.88194621128,540.8000000000001,28,0,0,0.0,0,0.0
wec,Le Mans 24 2026,agent,HYPERCAR,5,371150,HYPERCAR-06,18,18,382,86190.76282630932,78,3509.8430231705784,576.8000000000001,26,-6,-3,62.95729210524587,42,-880.9610769592982
wec,Le Mans 24 2026,fuel_window,HYPERCAR,5,478516,HYPERCAR-13,7,7,391,86179.8496545439,36,2517.1470463921323,540.8000000000001,17,0,0,0.0,0,0.0
wec,Le Mans 24 2026,caution_gambler,HYPERCAR,5,478516,HYPERCAR-13,7,7,391,86179.8496545439,36,2517.1470463921323,540.8000000000001,17,0,0,0.0,0,0.0
wec,Le Mans 24 2026,track_position,HYPERCAR,5,478516,HYPERCAR-13,5,5,392,86277.17058051364,36,2519.200126392132,515.2,16,2,1,-97.3209259697469,0,-2.0530799999996816
wec,Le Mans 24 2026,splash_and_dash,HYPERCAR,5,478516,HYPERCAR-13,7,7,391,86151.4096229966,37,2516.098714567231,548.0,17,0,0,28.44003154730308,1,1.0483318249011973
wec,Le Mans 24 2026,lap_down,HYPERCAR,5,478516,HYPERCAR-13,7,7,391,86179.8496545439,36,2517.1470463921323,540.8000000000001,17,0,0,0.0,0,0.0
wec,Le Mans 24 2026,agent,HYPERCAR,5,478516,HYPERCAR-13,18,37,360,86184.62585826492,229,9851.61549221317,253.60000000000002,18,-11,-31,-4.776203721019556,193,-7334.468445821038
wec,Le Mans 24 2026,fuel_window,HYPERCAR,5,222966,HYPERCAR-12,3,3,381,86300.8301490554,34,2306.05302557343,541.6,36,0,0,0.0,0,0.0
wec,Le Mans 24 2026,caution_gambler,HYPERCAR,5,222966,HYPERCAR-12,5,5,381,86346.74799932631,35,2347.8147968744092,549.6,36,-2,0,-45.917850270911,1,-41.761771300979035
wec,Le Mans 24 2026,track_position,HYPERCAR,5,222966,HYPERCAR-12,3,3,381,86300.8301490554,34,2306.05302557343,541.6,36,0,0,0.0,0,0.0
wec,Le Mans 24 2026,splash_and_dash,HYPERCAR,5,222966,HYPERCAR-12,3,3,381,86296.44917124807,34,2273.574644484543,540.8000000000001,36,0,0,4.380977807333693,0,32.47838108888709
wec,Le Mans 24 2026,lap_down,HYPERCAR,5,222966,HYPERCAR-12,3,3,381,86300.8301490554,34,2306.05302557343,541.6,36,0,0,0.0,0,0.0
wec,Le Mans 24 2026,agent,HYPERCAR,5,222966,HYPERCAR-12,8,8,381,86374.24602547276,51,2617.586169961432,508.8,36,-5,0,-73.4158764173626,17,-311.5331443880018
wec,Le Mans 24 2026,fuel_window,HYPERCAR,5,502045,HYPERCAR-04,4,4,378,86360.2934187954,34,2370.9474960088787,519.2,39,0,0,0.0,0,0.0
wec,Le Mans 24 2026,caution_gambler,HYPERCAR,5,502045,HYPERCAR-04,4,4,377,86199.22500920523,36,2432.518329294849,572.0,39,0,-1,161.068409590167,2,-61.570833285970366
wec,Le Mans 24 2026,track_position,HYPERCAR,5,502045,HYPERCAR-04,2,2,378,86366.93366697522,34,2369.715648008879,544.8000000000001,40,2,0,-6.640248179828632,0,1.2318479999999
wec,Le Mans 24 2026,splash_and_dash,HYPERCAR,5,502045,HYPERCAR-04,4,4,378,86352.0136468253,35,2372.160495052416,513.6,39,0,0,8.279771970090223,1,-1.2129990435373657
wec,Le Mans 24 2026,lap_down,HYPERCAR,5,502045,HYPERCAR-04,4,4,378,86360.2934187954,34,2370.9474960088787,519.2,39,0,0,0.0,0,0.0
wec,Le Mans 24 2026,agent,HYPERCAR,5,502045,HYPERCAR-04,9,9,377,86327.0290671303,51,2763.8828617634863,503.20000000000005,40,-5,-1,33.26435166510055,17,-392.9353657546076
wec,Le Mans 24 2026,fuel_window,HYPERCAR,5,27495,HYPERCAR-04,6,6,391,86213.49615422219,38,2737.119861687785,514.4000000000001,18,0,0,0.0,0,0.0
wec,Le Mans 24 2026,caution_gambler,HYPERCAR,5,27495,HYPERCAR-04,6,6,391,86213.49615422219,38,2737.119861687785,514.4000000000001,18,0,0,0.0,0,0.0
wec,Le Mans 24 2026,track_position,HYPERCAR,5,27495,HYPERCAR-04,12,12,390,86191.60944684864,37,2699.567401240526,589.6,16,-6,-1,21.886707373545505,-1,37.55246044725891
wec,Le Mans 24 2026,splash_and_dash,HYPERCAR,5,27495,HYPERCAR-04,5,5,391,86168.62553567908,39,2713.0774840619592,514.4000000000001,18,1,0,44.87061854310741,1,24.042377625825793
wec,Le Mans 24 2026,lap_down,HYPERCAR,5,27495,HYPERCAR-04,6,6,391,86212.51462344419,38,2737.119861687785,523.2,18,0,0,0.981530777993612,0,0.0
wec,Le Mans 24 2026,agent,HYPERCAR,5,27495,HYPERCAR-04,15,15,390,86358.46807844113,61,3151.423629550376,590.4000000000001,16,-9,-1,-144.9719242189458,23,-414.30376786259103
wec,Le Mans 24 2026,fuel_window,HYPERCAR,5,421921,HYPERCAR-10,6,6,389,86274.85143273712,36,2561.285544695884,548.0,23,0,0,0.0,0,0.0
wec,Le Mans 24 2026,caution_gambler,HYPERCAR,5,421921,HYPERCAR-10,4,4,389,86251.96806205061,36,2561.901468695884,529.6,23,2,0,22.883370686511626,0,-0.6159240000001773
wec,Le Mans 24 2026,track_position,HYPERCAR,5,421921,HYPERCAR-10,8,8,388,86195.49357815126,35,2520.0357430368213,540.0,23,-2,-1,79.35785458586179,-1,41.24980165906254
wec,Le Mans 24 2026,splash_and_dash,HYPERCAR,5,421921,HYPERCAR-10,4,4,389,86231.97198895879,36,2527.991095383203,541.6,23,2,0,42.87944377833628,0,33.29444931268063
wec,Le Mans 24 2026,lap_down,HYPERCAR,5,421921,HYPERCAR-10,6,6,389,86274.85143273712,36,2561.285544695884,548.0,23,0,0,0.0,0,0.0
wec,Le Mans 24 2026,agent,HYPERCAR,5,421921,HYPERCAR-10,13,13,387,86203.42018292237,57,2980.774229105185,526.4000000000001,22,-7,-2,71.4312498147483,21,-419.4886844093012
wec,Le Mans 24 2026,fuel_window,HYPERCAR,5,428915,HYPERCAR-12,7,7,387,86308.14846339832,37,2592.2088627848348,500.00000000000006,24,0,0,0.0,0,0.0
wec,Le Mans 24 2026,caution_gambler,HYPERCAR,5,428915,HYPERCAR-12,7,7,387,86308.86250766493,38,2637.907695848214,500.00000000000006,24,0,0,-0.7140442666132003,1,-45.698833063379425
wec,Le Mans 24 2026,track_position,HYPERCAR,5,428915,HYPERCAR-12,5,5,387,86317.90994326242,35,2513.818601672053,546.4000000000001,25,2,0,-9.761479864100693,-2,78.3902611127819
wec,Le Mans 24 2026,splash_and_dash,HYPERCAR,5,428915,HYPERCAR-12,7,7,387,86308.14846339832,37,2592.2088627848348,500.00000000000006,24,0,0,0.0,0,0.0
wec,Le Mans 24 2026,lap_down,HYPERCAR,5,428915,HYPERCAR-12,7,7,387,86308.14846339832,37,2592.2088627848348,500.00000000000006,24,0,0,0.0,0,0.0
wec,Le Mans 24 2026,agent,HYPERCAR,5,428915,HYPERCAR-12,18,37,355,86168.33900331488,235,10325.838518155218,204.8,28,-11,-32,139.80946008344472,198,-7733.629655370383
wec,Le Mans 24 2026,fuel_window,HYPERCAR,5,169066,HYPERCAR-05,11,11,389,86334.15884412546,37,2705.8243185038205,551.2,19,0,0,0.0,0,0.0
wec,Le Mans 24 2026,caution_gambler,HYPERCAR,5,169066,HYPERCAR-05,11,11,389,86334.15884412546,37,2705.8243185038205,551.2,19,0,0,0.0,0,0.0
wec,Le Mans 24 2026,track_position,HYPERCAR,5,169066,HYPERCAR-05,11,11,389,86334.15884412546,37,2705.8243185038205,551.2,19,0,0,0.0,0,0.0
wec,Le Mans 24 2026,splash_and_dash,HYPERCAR,5,169066,HYPERCAR-05,9,9,389,86306.9115965333,38,2681.146512281476,550.4000000000001,19,2,0,27.247247592153144,1,24.677806222344316
wec,Le Mans 24 2026,lap_down,HYPERCAR,5,169066,HYPERCAR-05,11,11,389,86334.15884412546,37,2705.8243185038205,551.2,19,0,0,0.0,0,0.0
wec,Le Mans 24 2026,agent,HYPERCAR,5,169066,HYPERCAR-05,17,17,388,86377.84209120717,58,3134.8127665145585,483.20000000000005,19,-6,-1,-43.68324708171713,21,-428.988448010738
wec,Le Mans 24 2026,fuel_window,HYPERCAR,5,398769,HYPERCAR-07,2,2,385,86204.75257456972,36,2415.703238120043,580.0,29,0,0,0.0,0,0.0
wec,Le Mans 24 2026,caution_gambler,HYPERCAR,5,398769,HYPERCAR-07,4,4,385,86254.71515148757,37,2416.604346484802,558.4,30,-2,0,-49.96257691785286,1,-0.9011083647592386
wec,Le Mans 24 2026,track_position,HYPERCAR,5,398769,HYPERCAR-07,2,2,384,86203.4658067907,36,2418.269588120043,544.0,29,0,-1,1.2867677790200105,0,-2.5663500000000568
wec,Le Mans 24 2026,splash_and_dash,HYPERCAR,5,398769,HYPERCAR-07,1,1,385,86175.54414194929,37,2412.76732164472,579.2,29,1,0,29.208432620434905,1,2.935916475322756
wec,Le Mans 24 2026,lap_down,HYPERCAR,5,398769,HYPERCAR-07,2,2,385,86204.75257456972,36,2415.703238120043,580.0,29,0,0,0.0,0,0.0
wec,Le Mans 24 2026,agent,HYPERCAR,5,398769,HYPERCAR-07,18,18,382,86223.91114965663,69,3388.4279648539555,464.8,28,-16,-3,-19.158575086912606,33,-972.7247267339126
wec,Le Mans 24 2026,fuel_window,HYPERCAR,5,897347,HYPERCAR-08,3,3,387,86291.12277582171,37,2464.915515978617,536.0,25,0,0,0.0,0,0.0
wec,Le Mans 24 2026,caution_gambler,HYPERCAR,5,897347,HYPERCAR-08,1,1,387,86204.11618459094,39,2530.2446141292744,491.20000000000005,24,2,0,87.0065912307764,2,-65.3290981506575
wec,Le Mans 24 2026,track_position,HYPERCAR,5,897347,HYPERCAR-08,5,5,387,86318.16760825836,35,2399.9265836473123,553.6,25,-2,0,-27.044832436644356,-2,64.98893233130457
wec,Le Mans 24 2026,splash_and_dash,HYPERCAR,5,897347,HYPERCAR-08,3,3,387,86283.93261129505,37,2446.0637295428332,536.0,25,0,0,7.1901645266625565,0,18.85178643578365
wec,Le Mans 24 2026,lap_down,HYPERCAR,5,897347,HYPERCAR-08,3,3,387,86291.12277582171,37,2464.915515978617,536.0,25,0,0,0.0,0,0.0
wec,Le Mans 24 2026,agent,HYPERCAR,5,897347,HYPERCAR-08,18,18,385,86216.77610376105,53,2782.6565516370033,592.8000000000001,25,-15,-2,74.3466720606666,16,-317.7410356583864
wec,Le Mans 24 2026,fuel_window,HYPERCAR,5,842833,HYPERCAR-14,2,2,389,86302.92851731801,37,2596.186214285279,452.00000000000006,23,0,0,0.0,0,0.0
wec,Le Mans 24 2026,caution_gambler,HYPERCAR,5,842833,HYPERCAR-14,5,5,388,86296.58300368735,39,2628.714319518063,530.4000000000001,23,-3,-1,6.345513630658388,2,-32.52810523278367
wec,Le Mans 24 2026,track_position,HYPERCAR,5,842833,HYPERCAR-14,2,2,389,86317.06049150354,36,2572.027162703811,481.6,23,0,0,-14.131974185525905,-1,24.159051581468248
wec,Le Mans 24 2026,splash_and_dash,HYPERCAR,5,842833,HYPERCAR-14,2,2,389,86282.5576478188,38,2582.2925627038107,448.00000000000006,23,0,0,20.37086949920922,1,13.893651581468475
wec,Le Mans 24 2026,lap_down,HYPERCAR,5,842833,HYPERCAR-14,2,2,389,86302.92851731801,37,2596.186214285279,452.00000000000006,23,0,0,0.0,0,0.0
wec,Le Mans 24 2026,agent,HYPERCAR,5,842833,HYPERCAR-14,18,18,383,86208.91419266112,85,3681.986263743953,444.8,23,-16,-6,94.0143246568914,48,-1085.8000494586736
wec,Le Mans 24 2026,fuel_window,HYPERCAR,5,804167,HYPERCAR-12,2,2,386,86340.81496673587,37,2586.9511700380854,524.8000000000001,25,0,0,0.0,0,0.0
wec,Le Mans 24 2026,caution_gambler,HYPERCAR,5,804167,HYPERCAR-12,2,2,386,86340.81496673587,37,2586.9511700380854,524.8000000000001,25,0,0,0.0,0,0.0
wec,Le Mans 24 2026,track_position,HYPERCAR,5,804167,HYPERCAR-12,6,6,386,86382.9988681921,36,2516.1498598847866,555.2,27,-4,0,-42.18390145622834,-1,70.8013101532988
wec,Le Mans 24 2026,splash_and_dash,HYPERCAR,5,804167,HYPERCAR-12,2,2,386,86287.49626995368,37,2533.857674884787,524.8000000000001,25,0,0,53.31869678218209,0,53.09349515329859
wec,Le Mans 24 2026,lap_down,HYPERCAR,5,804167,HYPERCAR-12,2,2,386,86340.81496673587,37,2586.9511700380854,524.8000000000001,25,0,0,0.0,0,0.0
wec,Le Mans 24 2026,agent,HYPERCAR,5,804167,HYPERCAR-12,9,9,385,86256.77660591764,49,2703.8161910788344,581.6,25,-7,-1,84.03836081823101,12,-116.86502104074907
wec,Le Mans 24 2026,fuel_window,HYPERCAR,5,566852,HYPERCAR-13,5,5,395,86347.16931519329,38,2692.8364910403216,612.0,9,0,0,0.0,0,0.0
wec,Le Mans 24 2026,caution_gambler,HYPERCAR,5,566852,HYPERCAR-13,5,5,395,86347.16931519329,38,2692.8364910403216,612.0,9,0,0,0.0,0,0.0
wec,Le Mans 24 2026,track_position,HYPERCAR,5,566852,HYPERCAR-13,6,6,395,86344.91225129785,38,2692.8364910403216,605.6,9,-1,0,2.2570638954348397,0,0.0
wec,Le Mans 24 2026,splash_and_dash,HYPERCAR,5,566852,HYPERCAR-13,4,4,395,86320.77473961277,39,2680.3807981994137,601.6,9,1,0,26.394575580517994,1,12.455692840907886
wec,Le Mans 24 2026,lap_down,HYPERCAR,5,566852,HYPERCAR-13,5,5,395,86347.16931519329,38,2692.8364910403216,612.0,9,0,0,0.0,0,0.0
wec,Le Mans 24 2026,agent,HYPERCAR,5,566852,HYPERCAR-13,18,18,391,86209.2245220806,73,3489.4565001840388,540.0,9,-13,-4,137.94479311267787,35,-796.6200091437172
wec,Le Mans 24 2026,fuel_window,HYPERCAR,5,245977,HYPERCAR-02,1,1,378,86323.43164862419,34,2545.7856368765524,476.00000000000006,46,0,0,0.0,0,0.0
wec,Le Mans 24 2026,caution_gambler,HYPERCAR,5,245977,HYPERCAR-02,12,12,377,86238.2800979487,36,2603.153840405789,470.40000000000003,46,-11,-1,85.15155067549495,2,-57.36820352923678
wec,Le Mans 24 2026,track_position,HYPERCAR,5,245977,HYPERCAR-02,3,3,378,86356.25465797225,34,2528.3344568765524,462.40000000000003,44,-2,0,-32.82300934806699,0,17.451180000000022
wec,Le Mans 24 2026,splash_and_dash,HYPERCAR,5,245977,HYPERCAR-02,1,1,378,86299.70551072665,35,2526.136716896741,474.40000000000003,46,0,0,23.726137897538138,1,19.64891997981158
wec,Le Mans 24 2026,lap_down,HYPERCAR,5,245977,HYPERCAR-02,1,1,378,86323.43164862419,34,2545.7856368765524,476.00000000000006,46,0,0,0.0,0,0.0
wec,Le Mans 24 2026,agent,HYPERCAR,5,245977,HYPERCAR-02,13,13,376,86220.60220942424,52,2806.1501939105474,493.6,45,-12,-2,102.8294391999516,18,-260.36455703399497
wec,Le Mans 24 2026,fuel_window,HYPERCAR,5,457918,HYPERCAR-10,7,7,388,86370.89474005108,36,2685.7409614510548,482.40000000000003,25,0,0,0.0,0,0.0
wec,Le Mans 24 2026,caution_gambler,HYPERCAR,5,457918,HYPERCAR-10,7,7,388,86359.5296989931,36,2664.2862754510547,501.6,24,0,0,11.365041057986673,0,21.454686000000038
wec,Le Mans 24 2026,track_position,HYPERCAR,5,457918,HYPERCAR-10,10,10,387,86250.39564396656,36,2690.3603914510545,616.8000000000001,24,-3,-1,120.49909608451708,0,-4.619429999999738
wec,Le Mans 24 2026,splash_and_dash,HYPERCAR,5,457918,HYPERCAR-10,7,7,388,86352.45530391668,37,2670.4865197823133,482.40000000000003,25,0,0,18.439436134402058,1,15.254441668741492
wec,Le Mans 24 2026,lap_down,HYPERCAR,5,457918,HYPERCAR-10,8,8,387,86209.49363728918,36,2687.794041451055,574.4000000000001,24,-1,-1,161.40110276189807,0,-2.0530800000001364
wec,Le Mans 24 2026,agent,HYPERCAR,5,457918,HYPERCAR-10,18,18,386,86350.56258104685,67,3427.235494340085,488.8,23,-11,-2,20.33215900423238,31,-741.4945328890303
wec,Le Mans 24 2026,fuel_window,HYPERCAR,5,67122,HYPERCAR-01,1,1,379,86305.68499886114,35,2484.5973513651834,438.40000000000003,39,0,0,0.0,0,0.0
wec,Le Mans 24 2026,caution_gambler,HYPERCAR,5,67122,HYPERCAR-01,1,1,379,86267.63962765386,36,2523.019466655259,481.6,39,0,0,38.04537120727764,1,-38.42211529007545
wec,Le Mans 24 2026,track_position,HYPERCAR,5,67122,HYPERCAR-01,5,5,379,86278.1236605197,35,2506.154691365183,522.4000000000001,42,-4,0,27.56133834143111,0,-21.55733999999984
wec,Le Mans 24 2026,splash_and_dash,HYPERCAR,5,67122,HYPERCAR-01,1,1,379,86260.97537406338,35,2438.673786502656,440.0,39,0,0,44.709624797760625,0,45.9235648625272
wec,Le Mans 24 2026,lap_down,HYPERCAR,5,67122,HYPERCAR-01,1,1,379,86305.68499886114,35,2484.5973513651834,438.40000000000003,39,0,0,0.0,0,0.0
wec,Le Mans 24 2026,agent,HYPERCAR,5,67122,HYPERCAR-01,16,16,377,86267.48341442883,78,3709.139472481932,480.00000000000006,45,-15,-2,38.20158443230321,43,-1224.5421211167486
wec,Le Mans 24 2026,fuel_window,HYPERCAR,5,743431,HYPERCAR-03,7,7,393,86357.61758842021,37,2529.5261664140457,527.2,14,0,0,0.0,0,0.0
wec,Le Mans 24 2026,caution_gambler,HYPERCAR,5,743431,HYPERCAR-03,7,7,393,86357.61758842021,37,2529.5261664140457,527.2,14,0,0,0.0,0,0.0
wec,Le Mans 24 2026,track_position,HYPERCAR,5,743431,HYPERCAR-03,7,7,392,86208.66687078816,37,2556.0108984140456,608.8000000000001,12,0,-1,148.9507176320476,0,-26.484731999999894
wec,Le Mans 24 2026,splash_and_dash,HYPERCAR,5,743431,HYPERCAR-03,5,5,393,86346.24640362522,38,2520.186087810766,528.0,14,2,0,11.371184794988949,1,9.340078603279835
wec,Le Mans 24 2026,lap_down,HYPERCAR,5,743431,HYPERCAR-03,7,7,393,86357.61758842021,37,2529.5261664140457,527.2,14,0,0,0.0,0,0.0
wec,Le Mans 24 2026,agent,HYPERCAR,5,743431,HYPERCAR-03,10,10,392,86233.82516370507,53,2813.9673968825377,516.0,11,-3,-1,123.79242471513862,16,-284.441230468492
wec,Le Mans 24 2026,fuel_window,HYPERCAR,5,633433,HYPERCAR-04,4,4,388,86351.87326191863,36,2610.621082828422,479.20000000000005,25,0,0,0.0,0,0.0
wec,Le Mans 24 2026,caution_gambler,HYPERCAR,5,633433,HYPERCAR-04,4,4,387,86220.2737726128,37,2613.7110572544657,505.6,24,0,-1,131.59948930583778,1,-3.089974426043682
wec,Le Mans 24 2026,track_position,HYPERCAR,5,633433,HYPERCAR-04,5,5,387,86317.89437108714,35,2541.6334780711472,534.4000000000001,27,-1,-1,33.97889083149494,-1,68.98760475727477
wec,Le Mans 24 2026,splash_and_dash,HYPERCAR,5,633433,HYPERCAR-04,3,3,388,86332.26126382464,37,2588.3324143781847,484.00000000000006,25,1,0,19.61199809399841,1,22.28866845023731
wec,Le Mans 24 2026,lap_down,HYPERCAR,5,633433,HYPERCAR-04,4,4,388,86351.87326191863,36,2610.621082828422,479.20000000000005,25,0,0,0.0,0,0.0
wec,Le Mans 24 2026,agent,HYPERCAR,5,633433,HYPERCAR-04,18,26,368,86286.27834092111,160,6860.650902908088,334.40000000000003,27,-14,-20,65.59492099752242,124,-4250.029820079666
wec,Le Mans 24 2026,fuel_window,HYPERCAR,5,474210,HYPERCAR-10,10,10,386,86238.54854844863,37,2668.289303213624,579.2,26,0,0,0.0,0,0.0
wec,Le Mans 24 2026,caution_gambler,HYPERCAR,5,474210,HYPERCAR-10,10,10,386,86238.29863283438,37,2671.368923213624,585.6,26,0,0,0.24991561424394604,0,-3.079619999999977
wec,Le Mans 24 2026,track_position,HYPERCAR,5,474210,HYPERCAR-10,12,12,385,86186.26786640589,37,2689.949297213624,614.4000000000001,25,-2,-1,52.28068204273586,0,-21.659994000000097
wec,Le Mans 24 2026,splash_and_dash,HYPERCAR,5,474210,HYPERCAR-10,10,10,386,86233.6163264802,37,2634.6009688361305,575.2,26,0,0,4.932221968425438,0,33.68833437749345
wec,Le Mans 24 2026,lap_down,HYPERCAR,5,474210,HYPERCAR-10,10,10,386,86227.33598095419,37,2689.949297213624,606.4000000000001,26,0,0,11.212567494440009,0,-21.659994000000097
wec,Le Mans 24 2026,agent,HYPERCAR,5,474210,HYPERCAR-10,18,25,369,86343.50835088827,164,6958.302432534025,355.20000000000005,28,-8,-17,-104.95980243964004,127,-4290.013129320401
wec,Le Mans 24 2026,fuel_window,HYPERCAR,5,911459,HYPERCAR-09,4,4,396,86366.47909824917,38,2522.044751080219,560.8000000000001,8,0,0,0.0,0,0.0
wec,Le Mans 24 2026,caution_gambler,HYPERCAR,5,911459,HYPERCAR-09,4,4,396,86366.47909824917,38,2522.044751080219,560.8000000000001,8,0,0,0.0,0,0.0
wec,Le Mans 24 2026,track_position,HYPERCAR,5,911459,HYPERCAR-09,2,2,396,86289.426178726,38,2501.513951080219,568.8000000000001,9,2,0,77.05291952316475,0,20.5308
wec,Le Mans 24 2026,splash_and_dash,HYPERCAR,5,911459,HYPERCAR-09,3,3,396,86354.76804298087,39,2517.518690277565,556.8000000000001,8,1,0,11.711055268300697,1,4.526060802654229
wec,Le Mans 24 2026,lap_down,HYPERCAR,5,911459,HYPERCAR-09,4,4,396,86366.47909824917,38,2522.044751080219,560.8000000000001,8,0,0,0.0,0,0.0
wec,Le Mans 24 2026,agent,HYPERCAR,5,911459,HYPERCAR-09,18,37,353,86209.9408770184,280,11761.88425583404,173.60000000000002,9,-14,-43,156.53822123077407,242,-9239.839504753822
wec,Le Mans 24 2026,fuel_window,HYPERCAR,5,635952,HYPERCAR-11,5,5,390,86381.80498918916,37,2699.1607915010954,522.4000000000001,20,0,0,0.0,0,0.0
wec,Le Mans 24 2026,caution_gambler,HYPERCAR,5,635952,HYPERCAR-11,8,8,389,86334.31635318605,38,2730.6844616236103,532.8000000000001,20,-3,-1,47.488636003108695,1,-31.523670122514886
wec,Le Mans 24 2026,track_position,HYPERCAR,5,635952,HYPERCAR-11,2,2,390,86307.32913651023,37,2702.7536815010953,552.8000000000001,19,3,0,74.47585267892282,0,-3.5928899999998976
wec,Le Mans 24 2026,splash_and_dash,HYPERCAR,5,635952,HYPERCAR-11,5,5,390,86361.49370054586,38,2687.9883855974595,516.8000000000001,20,0,0,20.311288643293665,1,11.17240590363599
wec,Le Mans 24 2026,lap_down,HYPERCAR,5,635952,HYPERCAR-11,5,5,390,86381.80498918916,37,2699.1607915010954,522.4000000000001,20,0,0,0.0,0,0.0
wec,Le Mans 24 2026,agent,HYPERCAR,5,635952,HYPERCAR-11,18,18,385,86288.29097658249,85,3891.0564944758994,467.20000000000005,19,-13,-5,93.51401260666898,48,-1191.895702974804
wec,Le Mans 24 2026,fuel_window,HYPERCAR,5,10752,HYPERCAR-07,9,9,381,86336.05225857157,36,2718.8010856626197,437.6,36,0,0,0.0,0,0.0
wec,Le Mans 24 2026,caution_gambler,HYPERCAR,5,10752,HYPERCAR-07,9,9,381,86373.85889278466,36,2702.5817536626196,464.8,36,0,0,-37.806634213091456,0,16.219332000000122
wec,Le Mans 24 2026,track_position,HYPERCAR,5,10752,HYPERCAR-07,9,9,381,86336.05225857157,36,2718.8010856626197,437.6,36,0,0,0.0,0,0.0
wec,Le Mans 24 2026,splash_and_dash,HYPERCAR,5,10752,HYPERCAR-07,8,8,381,86310.02473025957,37,2703.958551816283,429.6,36,1,0,26.02752831199905,1,14.842533846336664
wec,Le Mans 24 2026,lap_down,HYPERCAR,5,10752,HYPERCAR-07,9,9,381,86336.05225857157,36,2718.8010856626197,437.6,36,0,0,0.0,0,0.0
wec,Le Mans 24 2026,agent,HYPERCAR,5,10752,HYPERCAR-07,12,12,380,86240.3136722918,72,3587.5855537883367,513.6,36,-3,-1,95.73858627976733,36,-868.784468125717
wec,Le Mans 24 2026,fuel_window,HYPERCAR,5,474351,HYPERCAR-08,11,11,385,86287.80038233103,35,2503.399414803615,509.6,26,0,0,0.0,0,0.0
wec,Le Mans 24 2026,caution_gambler,HYPERCAR,5,474351,HYPERCAR-08,11,11,385,86287.80038233103,35,2503.399414803615,509.6,26,0,0,0.0,0,0.0
wec,Le Mans 24 2026,track_position,HYPERCAR,5,474351,HYPERCAR-08,2,2,386,86270.20809204792,35,2505.965764803615,518.4000000000001,26,9,1,17.592290283108014,0,-2.5663500000000568
wec,Le Mans 24 2026,splash_and_dash,HYPERCAR,5,474351,HYPERCAR-08,11,11,385,86277.3192430371,36,2493.795493427412,511.20000000000005,26,0,0,10.481139293930028,1,9.603921376202834
wec,Le Mans 24 2026,lap_down,HYPERCAR,5,474351,HYPERCAR-08,9,9,385,86237.35633067704,35,2505.965764803615,520.8000000000001,26,2,0,50.444051653990755,0,-2.5663500000000568
wec,Le Mans 24 2026,agent,HYPERCAR,5,474351,HYPERCAR-08,18,37,350,86163.31412885328,257,11139.793211751192,157.60000000000002,31,-7,-35,124.48625347774941,222,-8636.393796947577
wec,Le Mans 24 2026,fuel_window,HYPERCAR,5,138042,HYPERCAR-16,6,6,395,86314.50250998599,38,2766.2695429362675,528.8000000000001,9,0,0,0.0,0,0.0
wec,Le Mans 24 2026,caution_gambler,HYPERCAR,5,138042,HYPERCAR-16,6,6,395,86314.50250998599,38,2766.2695429362675,528.8000000000001,9,0,0,0.0,0,0.0
wec,Le Mans 24 2026,track_position,HYPERCAR,5,138042,HYPERCAR-16,6,6,395,86314.50250998599,38,2766.2695429362675,528.8000000000001,9,0,0,0.0,0,0.0
wec,Le Mans 24 2026,splash_and_dash,HYPERCAR,5,138042,HYPERCAR-16,5,5,395,86301.86983491795,39,2753.975750607864,532.0,9,1,0,12.6326750680455,1,12.29379232840347
wec,Le Mans 24 2026,lap_down,HYPERCAR,5,138042,HYPERCAR-16,6,6,395,86314.50250998599,38,2766.2695429362675,528.8000000000001,9,0,0,0.0,0,0.0
wec,Le Mans 24 2026,agent,HYPERCAR,5,138042,HYPERCAR-16,18,18,389,86214.31793685498,91,3985.6755643344914,459.20000000000005,10,-12,-6,100.1845731310168,53,-1219.4060213982239
wec,Le Mans 24 2026,fuel_window,HYPERCAR,5,109292,HYPERCAR-03,2,2,390,86494.40918479222,38,2688.952332152202,548.8000000000001,19,0,0,0.0,0,0.0
wec,Le Mans 24 2026,caution_gambler,HYPERCAR,5,109292,HYPERCAR-03,2,2,390,86448.42004051665,39,2701.75135449249,552.0,19,0,0,45.98914427557611,1,-12.799022340288047
wec,Le Mans 24 2026,track_position,HYPERCAR,5,109292,HYPERCAR-03,1,1,390,86482.49531277636,38,2669.448072152202,554.4000000000001,19,1,0,11.913872015866218,0,19.50426000000016
wec,Le Mans 24 2026,splash_and_dash,HYPERCAR,5,109292,HYPERCAR-03,2,2,390,86494.40918479222,38,2688.952332152202,548.8000000000001,19,0,0,0.0,0,0.0
wec,Le Mans 24 2026,lap_down,HYPERCAR,5,109292,HYPERCAR-03,2,2,390,86494.40918479222,38,2688.952332152202,548.8000000000001,19,0,0,0.0,0,0.0
wec,Le Mans 24 2026,agent,HYPERCAR,5,109292,HYPERCAR-03,10,10,389,86408.9998138177,56,3076.7180638601008,544.0,20,-8,-1,85.40937097452115,18,-387.7657317078988
wec,Le Mans 24 2026,fuel_window,HYPERCAR,5,888204,HYPERCAR-11,5,5,382,86199.85193353335,35,2381.5521099998496,536.0,36,0,0,0.0,0,0.0
wec,Le Mans 24 2026,caution_gambler,HYPERCAR,5,888204,HYPERCAR-11,8,8,382,86289.6160374141,37,2435.131325093439,539.2,34,-3,0,-89.76410388074873,2,-53.57921509358948
wec,Le Mans 24 2026,track_position,HYPERCAR,5,888204,HYPERCAR-11,3,3,383,86350.34054910588,35,2365.1274699998494,536.0,33,2,1,-150.4886155725253,0,16.42464000000018
wec,Le Mans 24 2026,splash_and_dash,HYPERCAR,5,888204,HYPERCAR-11,5,5,382,86179.36275729947,35,2353.755704779569,547.2,36,0,0,20.489176233881153,0,27.796405220280576
wec,Le Mans 24 2026,lap_down,HYPERCAR,5,888204,HYPERCAR-11,5,5,382,86199.85193353335,35,2381.5521099998496,536.0,36,0,0,0.0,0,0.0
wec,Le Mans 24 2026,agent,HYPERCAR,5,888204,HYPERCAR-11,15,15,380,86191.33118340142,69,3299.8603704312445,512.8000000000001,35,-10,-2,8.520750131938257,34,-918.308260431395
wec,Le Mans 24 2026,fuel_window,HYPERCAR,5,334633,HYPERCAR-09,11,11,385,86281.97980184873,36,2707.29969496452,464.00000000000006,28,0,0,0.0,0,0.0
wec,Le Mans 24 2026,caution_gambler,HYPERCAR,5,334633,HYPERCAR-09,6,6,386,86248.76375844648,36,2695.80244696452,439.20000000000005,27,5,1,33.21604340225167,0,11.497247999999672
wec,Le Mans 24 2026,track_position,HYPERCAR,5,334633,HYPERCAR-09,11,11,385,86281.97980184873,36,2707.29969496452,464.00000000000006,28,0,0,0.0,0,0.0
wec,Le Mans 24 2026,splash_and_dash,HYPERCAR,5,334633,HYPERCAR-09,11,11,385,86281.94905083126,37,2704.8539384127284,469.6,28,0,0,0.030751017475267872,1,2.445756551791419
wec,Le Mans 24 2026,lap_down,HYPERCAR,5,334633,HYPERCAR-09,11,11,385,86281.97980184873,36,2707.29969496452,464.00000000000006,28,0,0,0.0,0,0.0
wec,Le Mans 24 2026,agent,HYPERCAR,5,334633,HYPERCAR-09,18,18,381,86264.31799554195,76,3508.460542845491,486.40000000000003,29,-7,-4,17.661806306787184,40,-801.1608478809712
wec,Le Mans 24 2026,fuel_window,HYPERCAR,5,252961,HYPERCAR-08,13,13,376,86250.87049748043,34,2498.0257356517736,501.6,43,0,0,0.0,0,0.0
wec,Le Mans 24 2026,caution_gambler,HYPERCAR,5,252961,HYPERCAR-08,10,10,376,86180.4404166535,36,2542.4390559362373,477.6,43,3,0,70.43008082693268,2,-44.41332028446368
wec,Le Mans 24 2026,track_position,HYPERCAR,5,252961,HYPERCAR-08,11,11,376,86224.90781956124,34,2498.0257356517736,493.6,43,2,0,25.962677919189446,0,0.0
wec,Le Mans 24 2026,splash_and_dash,HYPERCAR,5,252961,HYPERCAR-08,8,8,376,86204.56165001399,34,2455.0863295551335,500.00000000000006,43,5,0,46.30884746644006,0,42.93940609664014
wec,Le Mans 24 2026,lap_down,HYPERCAR,5,252961,HYPERCAR-08,13,13,376,86250.87049748043,34,2498.0257356517736,501.6,43,0,0,0.0,0,0.0
wec,Le Mans 24 2026,agent,HYPERCAR,5,252961,HYPERCAR-08,18,18,374,86348.64906523291,87,3721.356458227491,460.8,43,-5,-2,-97.77856775248074,53,-1223.3307225757176
wec,Le Mans 24 2026,fuel_window,HYPERCAR,5,537635,HYPERCAR-01,5,5,389,86211.91043921662,36,2684.2270846974943,469.6,23,0,0,0.0,0,0.0
wec,Le Mans 24 2026,caution_gambler,HYPERCAR,5,537635,HYPERCAR-01,4,4,390,86378.17947224804,37,2719.4229413215203,512.8000000000001,24,1,1,-166.2690330314217,1,-35.195856624025964
wec,Le Mans 24 2026,track_position,HYPERCAR,5,537635,HYPERCAR-01,5,5,389,86211.91043921662,36,2684.2270846974943,469.6,23,0,0,0.0,0,0.0
wec,Le Mans 24 2026,splash_and_dash,HYPERCAR,5,537635,HYPERCAR-01,5,5,389,86176.27889014597,37,2667.275727714942,476.00000000000006,23,0,0,35.63154907064745,1,16.95135698255217
wec,Le Mans 24 2026,lap_down,HYPERCAR,5,537635,HYPERCAR-01,5,5,389,86226.34810257149,36,2686.7934346974944,481.6,23,0,0,-14.437663354867254,0,-2.5663500000000568
wec,Le Mans 24 2026,agent,HYPERCAR,5,537635,HYPERCAR-01,18,18,383,86196.78966681285,100,4154.968443994428,446.40000000000003,23,-13,-6,15.12077240376675,64,-1470.7413592969333
wec,Le Mans 24 2026,fuel_window,HYPERCAR,5,642373,HYPERCAR-12,11,11,381,86356.4411902088,36,2609.0927287773893,522.4000000000001,35,0,0,0.0,0,0.0
wec,Le Mans 24 2026,caution_gambler,HYPERCAR,5,642373,HYPERCAR-12,12,12,380,86202.27221216344,37,2667.488209648242,558.4000000000001,36,-1,-1,154.16897804535984,1,-58.39548087085268
wec,Le Mans 24 2026,track_position,HYPERCAR,5,642373,HYPERCAR-12,7,7,381,86272.30714907254,36,2592.5654347773893,575.2,35,4,0,84.13404113626166,0,16.527293999999983
wec,Le Mans 24 2026,splash_and_dash,HYPERCAR,5,642373,HYPERCAR-12,12,12,381,86368.23760916907,37,2622.8280304772584,524.0,35,-1,0,-11.796418960264418,1,-13.73530169986907
wec,Le Mans 24 2026,lap_down,HYPERCAR,5,642373,HYPERCAR-12,11,11,381,86356.4411902088,36,2609.0927287773893,522.4000000000001,35,0,0,0.0,0,0.0
wec,Le Mans 24 2026,agent,HYPERCAR,5,642373,HYPERCAR-12,18,18,380,86357.21692073319,58,2942.683226884322,584.8000000000001,35,-7,-1,-0.775730524386745,22,-333.5904981069325
wec,Le Mans 24 2026,fuel_window,HYPERCAR,5,544629,HYPERCAR-14,6,6,382,86236.33217710392,35,2585.9456879787167,512.8000000000001,33,0,0,0.0,0,0.0
wec,Le Mans 24 2026,caution_gambler,HYPERCAR,5,544629,HYPERCAR-14,2,2,382,86188.37799494393,38,2666.7233137082076,529.6,33,4,0,47.954182159985066,3,-80.77762572949086
wec,Le Mans 24 2026,track_position,HYPERCAR,5,544629,HYPERCAR-14,6,6,382,86236.33217710392,35,2585.9456879787167,512.8000000000001,33,0,0,0.0,0,0.0
wec,Le Mans 24 2026,splash_and_dash,HYPERCAR,5,544629,HYPERCAR-14,5,5,382,86211.13486589718,35,2555.4872595116335,521.6,33,1,0,25.19731120673532,0,30.458428467083195
wec,Le Mans 24 2026,lap_down,HYPERCAR,5,544629,HYPERCAR-14,6,6,382,86236.33217710392,35,2585.9456879787167,512.8000000000001,33,0,0,0.0,0,0.0
wec,Le Mans 24 2026,agent,HYPERCAR,5,544629,HYPERCAR-14,12,12,382,86384.84640822824,61,3070.41377015325,520.0,35,-6,0,-148.5142311243253,26,-484.46808217453327
wec,Le Mans 24 2026,fuel_window,HYPERCAR,5,69214,HYPERCAR-12,9,9,386,86281.83809061148,37,2703.976233586872,581.6,27,0,0,0.0,0,0.0
wec,Le Mans 24 2026,caution_gambler,HYPERCAR,5,69214,HYPERCAR-12,13,13,386,86366.77153828763,37,2688.783441586872,595.2,27,-4,0,-84.93344767615781,0,15.192791999999827
wec,Le Mans 24 2026,track_position,HYPERCAR,5,69214,HYPERCAR-12,9,9,386,86294.22667363299,36,2670.768906366803,594.4000000000001,27,0,0,-12.388583021514933,-1,33.20732722006869
wec,Le Mans 24 2026,splash_and_dash,HYPERCAR,5,69214,HYPERCAR-12,8,8,386,86238.23298529554,37,2661.7866813668034,581.6,27,1,0,43.60510531593172,0,42.189552220068435
wec,Le Mans 24 2026,lap_down,HYPERCAR,5,69214,HYPERCAR-12,9,9,386,86294.22667363299,36,2670.768906366803,594.4000000000001,27,0,0,-12.388583021514933,-1,33.20732722006869
wec,Le Mans 24 2026,agent,HYPERCAR,5,69214,HYPERCAR-12,13,13,385,86263.12767721189,64,3113.407900821281,612.8000000000001,26,-4,-1,18.710413399589015,27,-409.43166723440936
wec,Le Mans 24 2026,fuel_window,HYPERCAR,5,155639,HYPERCAR-17,4,4,387,86205.17818232902,37,2761.5022837604056,442.40000000000003,25,0,0,0.0,0,0.0
wec,Le Mans 24 2026,caution_gambler,HYPERCAR,5,155639,HYPERCAR-17,4,4,387,86327.62524736607,39,2822.0491472316694,496.00000000000006,25,0,0,-122.44706503704947,2,-60.546863471263805
wec,Le Mans 24 2026,track_position,HYPERCAR,5,155639,HYPERCAR-17,4,4,387,86205.17818232902,37,2761.5022837604056,442.40000000000003,25,0,0,0.0,0,0.0
wec,Le Mans 24 2026,splash_and_dash,HYPERCAR,5,155639,HYPERCAR-17,1,1,387,86189.3712993311,37,2744.5995882314533,442.40000000000003,25,3,0,15.806882997916546,0,16.902695528952336
wec,Le Mans 24 2026,lap_down,HYPERCAR,5,155639,HYPERCAR-17,4,4,387,86205.17818232902,37,2761.5022837604056,442.40000000000003,25,0,0,0.0,0,0.0
wec,Le Mans 24 2026,agent,HYPERCAR,5,155639,HYPERCAR-17,16,16,384,86220.8852319201,75,3634.9586690203864,409.6,27,-12,-3,-15.707049591073883,38,-873.4563852599808
wec,Le Mans 24 2026,fuel_window,HYPERCAR,5,411304,HYPERCAR-03,3,3,375,86268.15180141895,34,2380.3555027683483,480.8,48,0,0,0.0,0,0.0
wec,Le Mans 24 2026,caution_gambler,HYPERCAR,5,411304,HYPERCAR-03,5,5,375,86271.9523223108,35,2432.808213205393,432.00000000000006,50,-2,0,-3.8005208918475546,1,-52.452710437044516
wec,Le Mans 24 2026,track_position,HYPERCAR,5,411304,HYPERCAR-03,4,4,375,86302.15003107037,34,2423.675490768348,463.20000000000005,48,-1,0,-33.99822965142084,0,-43.31998799999974
wec,Le Mans 24 2026,splash_and_dash,HYPERCAR,5,411304,HYPERCAR-03,1,1,375,86224.64417905733,34,2340.534746857495,478.40000000000003,48,2,0,43.507622361619724,0,39.82075591085322
wec,Le Mans 24 2026,lap_down,HYPERCAR,5,411304,HYPERCAR-03,3,3,375,86268.15180141895,34,2380.3555027683483,480.8,48,0,0,0.0,0,0.0
wec,Le Mans 24 2026,agent,HYPERCAR,5,411304,HYPERCAR-03,18,37,348,86163.71615370663,234,9844.24481499608,176.8,55,-15,-27,104.43564771232195,200,-7463.889312227731
wec,Le Mans 24 2026,fuel_window,HYPERCAR,5,871344,HYPERCAR-15,1,1,389,86363.61212677047,37,2669.9353639024343,576.8000000000001,24,0,0,0.0,0,0.0
wec,Le Mans 24 2026,caution_gambler,HYPERCAR,5,871344,HYPERCAR-15,1,1,389,86363.89872159493,38,2706.619501433377,576.8000000000001,24,0,0,-0.28659482445800677,1,-36.684137530942735
wec,Le Mans 24 2026,track_position,HYPERCAR,5,871344,HYPERCAR-15,4,4,388,86201.63055675973,36,2615.676050500303,547.2,24,-3,-1,161.98157001074287,-1,54.25931340213128
wec,Le Mans 24 2026,splash_and_dash,HYPERCAR,5,871344,HYPERCAR-15,1,1,389,86363.1459344453,37,2653.7673589024344,576.8000000000001,24,0,0,0.46619232516968623,0,16.168004999999994
wec,Le Mans 24 2026,lap_down,HYPERCAR,5,871344,HYPERCAR-15,1,1,389,86363.61212677047,37,2669.9353639024343,576.8000000000001,24,0,0,0.0,0,0.0
wec,Le Mans 24 2026,agent,HYPERCAR,5,871344,HYPERCAR-15,6,6,388,86222.42545046998,59,3008.940268034439,578.4000000000001,24,-5,-1,141.18667630049458,22,-339.00490413200487
wec,Le Mans 24 2026,fuel_window,HYPERCAR,5,456975,HYPERCAR-13,5,5,381,86185.34170665422,36,2499.0275762256006,520.0,32,0,0,0.0,0,0.0
wec,Le Mans 24 2026,caution_gambler,HYPERCAR,5,456975,HYPERCAR-13,7,7,381,86203.40108060851,37,2500.0766033317486,504.00000000000006,33,-2,0,-18.05937395429646,1,-1.0490271061480598
wec,Le Mans 24 2026,track_position,HYPERCAR,5,456975,HYPERCAR-13,4,4,382,86293.6390537752,36,2499.0275762256006,496.00000000000006,32,1,1,-108.29734712098434,0,0.0
wec,Le Mans 24 2026,splash_and_dash,HYPERCAR,5,456975,HYPERCAR-13,5,5,382,86380.47200793211,37,2485.713386133456,523.2,32,0,1,-195.13030127789534,1,13.3141900921446
wec,Le Mans 24 2026,lap_down,HYPERCAR,5,456975,HYPERCAR-13,5,5,381,86185.34170665422,36,2499.0275762256006,520.0,32,0,0,0.0,0,0.0
wec,Le Mans 24 2026,agent,HYPERCAR,5,456975,HYPERCAR-13,10,10,381,86169.18348326893,48,2717.1672423221494,536.0,32,-5,0,16.158223385282326,12,-218.1396660965488
wec,Le Mans 24 2026,fuel_window,HYPERCAR,5,390530,HYPERCAR-13,6,6,385,86364.32091190478,37,2525.7902494930427,528.0,28,0,0,0.0,0,0.0
wec,Le Mans 24 2026,caution_gambler,HYPERCAR,5,390530,HYPERCAR-13,3,3,385,86238.81835795102,38,2549.0509403347287,539.2,28,3,0,125.50255395376007,1,-23.260690841686028
wec,Le Mans 24 2026,track_position,HYPERCAR,5,390530,HYPERCAR-13,1,1,386,86361.62506954407,36,2450.4486564352,598.4000000000001,27,5,1,2.6958423607138684,-1,75.3415930578426
wec,Le Mans 24 2026,splash_and_dash,HYPERCAR,5,390530,HYPERCAR-13,6,6,385,86337.3116642296,38,2503.304331461637,525.6,28,0,0,27.009247675188817,1,22.485918031405618
wec,Le Mans 24 2026,lap_down,HYPERCAR,5,390530,HYPERCAR-13,6,6,385,86364.32091190478,37,2525.7902494930427,528.0,28,0,0,0.0,0,0.0
wec,Le Mans 24 2026,agent,HYPERCAR,5,390530,HYPERCAR-13,14,14,383,86263.95601704081,61,2978.6943188333535,512.8000000000001,28,-8,-2,100.36489486397477,24,-452.9040693403108
wec,Le Mans 24 2026,fuel_window,HYPERCAR,5,140038,HYPERCAR-02,3,3,382,86215.1549839458,35,2546.7078716380365,522.4000000000001,33,0,0,0.0,0,0.0
wec,Le Mans 24 2026,caution_gambler,HYPERCAR,5,140038,HYPERCAR-02,11,11,382,86243.51455230896,35,2458.4254316380366,508.00000000000006,36,-8,0,-28.35956836315745,0,88.28243999999995
wec,Le Mans 24 2026,track_position,HYPERCAR,5,140038,HYPERCAR-02,15,15,381,86202.3243119218,34,2496.3642766838066,547.2,35,-12,-1,12.830672024007072,-1,50.34359495422996
wec,Le Mans 24 2026,splash_and_dash,HYPERCAR,5,140038,HYPERCAR-02,2,2,382,86167.95156940151,36,2520.9676351896046,521.6,33,1,0,47.203414544288535,1,25.740236448431915
wec,Le Mans 24 2026,lap_down,HYPERCAR,5,140038,HYPERCAR-02,3,3,382,86215.1549839458,35,2546.7078716380365,522.4000000000001,33,0,0,0.0,0,0.0
wec,Le Mans 24 2026,agent,HYPERCAR,5,140038,HYPERCAR-02,17,17,381,86257.2067142887,50,2731.336816521283,561.6,33,-14,-1,-42.05173034289328,15,-184.62894488324628
wec,Le Mans 24 2026,fuel_window,HYPERCAR,5,284319,HYPERCAR-13,5,5,391,86217.24917057742,37,2558.8270272886125,564.0,17,0,0,0.0,0,0.0
wec,Le Mans 24 2026,caution_gambler,HYPERCAR,5,284319,HYPERCAR-13,5,5,391,86217.24917057742,37,2558.8270272886125,564.0,17,0,0,0.0,0,0.0
wec,Le Mans 24 2026,track_position,HYPERCAR,5,284319,HYPERCAR-13,7,7,391,86242.93367535895,36,2528.108543018262,565.6,17,-2,0,-25.68450478152954,-1,30.718484270350473
wec,Le Mans 24 2026,splash_and_dash,HYPERCAR,5,284319,HYPERCAR-13,3,3,391,86183.755942859,37,2526.1187940358577,566.4000000000001,17,2,0,33.49322771841253,0,32.70823325275478
wec,Le Mans 24 2026,lap_down,HYPERCAR,5,284319,HYPERCAR-13,5,5,391,86217.24917057742,37,2558.8270272886125,564.0,17,0,0,0.0,0,0.0
wec,Le Mans 24 2026,agent,HYPERCAR,5,284319,HYPERCAR-13,18,18,388,86269.11603212325,68,3291.587558513259,593.6,19,-13,-3,-51.866861545830034,31,-732.7605312246465
wec,Le Mans 24 2026,fuel_window,HYPERCAR,5,211862,HYPERCAR-01,9,9,389,86216.70146828674,37,2653.4645058925967,532.8000000000001,20,0,0,0.0,0,0.0
wec,Le Mans 24 2026,caution_gambler,HYPERCAR,5,211862,HYPERCAR-01,9,9,389,86216.70146828674,37,2653.4645058925967,532.8000000000001,20,0,0,0.0,0,0.0
wec,Le Mans 24 2026,track_position,HYPERCAR,5,211862,HYPERCAR-01,5,5,390,86236.07023083368,36,2611.2029241116734,537.6,21,4,1,-19.368762546931976,-1,42.26158178092328
wec,Le Mans 24 2026,splash_and_dash,HYPERCAR,5,211862,HYPERCAR-01,8,8,389,86184.66030733922,37,2620.6083394107445,536.8000000000001,20,1,0,32.041160947526805,0,32.85616648185214
wec,Le Mans 24 2026,lap_down,HYPERCAR,5,211862,HYPERCAR-01,9,9,389,86216.70146828674,37,2653.4645058925967,532.8000000000001,20,0,0,0.0,0,0.0
wec,Le Mans 24 2026,agent,HYPERCAR,5,211862,HYPERCAR-01,18,18,383,86277.71404291558,109,4166.42450197046,444.8,19,-9,-6,-61.0125746288395,72,-1512.9599960778637
wec,Le Mans 24 2026,fuel_window,HYPERCAR,5,227254,HYPERCAR-18,16,16,384,86386.56163245002,35,2686.6894600224537,439.20000000000005,31,0,0,0.0,0,0.0
wec,Le Mans 24 2026,caution_gambler,HYPERCAR,5,227254,HYPERCAR-18,1,1,385,86323.51531105695,36,2717.3116926675934,416.00000000000006,29,15,1,63.04632139306341,1,-30.622232645139775
wec,Le Mans 24 2026,track_position,HYPERCAR,5,227254,HYPERCAR-18,16,16,384,86386.56163245002,35,2686.6894600224537,439.20000000000005,31,0,0,0.0,0,0.0
wec,Le Mans 24 2026,splash_and_dash,HYPERCAR,5,227254,HYPERCAR-18,8,8,384,86234.08493591657,35,2652.201348488415,448.00000000000006,30,8,0,152.476696533442,0,34.48811153403858
wec,Le Mans 24 2026,lap_down,HYPERCAR,5,227254,HYPERCAR-18,16,16,384,86386.56163245002,35,2686.6894600224537,439.20000000000005,31,0,0,0.0,0,0.0
wec,Le Mans 24 2026,agent,HYPERCAR,5,227254,HYPERCAR-18,17,17,383,86309.90769557691,70,3416.300531913404,434.40000000000003,30,-1,-1,76.6539368731028,35,-729.6110718909504
wec,Le Mans 24 2026,fuel_window,HYPERCAR,5,132907,HYPERCAR-06,7,7,385,86280.41658958783,36,2625.500942540964,488.00000000000006,29,0,0,0.0,0,0.0
wec,Le Mans 24 2026,caution_gambler,HYPERCAR,5,132907,HYPERCAR-06,7,7,385,86250.96840372396,36,2555.285606540964,504.8,29,0,0,29.448185863861,0,70.21533599999975
wec,Le Mans 24 2026,track_position,HYPERCAR,5,132907,HYPERCAR-06,4,4,386,86314.45787860171,35,2580.6727307450133,492.8,30,3,1,-34.041289013883215,-1,44.828211795950665
wec,Le Mans 24 2026,splash_and_dash,HYPERCAR,5,132907,HYPERCAR-06,6,6,385,86203.79183001419,36,2550.6906705936344,490.40000000000003,29,1,0,76.62475957363495,0,74.81027194732951
wec,Le Mans 24 2026,lap_down,HYPERCAR,5,132907,HYPERCAR-06,7,7,385,86280.17908958782,36,2625.500942540964,487.20000000000005,29,0,0,0.23750000000291038,0,0.0
wec,Le Mans 24 2026,agent,HYPERCAR,5,132907,HYPERCAR-06,18,18,383,86202.72822365073,67,3305.603818588264,495.20000000000005,28,-11,-2,77.6883659370942,31,-680.1028760473
wec,Le Mans 24 2026,fuel_window,HYPERCAR,5,467069,HYPERCAR-14,6,6,393,86292.05760159719,38,2722.083507044031,508.8,16,0,0,0.0,0,0.0
wec,Le Mans 24 2026,caution_gambler,HYPERCAR,5,467069,HYPERCAR-14,6,6,393,86292.05760159719,38,2722.083507044031,508.8,16,0,0,0.0,0,0.0
wec,Le Mans 24 2026,track_position,HYPERCAR,5,467069,HYPERCAR-14,3,3,393,86251.0620628024,38,2721.8781990440316,518.4000000000001,16,3,0,40.99553879478481,0,0.20530799999960436
wec,Le Mans 24 2026,splash_and_dash,HYPERCAR,5,467069,HYPERCAR-14,5,5,393,86270.65730586811,38,2684.7866377411674,513.6,16,1,0,21.400295729079517,0,37.2968693028638
wec,Le Mans 24 2026,lap_down,HYPERCAR,5,467069,HYPERCAR-14,6,6,393,86292.05760159719,38,2722.083507044031,508.8,16,0,0,0.0,0,0.0
wec,Le Mans 24 2026,agent,HYPERCAR,5,467069,HYPERCAR-14,18,62,344,86370.13850631533,301,13659.263263326464,96.80000000000001,19,-12,-49,-78.08090471813921,263,-10937.179756282432
wec,Le Mans 24 2026,fuel_window,HYPERCAR,5,704150,HYPERCAR-08,8,8,393,86327.28143237797,37,2641.102140625237,559.2,13,0,0,0.0,0,0.0
wec,Le Mans 24 2026,caution_gambler,HYPERCAR,5,704150,HYPERCAR-08,8,8,393,86327.28143237797,37,2641.102140625237,559.2,13,0,0,0.0,0,0.0
wec,Le Mans 24 2026,track_position,HYPERCAR,5,704150,HYPERCAR-08,8,8,393,86327.28143237797,37,2641.102140625237,559.2,13,0,0,0.0,0,0.0
wec,Le Mans 24 2026,splash_and_dash,HYPERCAR,5,704150,HYPERCAR-08,7,7,393,86314.0896443971,38,2629.0492353839727,561.6,13,1,0,13.191787980875233,1,12.052905241264398
wec,Le Mans 24 2026,lap_down,HYPERCAR,5,704150,HYPERCAR-08,8,8,393,86327.28143237797,37,2641.102140625237,559.2,13,0,0,0.0,0,0.0
wec,Le Mans 24 2026,agent,HYPERCAR,5,704150,HYPERCAR-08,18,18,387,86258.70508007568,100,4069.981605010759,552.0,12,-10,-6,68.57635230229062,63,-1428.8794643855217
wec,Le Mans 24 2026,fuel_window,HYPERCAR,5,602235,HYPERCAR-13,2,2,385,86413.49256230902,36,2525.589276969475,500.8,33,0,0,0.0,0,0.0
wec,Le Mans 24 2026,caution_gambler,HYPERCAR,5,602235,HYPERCAR-13,2,2,385,86413.50797550699,37,2575.420351782296,500.8,33,0,0,-0.015413197965244763,1,-49.83107481282104
wec,Le Mans 24 2026,track_position,HYPERCAR,5,602235,HYPERCAR-13,2,2,385,86413.4941661305,36,2525.589276969475,501.6,33,0,0,-0.0016038214816944674,0,0.0
wec,Le Mans 24 2026,splash_and_dash,HYPERCAR,5,602235,HYPERCAR-13,2,2,385,86413.46098417426,36,2509.421271969475,500.8,33,0,0,0.031578134759911336,0,16.168004999999994
wec,Le Mans 24 2026,lap_down,HYPERCAR,5,602235,HYPERCAR-13,2,2,385,86413.49256230902,36,2525.589276969475,500.8,33,0,0,0.0,0,0.0
wec,Le Mans 24 2026,agent,HYPERCAR,5,602235,HYPERCAR-13,18,18,383,86422.85471004448,83,3644.395666759651,462.40000000000003,36,-16,-2,-9.362147735460894,47,-1118.8063897901757
wec,Le Mans 24 2026,fuel_window,HYPERCAR,5,413018,HYPERCAR-15,4,4,395,86369.88803808563,38,2634.3778541726474,528.8000000000001,11,0,0,0.0,0,0.0
wec,Le Mans 24 2026,caution_gambler,HYPERCAR,5,413018,HYPERCAR-15,4,4,395,86369.51506747324,39,2696.570994868998,492.8,11,0,0,0.372970612384961,1,-62.19314069635038
wec,Le Mans 24 2026,track_position,HYPERCAR,5,413018,HYPERCAR-15,4,4,395,86369.88803808563,38,2634.3778541726474,528.8000000000001,11,0,0,0.0,0,0.0
wec,Le Mans 24 2026,splash_and_dash,HYPERCAR,5,413018,HYPERCAR-15,4,4,394,86127.93592338197,39,2653.508328825582,531.2,11,0,-1,241.95211470365757,1,-19.13047465293448
wec,Le Mans 24 2026,lap_down,HYPERCAR,5,413018,HYPERCAR-15,4,4,395,86369.88803808563,38,2634.3778541726474,528.8000000000001,11,0,0,0.0,0,0.0
wec,Le Mans 24 2026,agent,HYPERCAR,5,413018,HYPERCAR-15,18,18,380,86308.66263962972,144,5786.552657453112,358.40000000000003,11,-14,-15,61.22539845590654,106,-3152.174803280465
wec,Le Mans 24 2026,fuel_window,HYPERCAR,5,462886,HYPERCAR-05,8,8,398,86356.7103632464,39,2761.5620050752536,603.2,1,0,0,0.0,0,0.0
wec,Le Mans 24 2026,caution_gambler,HYPERCAR,5,462886,HYPERCAR-05,8,8,398,86356.7103632464,39,2761.5620050752536,603.2,1,0,0,0.0,0,0.0
wec,Le Mans 24 2026,track_position,HYPERCAR,5,462886,HYPERCAR-05,8,8,398,86356.45298995622,39,2761.5620050752536,603.2,1,0,0,0.25737329018011224,0,0.0
wec,Le Mans 24 2026,splash_and_dash,HYPERCAR,5,462886,HYPERCAR-05,6,6,398,86343.51728794652,40,2751.5539242410637,603.2,1,2,0,13.193075299874181,1,10.008080834189968
wec,Le Mans 24 2026,lap_down,HYPERCAR,5,462886,HYPERCAR-05,8,8,398,86356.45298995622,39,2761.5620050752536,603.2,1,0,0,0.25737329018011224,0,0.0
wec,Le Mans 24 2026,agent,HYPERCAR,5,462886,HYPERCAR-05,18,18,395,86257.80687007948,67,3354.1433622706168,555.2,1,-10,-3,98.90349316691572,28,-592.5813571953631
wec,Le Mans 24 2026,fuel_window,HYPERCAR,5,846466,HYPERCAR-09,3,3,376,86206.47320104601,34,2223.0495760601852,493.6,45,0,0,0.0,0,0.0
wec,Le Mans 24 2026,caution_gambler,HYPERCAR,5,846466,HYPERCAR-09,3,3,376,86192.06395524912,36,2273.5896158321043,501.6,45,0,0,14.409245796894538,2,-50.540039771919055
wec,Le Mans 24 2026,track_position,HYPERCAR,5,846466,HYPERCAR-09,5,5,376,86306.06752247036,35,2270.9042553674963,480.00000000000006,46,-2,0,-99.59432142434525,1,-47.85467930731102
wec,Le Mans 24 2026,splash_and_dash,HYPERCAR,5,846466,HYPERCAR-09,2,2,376,86172.62455370705,35,2211.987436460852,493.6,45,1,0,33.84864733896393,1,11.062139599333022
wec,Le Mans 24 2026,lap_down,HYPERCAR,5,846466,HYPERCAR-09,3,3,376,86206.47320104601,34,2223.0495760601852,493.6,45,0,0,0.0,0,0.0
wec,Le Mans 24 2026,agent,HYPERCAR,5,846466,HYPERCAR-09,17,17,375,86316.17606073723,79,3367.8492126370147,452.00000000000006,46,-14,-1,-109.70285969121323,45,-1144.7996365768295
wec,Le Mans 24 2026,fuel_window,HYPERCAR,5,141555,HYPERCAR-05,7,7,378,86152.94793470229,35,2736.8781501175013,445.6,45,0,0,0.0,0,0.0
wec,Le Mans 24 2026,caution_gambler,HYPERCAR,5,141555,HYPERCAR-05,9,9,378,86222.79677219439,35,2666.5601601175013,424.8,44,-2,0,-69.84883749209985,0,70.31799000000001
wec,Le Mans 24 2026,track_position,HYPERCAR,5,141555,HYPERCAR-05,13,13,377,86160.55053038131,35,2733.2852601175014,512.0,46,-6,-1,-7.602595679025399,0,3.5928899999998976
wec,Le Mans 24 2026,splash_and_dash,HYPERCAR,5,141555,HYPERCAR-05,7,7,378,86143.59056519644,35,2655.137224783409,467.20000000000005,45,0,0,9.357369505843963,0,81.74092533409248
wec,Le Mans 24 2026,lap_down,HYPERCAR,5,141555,HYPERCAR-05,7,7,378,86152.94793470229,35,2736.8781501175013,445.6,45,0,0,0.0,0,0.0
wec,Le Mans 24 2026,agent,HYPERCAR,5,141555,HYPERCAR-05,16,16,376,86271.07659024403,80,3698.8312148861205,403.20000000000005,46,-9,-2,-118.12865554174641,45,-961.9530647686192
wec,Le Mans 24 2026,fuel_window,HYPERCAR,5,412,HYPERCAR-03,6,6,388,86201.64229931895,36,2627.0782556324407,540.8000000000001,23,0,0,0.0,0,0.0
wec,Le Mans 24 2026,caution_gambler,HYPERCAR,5,412,HYPERCAR-03,6,6,388,86200.05459004693,36,2606.6501096324405,566.4000000000001,23,0,0,1.587709272018401,0,20.428146000000197
wec,Le Mans 24 2026,track_position,HYPERCAR,5,412,HYPERCAR-03,4,4,389,86342.42758188804,36,2627.0782556324407,512.8000000000001,23,2,1,-140.7852825690934,0,0.0
wec,Le Mans 24 2026,splash_and_dash,HYPERCAR,5,412,HYPERCAR-03,6,6,388,86169.60612941298,37,2613.474705192162,544.8000000000001,23,0,0,32.0361699059722,1,13.603550440278468
wec,Le Mans 24 2026,lap_down,HYPERCAR,5,412,HYPERCAR-03,6,6,388,86204.74804663674,36,2627.0782556324407,544.0,23,0,0,-3.10574731779343,0,0.0
wec,Le Mans 24 2026,agent,HYPERCAR,5,412,HYPERCAR-03,15,15,386,86295.81004082161,63,3067.992681037134,563.2,22,-9,-2,-94.16774150266428,27,-440.91442540469325
wec,Le Mans 24 2026,fuel_window,HYPERCAR,5,389039,HYPERCAR-05,3,3,382,86191.60795620346,35,2450.5099644714874,490.40000000000003,34,0,0,0.0,0,0.0
wec,Le Mans 24 2026,caution_gambler,HYPERCAR,5,389039,HYPERCAR-05,4,4,382,86375.32966883514,38,2595.5611556527556,470.40000000000003,33,-1,0,-183.72171263168275,3,-145.05119118126822
wec,Le Mans 24 2026,track_position,HYPERCAR,5,389039,HYPERCAR-05,8,8,382,86384.8145650909,35,2446.9170744714875,500.8,35,-5,0,-193.2066088874417,0,3.5928899999998976
wec,Le Mans 24 2026,splash_and_dash,HYPERCAR,5,389039,HYPERCAR-05,2,2,382,86151.61388991572,36,2447.723205482285,490.40000000000003,34,1,0,39.99406628773431,1,2.7867589892025535
wec,Le Mans 24 2026,lap_down,HYPERCAR,5,389039,HYPERCAR-05,3,3,382,86191.60795620346,35,2450.5099644714874,490.40000000000003,34,0,0,0.0,0,0.0
wec,Le Mans 24 2026,agent,HYPERCAR,5,389039,HYPERCAR-05,15,15,381,86335.25883600682,58,2995.5685448402983,524.0,34,-12,-1,-143.65087980336102,23,-545.0585803688109
wec,Le Mans 24 2026,fuel_window,HYPERCAR,5,347556,HYPERCAR-02,6,6,389,86185.20317405465,38,2637.7553113313074,548.0,16,0,0,0.0,0,0.0
wec,Le Mans 24 2026,caution_gambler,HYPERCAR,5,347556,HYPERCAR-02,6,6,389,86185.20317405465,38,2637.7553113313074,548.0,16,0,0,0.0,0,0.0
wec,Le Mans 24 2026,track_position,HYPERCAR,5,347556,HYPERCAR-02,8,8,390,86338.24545743449,38,2618.2510513313073,517.6,16,-2,1,-153.0422833798366,0,19.50426000000016
wec,Le Mans 24 2026,splash_and_dash,HYPERCAR,5,347556,HYPERCAR-02,5,5,390,86371.10967198199,39,2622.474070832497,544.0,16,1,1,-185.90649792733893,1,15.281240498810348
wec,Le Mans 24 2026,lap_down,HYPERCAR,5,347556,HYPERCAR-02,5,5,390,86379.27791362394,38,2640.3216613313075,531.2,16,1,1,-194.0747395692888,0,-2.5663500000000568
wec,Le Mans 24 2026,agent,HYPERCAR,5,347556,HYPERCAR-02,18,47,347,86349.21017066928,298,12892.81601006878,71.2,20,-12,-42,-164.00699661462568,260,-10255.060698737472
wec,Le Mans 24 2026,fuel_window,HYPERCAR,5,938760,HYPERCAR-09,1,1,395,86400.9247614018,39,2764.4329616831924,528.0,11,0,0,0.0,0,0.0
wec,Le Mans 24 2026,caution_gambler,HYPERCAR,5,938760,HYPERCAR-09,1,1,395,86400.9247614018,39,2764.4329616831924,528.0,11,0,0,0.0,0,0.0
wec,Le Mans 24 2026,track_position,HYPERCAR,5,938760,HYPERCAR-09,1,1,395,86429.40577205205,39,2764.4329616831924,500.8,11,0,0,-28.481010650255485,0,0.0
wec,Le Mans 24 2026,splash_and_dash,HYPERCAR,5,938760,HYPERCAR-09,1,1,395,86400.9247614018,39,2764.4329616831924,528.0,11,0,0,0.0,0,0.0
wec,Le Mans 24 2026,lap_down,HYPERCAR,5,938760,HYPERCAR-09,1,1,395,86400.9247614018,39,2764.4329616831924,528.0,11,0,0,0.0,0,0.0
wec,Le Mans 24 2026,agent,HYPERCAR,5,938760,HYPERCAR-09,18,37,359,86419.40912868406,250,10932.59139535373,204.0,14,-17,-36,-18.48436728226079,211,-8168.158433670536
wec,Le Mans 24 2026,fuel_window,HYPERCAR,5,722912,HYPERCAR-08,7,7,381,86240.30910830665,35,2515.594827131871,484.00000000000006,36,0,0,0.0,0,0.0
wec,Le Mans 24 2026,caution_gambler,HYPERCAR,5,722912,HYPERCAR-08,5,5,381,86208.70220900903,36,2576.487869770127,469.6,34,2,0,31.606899297621567,1,-60.89304263825579
wec,Le Mans 24 2026,track_position,HYPERCAR,5,722912,HYPERCAR-08,5,5,382,86259.51335656267,35,2516.929329131871,467.20000000000005,37,2,1,-19.204248256020946,0,-1.334501999999702
wec,Le Mans 24 2026,splash_and_dash,HYPERCAR,5,722912,HYPERCAR-08,4,4,381,86201.5424305809,35,2485.1670321457354,479.20000000000005,36,3,0,38.76667772575456,0,30.427794986135723
wec,Le Mans 24 2026,lap_down,HYPERCAR,5,722912,HYPERCAR-08,7,7,381,86240.30910830665,35,2515.594827131871,484.00000000000006,36,0,0,0.0,0,0.0
wec,Le Mans 24 2026,agent,HYPERCAR,5,722912,HYPERCAR-08,14,14,380,86176.2073468268,57,2930.052246303681,499.20000000000005,36,-7,-1,64.10176147984748,22,-414.45741917180976
wec,Le Mans 24 2026,fuel_window,HYPERCAR,5,341540,HYPERCAR-01,6,6,383,86276.18676962795,35,2462.791416553891,475.20000000000005,35,0,0,0.0,0,0.0
wec,Le Mans 24 2026,caution_gambler,HYPERCAR,5,341540,HYPERCAR-01,2,2,384,86312.40004039709,36,2486.8768727613965,484.00000000000006,32,4,1,-36.2132707691344,1,-24.08545620750556
wec,Le Mans 24 2026,track_position,HYPERCAR,5,341540,HYPERCAR-01,6,6,383,86209.8126275267,35,2486.709798553891,452.8,33,0,0,66.3741421012528,0,-23.918381999999838
wec,Le Mans 24 2026,splash_and_dash,HYPERCAR,5,341540,HYPERCAR-01,6,6,383,86235.47885433007,35,2422.0277409969076,476.8,35,0,0,40.70791529788403,0,40.763675556983344
wec,Le Mans 24 2026,lap_down,HYPERCAR,5,341540,HYPERCAR-01,6,6,383,86276.18676962795,35,2462.791416553891,475.20000000000005,35,0,0,0.0,0,0.0
wec,Le Mans 24 2026,agent,HYPERCAR,5,341540,HYPERCAR-01,18,18,380,86350.22598500428,69,3406.885436320712,454.40000000000003,34,-12,-3,-74.03921537632414,34,-944.094019766821
wec,Le Mans 24 2026,fuel_window,HYPERCAR,5,42200,HYPERCAR-15,8,8,386,86383.85382343011,36,2498.577231600044,456.8,28,0,0,0.0,0,0.0
wec,Le Mans 24 2026,caution_gambler,HYPERCAR,5,42200,HYPERCAR-15,4,4,386,86268.8312743747,36,2482.049937600044,501.6,28,4,0,115.02254905541486,0,16.527293999999983
wec,Le Mans 24 2026,track_position,HYPERCAR,5,42200,HYPERCAR-15,7,7,385,86355.61630941376,36,2483.281785600044,565.6,26,1,-1,28.23751401634945,0,15.295446000000084
wec,Le Mans 24 2026,splash_and_dash,HYPERCAR,5,42200,HYPERCAR-15,7,7,386,86361.24856281141,37,2475.65883743213,458.40000000000003,28,1,0,22.605260618700413,1,22.918394167913902
wec,Le Mans 24 2026,lap_down,HYPERCAR,5,42200,HYPERCAR-15,8,8,386,86383.85382343011,36,2498.577231600044,456.8,28,0,0,0.0,0,0.0
wec,Le Mans 24 2026,agent,HYPERCAR,5,42200,HYPERCAR-15,18,37,350,86220.66041229083,244,10754.756817131563,208.8,30,-10,-36,163.19341113927658,208,-8256.17958553152
wec,Le Mans 24 2026,fuel_window,HYPERCAR,5,685256,HYPERCAR-14,11,11,395,86187.9847939494,38,2811.847501796463,544.0,7,0,0,0.0,0,0.0
wec,Le Mans 24 2026,caution_gambler,HYPERCAR,5,685256,HYPERCAR-14,11,11,395,86187.9847939494,38,2811.847501796463,544.0,7,0,0,0.0,0,0.0
wec,Le Mans 24 2026,track_position,HYPERCAR,5,685256,HYPERCAR-14,10,10,395,86287.93709461048,37,2762.9892005284664,556.8000000000001,7,1,0,-99.95230066106888,-1,48.85830126799647
wec,Le Mans 24 2026,splash_and_dash,HYPERCAR,5,685256,HYPERCAR-14,9,9,396,86372.57101787039,39,2796.2122706049495,537.6,7,2,1,-184.58622392098187,1,15.635231191513412
wec,Le Mans 24 2026,lap_down,HYPERCAR,5,685256,HYPERCAR-14,11,11,395,86187.9847939494,38,2811.847501796463,544.0,7,0,0,0.0,0,0.0
wec,Le Mans 24 2026,agent,HYPERCAR,5,685256,HYPERCAR-14,18,18,392,86167.58757308693,69,3419.2561366841255,544.0,6,-7,-3,20.397220862476388,31,-607.4086348876626
wec,Le Mans 24 2026,fuel_window,HYPERCAR,5,361622,HYPERCAR-15,4,4,391,86288.77462543354,36,2510.0818082061505,612.8000000000001,15,0,0,0.0,0,0.0
wec,Le Mans 24 2026,caution_gambler,HYPERCAR,5,361622,HYPERCAR-15,5,5,390,86189.52586854869,37,2543.216541142121,599.2,16,-1,-1,99.24875688484462,1,-33.13473293597053
wec,Le Mans 24 2026,track_position,HYPERCAR,5,361622,HYPERCAR-15,5,5,391,86273.38179948494,36,2512.6481582061506,580.0,15,-1,0,15.392825948598329,0,-2.5663500000000568
wec,Le Mans 24 2026,splash_and_dash,HYPERCAR,5,361622,HYPERCAR-15,4,4,391,86274.63226584639,37,2504.6322196325937,608.0,15,0,0,14.14235958714562,1,5.449588573556866
wec,Le Mans 24 2026,lap_down,HYPERCAR,5,361622,HYPERCAR-15,4,4,391,86288.77462543354,36,2510.0818082061505,612.8000000000001,15,0,0,0.0,0,0.0
wec,Le Mans 24 2026,agent,HYPERCAR,5,361622,HYPERCAR-15,16,16,388,86159.62504363662,68,3343.4465545287057,484.8,16,-12,-3,129.14958179691166,32,-833.3647463225552
wec,Le Mans 24 2026,fuel_window,HYPERCAR,5,25263,HYPERCAR-17,3,3,378,86177.77504662314,35,2523.8859807535932,464.00000000000006,40,0,0,0.0,0,0.0
wec,Le Mans 24 2026,caution_gambler,HYPERCAR,5,25263,HYPERCAR-17,5,5,378,86336.13201322849,35,2506.8454167535933,450.40000000000003,39,-2,0,-158.35696660535177,0,17.040563999999904
wec,Le Mans 24 2026,track_position,HYPERCAR,5,25263,HYPERCAR-17,5,5,378,86214.9535104913,34,2446.125182697209,491.20000000000005,39,-2,0,-37.17846386815654,-1,77.76079805638437
wec,Le Mans 24 2026,splash_and_dash,HYPERCAR,5,25263,HYPERCAR-17,3,3,379,86383.30461843018,36,2524.8494318470507,464.00000000000006,40,0,1,-205.52957180704107,1,-0.9634510934574791
wec,Le Mans 24 2026,lap_down,HYPERCAR,5,25263,HYPERCAR-17,3,3,378,86177.77504662314,35,2523.8859807535932,464.00000000000006,40,0,0,0.0,0,0.0
wec,Le Mans 24 2026,agent,HYPERCAR,5,25263,HYPERCAR-17,18,18,371,86187.58657743684,111,4487.38121863121,355.20000000000005,41,-15,-7,-9.811530813705758,76,-1963.4952378776165
